  [1m[35m (5.2ms)[0m  [1m[35mCREATE TABLE "schema_migrations" ("version" varchar NOT NULL PRIMARY KEY)[0m
  [1m[35m (1.5ms)[0m  [1m[35mCREATE TABLE "ar_internal_metadata" ("key" varchar NOT NULL PRIMARY KEY, "value" varchar, "created_at" datetime(6) NOT NULL, "updated_at" datetime(6) NOT NULL)[0m
  [1m[36mActiveRecord::SchemaMigration Pluck (0.1ms)[0m  [1m[34mSELECT "schema_migrations"."version" FROM "schema_migrations" ORDER BY "schema_migrations"."version" ASC[0m
Migrating to CreateAccountingModels (20260509000100)
  [1m[36mTRANSACTION (0.0ms)[0m  [1m[36mbegin transaction[0m
  [1m[35m (0.2ms)[0m  [1m[35mCREATE TABLE "accounts" ("id" integer PRIMARY KEY AUTOINCREMENT NOT NULL, "name" varchar NOT NULL, "kind" integer NOT NULL, "balance_cents" integer DEFAULT 0 NOT NULL, "created_at" datetime(6) NOT NULL, "updated_at" datetime(6) NOT NULL)[0m
  [1m[35m (0.1ms)[0m  [1m[35mCREATE TABLE "transactions" ("id" integer PRIMARY KEY AUTOINCREMENT NOT NULL, "transacted_on" date NOT NULL, "description" varchar NOT NULL, "debit_account_id" integer NOT NULL, "credit_account_id" integer NOT NULL, "amount_cents" integer NOT NULL, "created_at" datetime(6) NOT NULL, "updated_at" datetime(6) NOT NULL, CONSTRAINT "fk_rails_1c7be08dc2"
FOREIGN KEY ("debit_account_id")
  REFERENCES "accounts" ("id")
, CONSTRAINT "fk_rails_19cc35efd9"
FOREIGN KEY ("credit_account_id")
  REFERENCES "accounts" ("id")
)[0m
  [1m[35m (0.1ms)[0m  [1m[35mCREATE INDEX "index_transactions_on_debit_account_id" ON "transactions" ("debit_account_id")[0m
  [1m[35m (0.1ms)[0m  [1m[35mCREATE INDEX "index_transactions_on_credit_account_id" ON "transactions" ("credit_account_id")[0m
  [1m[35m (0.1ms)[0m  [1m[35mCREATE TABLE "invoices" ("id" integer PRIMARY KEY AUTOINCREMENT NOT NULL, "number" varchar NOT NULL, "customer_name" varchar NOT NULL, "due_on" date NOT NULL, "status" integer DEFAULT 0 NOT NULL, "total_cents" integer NOT NULL, "created_at" datetime(6) NOT NULL, "updated_at" datetime(6) NOT NULL)[0m
  [1m[35m (0.1ms)[0m  [1m[35mCREATE TABLE "expenses" ("id" integer PRIMARY KEY AUTOINCREMENT NOT NULL, "vendor" varchar NOT NULL, "category" varchar NOT NULL, "spent_on" date NOT NULL, "amount_cents" integer NOT NULL, "created_at" datetime(6) NOT NULL, "updated_at" datetime(6) NOT NULL)[0m
  [1m[36mActiveRecord::SchemaMigration Create (0.1ms)[0m  [1m[32mINSERT INTO "schema_migrations" ("version") VALUES (?)[0m  [["version", "20260509000100"]]
  [1m[36mTRANSACTION (1.4ms)[0m  [1m[36mcommit transaction[0m
  [1m[36mActiveRecord::InternalMetadata Load (0.1ms)[0m  [1m[34mSELECT "ar_internal_metadata".* FROM "ar_internal_metadata" WHERE "ar_internal_metadata"."key" = ? LIMIT ?[0m  [["key", "environment"], ["LIMIT", 1]]
  [1m[36mTRANSACTION (0.0ms)[0m  [1m[36mbegin transaction[0m
  [1m[36mActiveRecord::InternalMetadata Create (0.1ms)[0m  [1m[32mINSERT INTO "ar_internal_metadata" ("key", "value", "created_at", "updated_at") VALUES (?, ?, ?, ?)[0m  [["key", "environment"], ["value", "development"], ["created_at", "2026-05-17 21:47:33.705326"], ["updated_at", "2026-05-17 21:47:33.705326"]]
  [1m[36mTRANSACTION (2.0ms)[0m  [1m[36mcommit transaction[0m
  [1m[36mActiveRecord::SchemaMigration Pluck (0.0ms)[0m  [1m[34mSELECT "schema_migrations"."version" FROM "schema_migrations" ORDER BY "schema_migrations"."version" ASC[0m
  [1m[35m (1.9ms)[0m  [1m[35mCREATE TABLE "schema_migrations" ("version" varchar NOT NULL PRIMARY KEY)[0m
  [1m[35m (2.4ms)[0m  [1m[35mCREATE TABLE "ar_internal_metadata" ("key" varchar NOT NULL PRIMARY KEY, "value" varchar, "created_at" datetime(6) NOT NULL, "updated_at" datetime(6) NOT NULL)[0m
  [1m[36mActiveRecord::SchemaMigration Pluck (0.1ms)[0m  [1m[34mSELECT "schema_migrations"."version" FROM "schema_migrations" ORDER BY "schema_migrations"."version" ASC[0m
Migrating to CreateAccountingModels (20260509000100)
  [1m[36mTRANSACTION (0.0ms)[0m  [1m[36mbegin transaction[0m
  [1m[35m (0.1ms)[0m  [1m[35mCREATE TABLE "accounts" ("id" integer PRIMARY KEY AUTOINCREMENT NOT NULL, "name" varchar NOT NULL, "kind" integer NOT NULL, "balance_cents" integer DEFAULT 0 NOT NULL, "created_at" datetime(6) NOT NULL, "updated_at" datetime(6) NOT NULL)[0m
  [1m[35m (0.1ms)[0m  [1m[35mCREATE TABLE "transactions" ("id" integer PRIMARY KEY AUTOINCREMENT NOT NULL, "transacted_on" date NOT NULL, "description" varchar NOT NULL, "debit_account_id" integer NOT NULL, "credit_account_id" integer NOT NULL, "amount_cents" integer NOT NULL, "created_at" datetime(6) NOT NULL, "updated_at" datetime(6) NOT NULL, CONSTRAINT "fk_rails_1c7be08dc2"
FOREIGN KEY ("debit_account_id")
  REFERENCES "accounts" ("id")
, CONSTRAINT "fk_rails_19cc35efd9"
FOREIGN KEY ("credit_account_id")
  REFERENCES "accounts" ("id")
)[0m
  [1m[35m (0.1ms)[0m  [1m[35mCREATE INDEX "index_transactions_on_debit_account_id" ON "transactions" ("debit_account_id")[0m
  [1m[35m (0.1ms)[0m  [1m[35mCREATE INDEX "index_transactions_on_credit_account_id" ON "transactions" ("credit_account_id")[0m
  [1m[35m (0.1ms)[0m  [1m[35mCREATE TABLE "invoices" ("id" integer PRIMARY KEY AUTOINCREMENT NOT NULL, "number" varchar NOT NULL, "customer_name" varchar NOT NULL, "due_on" date NOT NULL, "status" integer DEFAULT 0 NOT NULL, "total_cents" integer NOT NULL, "created_at" datetime(6) NOT NULL, "updated_at" datetime(6) NOT NULL)[0m
  [1m[35m (0.1ms)[0m  [1m[35mCREATE TABLE "expenses" ("id" integer PRIMARY KEY AUTOINCREMENT NOT NULL, "vendor" varchar NOT NULL, "category" varchar NOT NULL, "spent_on" date NOT NULL, "amount_cents" integer NOT NULL, "created_at" datetime(6) NOT NULL, "updated_at" datetime(6) NOT NULL)[0m
  [1m[36mActiveRecord::SchemaMigration Create (0.1ms)[0m  [1m[32mINSERT INTO "schema_migrations" ("version") VALUES (?)[0m  [["version", "20260509000100"]]
  [1m[36mTRANSACTION (1.9ms)[0m  [1m[36mcommit transaction[0m
  [1m[36mActiveRecord::InternalMetadata Load (0.1ms)[0m  [1m[34mSELECT "ar_internal_metadata".* FROM "ar_internal_metadata" WHERE "ar_internal_metadata"."key" = ? LIMIT ?[0m  [["key", "environment"], ["LIMIT", 1]]
  [1m[36mTRANSACTION (0.0ms)[0m  [1m[36mbegin transaction[0m
  [1m[36mActiveRecord::InternalMetadata Create (0.1ms)[0m  [1m[32mINSERT INTO "ar_internal_metadata" ("key", "value", "created_at", "updated_at") VALUES (?, ?, ?, ?)[0m  [["key", "environment"], ["value", "test"], ["created_at", "2026-05-17 21:47:33.721913"], ["updated_at", "2026-05-17 21:47:33.721913"]]
  [1m[36mTRANSACTION (1.3ms)[0m  [1m[36mcommit transaction[0m
  [1m[36mActiveRecord::SchemaMigration Pluck (0.0ms)[0m  [1m[34mSELECT "schema_migrations"."version" FROM "schema_migrations" ORDER BY "schema_migrations"."version" ASC[0m
  [1m[36mActiveRecord::SchemaMigration Pluck (0.1ms)[0m  [1m[34mSELECT "schema_migrations"."version" FROM "schema_migrations" ORDER BY "schema_migrations"."version" ASC[0m
  [1m[36mTRANSACTION (0.0ms)[0m  [1m[36mbegin transaction[0m
  [1m[36mAccount Create (0.1ms)[0m  [1m[32mINSERT INTO "accounts" ("name", "kind", "balance_cents", "created_at", "updated_at") VALUES (?, ?, ?, ?, ?)[0m  [["name", "Cash"], ["kind", 0], ["balance_cents", 1525000], ["created_at", "2026-05-17 21:47:40.596021"], ["updated_at", "2026-05-17 21:47:40.596021"]]
  [1m[36mTRANSACTION (1.5ms)[0m  [1m[36mcommit transaction[0m
  [1m[36mTRANSACTION (0.0ms)[0m  [1m[36mbegin transaction[0m
  [1m[36mAccount Create (0.1ms)[0m  [1m[32mINSERT INTO "accounts" ("name", "kind", "balance_cents", "created_at", "updated_at") VALUES (?, ?, ?, ?, ?)[0m  [["name", "Service Revenue"], ["kind", 3], ["balance_cents", 0], ["created_at", "2026-05-17 21:47:40.598520"], ["updated_at", "2026-05-17 21:47:40.598520"]]
  [1m[36mTRANSACTION (1.9ms)[0m  [1m[36mcommit transaction[0m
  [1m[36mTRANSACTION (0.0ms)[0m  [1m[36mbegin transaction[0m
  [1m[36mAccount Create (0.1ms)[0m  [1m[32mINSERT INTO "accounts" ("name", "kind", "balance_cents", "created_at", "updated_at") VALUES (?, ?, ?, ?, ?)[0m  [["name", "Operating Expenses"], ["kind", 4], ["balance_cents", 0], ["created_at", "2026-05-17 21:47:40.601096"], ["updated_at", "2026-05-17 21:47:40.601096"]]
  [1m[36mTRANSACTION (1.5ms)[0m  [1m[36mcommit transaction[0m
  [1m[36mTRANSACTION (0.0ms)[0m  [1m[36mbegin transaction[0m
  [1m[36mTransaction Create (0.1ms)[0m  [1m[32mINSERT INTO "transactions" ("transacted_on", "description", "debit_account_id", "credit_account_id", "amount_cents", "created_at", "updated_at") VALUES (?, ?, ?, ?, ?, ?, ?)[0m  [["transacted_on", "2026-05-17"], ["description", "Client payment #1000"], ["debit_account_id", 1], ["credit_account_id", 2], ["amount_cents", 99865], ["created_at", "2026-05-17 21:47:40.615111"], ["updated_at", "2026-05-17 21:47:40.615111"]]
  [1m[36mTRANSACTION (1.5ms)[0m  [1m[36mcommit transaction[0m
  [1m[36mTRANSACTION (0.0ms)[0m  [1m[36mbegin transaction[0m
  [1m[36mTransaction Create (0.1ms)[0m  [1m[32mINSERT INTO "transactions" ("transacted_on", "description", "debit_account_id", "credit_account_id", "amount_cents", "created_at", "updated_at") VALUES (?, ?, ?, ?, ?, ?, ?)[0m  [["transacted_on", "2026-05-16"], ["description", "Client payment #1001"], ["debit_account_id", 1], ["credit_account_id", 2], ["amount_cents", 67550], ["created_at", "2026-05-17 21:47:40.617535"], ["updated_at", "2026-05-17 21:47:40.617535"]]
  [1m[36mTRANSACTION (1.2ms)[0m  [1m[36mcommit transaction[0m
  [1m[36mTRANSACTION (0.0ms)[0m  [1m[36mbegin transaction[0m
  [1m[36mTransaction Create (0.1ms)[0m  [1m[32mINSERT INTO "transactions" ("transacted_on", "description", "debit_account_id", "credit_account_id", "amount_cents", "created_at", "updated_at") VALUES (?, ?, ?, ?, ?, ?, ?)[0m  [["transacted_on", "2026-05-15"], ["description", "Client payment #1002"], ["debit_account_id", 1], ["credit_account_id", 2], ["amount_cents", 49264], ["created_at", "2026-05-17 21:47:40.619526"], ["updated_at", "2026-05-17 21:47:40.619526"]]
  [1m[36mTRANSACTION (1.2ms)[0m  [1m[36mcommit transaction[0m
  [1m[36mTRANSACTION (0.0ms)[0m  [1m[36mbegin transaction[0m
  [1m[36mTransaction Create (0.1ms)[0m  [1m[32mINSERT INTO "transactions" ("transacted_on", "description", "debit_account_id", "credit_account_id", "amount_cents", "created_at", "updated_at") VALUES (?, ?, ?, ?, ?, ?, ?)[0m  [["transacted_on", "2026-05-14"], ["description", "Client payment #1003"], ["debit_account_id", 1], ["credit_account_id", 2], ["amount_cents", 93790], ["created_at", "2026-05-17 21:47:40.621484"], ["updated_at", "2026-05-17 21:47:40.621484"]]
  [1m[36mTRANSACTION (1.2ms)[0m  [1m[36mcommit transaction[0m
  [1m[36mTRANSACTION (0.0ms)[0m  [1m[36mbegin transaction[0m
  [1m[36mTransaction Create (0.1ms)[0m  [1m[32mINSERT INTO "transactions" ("transacted_on", "description", "debit_account_id", "credit_account_id", "amount_cents", "created_at", "updated_at") VALUES (?, ?, ?, ?, ?, ?, ?)[0m  [["transacted_on", "2026-05-13"], ["description", "Client payment #1004"], ["debit_account_id", 1], ["credit_account_id", 2], ["amount_cents", 101971], ["created_at", "2026-05-17 21:47:40.623432"], ["updated_at", "2026-05-17 21:47:40.623432"]]
  [1m[36mTRANSACTION (1.2ms)[0m  [1m[36mcommit transaction[0m
  [1m[36mTRANSACTION (0.0ms)[0m  [1m[36mbegin transaction[0m
  [1m[36mTransaction Create (0.1ms)[0m  [1m[32mINSERT INTO "transactions" ("transacted_on", "description", "debit_account_id", "credit_account_id", "amount_cents", "created_at", "updated_at") VALUES (?, ?, ?, ?, ?, ?, ?)[0m  [["transacted_on", "2026-05-12"], ["description", "Client payment #1005"], ["debit_account_id", 1], ["credit_account_id", 2], ["amount_cents", 79270], ["created_at", "2026-05-17 21:47:40.625376"], ["updated_at", "2026-05-17 21:47:40.625376"]]
  [1m[36mTRANSACTION (1.2ms)[0m  [1m[36mcommit transaction[0m
  [1m[36mTRANSACTION (0.0ms)[0m  [1m[36mbegin transaction[0m
  [1m[36mTransaction Create (0.1ms)[0m  [1m[32mINSERT INTO "transactions" ("transacted_on", "description", "debit_account_id", "credit_account_id", "amount_cents", "created_at", "updated_at") VALUES (?, ?, ?, ?, ?, ?, ?)[0m  [["transacted_on", "2026-05-11"], ["description", "Client payment #1006"], ["debit_account_id", 1], ["credit_account_id", 2], ["amount_cents", 105694], ["created_at", "2026-05-17 21:47:40.627336"], ["updated_at", "2026-05-17 21:47:40.627336"]]
  [1m[36mTRANSACTION (1.2ms)[0m  [1m[36mcommit transaction[0m
  [1m[36mTRANSACTION (0.0ms)[0m  [1m[36mbegin transaction[0m
  [1m[36mTransaction Create (0.1ms)[0m  [1m[32mINSERT INTO "transactions" ("transacted_on", "description", "debit_account_id", "credit_account_id", "amount_cents", "created_at", "updated_at") VALUES (?, ?, ?, ?, ?, ?, ?)[0m  [["transacted_on", "2026-05-10"], ["description", "Client payment #1007"], ["debit_account_id", 1], ["credit_account_id", 2], ["amount_cents", 94730], ["created_at", "2026-05-17 21:47:40.629277"], ["updated_at", "2026-05-17 21:47:40.629277"]]
  [1m[36mTRANSACTION (1.2ms)[0m  [1m[36mcommit transaction[0m
  [1m[36mTRANSACTION (0.0ms)[0m  [1m[36mbegin transaction[0m
  [1m[36mTransaction Create (0.1ms)[0m  [1m[32mINSERT INTO "transactions" ("transacted_on", "description", "debit_account_id", "credit_account_id", "amount_cents", "created_at", "updated_at") VALUES (?, ?, ?, ?, ?, ?, ?)[0m  [["transacted_on", "2026-05-09"], ["description", "Client payment #1008"], ["debit_account_id", 1], ["credit_account_id", 2], ["amount_cents", 82268], ["created_at", "2026-05-17 21:47:40.631246"], ["updated_at", "2026-05-17 21:47:40.631246"]]
  [1m[36mTRANSACTION (1.2ms)[0m  [1m[36mcommit transaction[0m
  [1m[36mTRANSACTION (0.0ms)[0m  [1m[36mbegin transaction[0m
  [1m[36mTransaction Create (0.1ms)[0m  [1m[32mINSERT INTO "transactions" ("transacted_on", "description", "debit_account_id", "credit_account_id", "amount_cents", "created_at", "updated_at") VALUES (?, ?, ?, ?, ?, ?, ?)[0m  [["transacted_on", "2026-05-08"], ["description", "Client payment #1009"], ["debit_account_id", 1], ["credit_account_id", 2], ["amount_cents", 86217], ["created_at", "2026-05-17 21:47:40.633177"], ["updated_at", "2026-05-17 21:47:40.633177"]]
  [1m[36mTRANSACTION (1.2ms)[0m  [1m[36mcommit transaction[0m
  [1m[36mTRANSACTION (0.0ms)[0m  [1m[36mbegin transaction[0m
  [1m[36mExpense Create (0.1ms)[0m  [1m[32mINSERT INTO "expenses" ("vendor", "category", "spent_on", "amount_cents", "created_at", "updated_at") VALUES (?, ?, ?, ?, ?, ?)[0m  [["vendor", "Vendor 1"], ["category", "Software"], ["spent_on", "2026-05-17"], ["amount_cents", 12579], ["created_at", "2026-05-17 21:47:40.641619"], ["updated_at", "2026-05-17 21:47:40.641619"]]
  [1m[36mTRANSACTION (1.6ms)[0m  [1m[36mcommit transaction[0m
  [1m[36mTRANSACTION (0.0ms)[0m  [1m[36mbegin transaction[0m
  [1m[36mExpense Create (0.1ms)[0m  [1m[32mINSERT INTO "expenses" ("vendor", "category", "spent_on", "amount_cents", "created_at", "updated_at") VALUES (?, ?, ?, ?, ?, ?)[0m  [["vendor", "Vendor 2"], ["category", "Payroll"], ["spent_on", "2026-05-16"], ["amount_cents", 11908], ["created_at", "2026-05-17 21:47:40.643959"], ["updated_at", "2026-05-17 21:47:40.643959"]]
  [1m[36mTRANSACTION (1.6ms)[0m  [1m[36mcommit transaction[0m
  [1m[36mTRANSACTION (0.0ms)[0m  [1m[36mbegin transaction[0m
  [1m[36mExpense Create (0.1ms)[0m  [1m[32mINSERT INTO "expenses" ("vendor", "category", "spent_on", "amount_cents", "created_at", "updated_at") VALUES (?, ?, ?, ?, ?, ?)[0m  [["vendor", "Vendor 3"], ["category", "Rent"], ["spent_on", "2026-05-15"], ["amount_cents", 27787], ["created_at", "2026-05-17 21:47:40.646250"], ["updated_at", "2026-05-17 21:47:40.646250"]]
  [1m[36mTRANSACTION (1.7ms)[0m  [1m[36mcommit transaction[0m
  [1m[36mTRANSACTION (0.0ms)[0m  [1m[36mbegin transaction[0m
  [1m[36mExpense Create (0.1ms)[0m  [1m[32mINSERT INTO "expenses" ("vendor", "category", "spent_on", "amount_cents", "created_at", "updated_at") VALUES (?, ?, ?, ?, ?, ?)[0m  [["vendor", "Vendor 4"], ["category", "Utilities"], ["spent_on", "2026-05-14"], ["amount_cents", 15688], ["created_at", "2026-05-17 21:47:40.648536"], ["updated_at", "2026-05-17 21:47:40.648536"]]
  [1m[36mTRANSACTION (1.6ms)[0m  [1m[36mcommit transaction[0m
  [1m[36mTRANSACTION (0.0ms)[0m  [1m[36mbegin transaction[0m
  [1m[36mExpense Create (0.1ms)[0m  [1m[32mINSERT INTO "expenses" ("vendor", "category", "spent_on", "amount_cents", "created_at", "updated_at") VALUES (?, ?, ?, ?, ?, ?)[0m  [["vendor", "Vendor 5"], ["category", "Marketing"], ["spent_on", "2026-05-13"], ["amount_cents", 18214], ["created_at", "2026-05-17 21:47:40.650798"], ["updated_at", "2026-05-17 21:47:40.650798"]]
  [1m[36mTRANSACTION (1.7ms)[0m  [1m[36mcommit transaction[0m
  [1m[36mTRANSACTION (0.0ms)[0m  [1m[36mbegin transaction[0m
  [1m[36mInvoice Create (0.1ms)[0m  [1m[32mINSERT INTO "invoices" ("number", "customer_name", "due_on", "status", "total_cents", "created_at", "updated_at") VALUES (?, ?, ?, ?, ?, ?, ?)[0m  [["number", "INV-200"], ["customer_name", "Client 1"], ["due_on", "2026-05-20"], ["status", 1], ["total_cents", 168151], ["created_at", "2026-05-17 21:47:40.660643"], ["updated_at", "2026-05-17 21:47:40.660643"]]
  [1m[36mTRANSACTION (1.4ms)[0m  [1m[36mcommit transaction[0m
  [1m[36mTRANSACTION (0.0ms)[0m  [1m[36mbegin transaction[0m
  [1m[36mInvoice Create (0.1ms)[0m  [1m[32mINSERT INTO "invoices" ("number", "customer_name", "due_on", "status", "total_cents", "created_at", "updated_at") VALUES (?, ?, ?, ?, ?, ?, ?)[0m  [["number", "INV-201"], ["customer_name", "Client 2"], ["due_on", "2026-05-21"], ["status", 1], ["total_cents", 132859], ["created_at", "2026-05-17 21:47:40.662832"], ["updated_at", "2026-05-17 21:47:40.662832"]]
  [1m[36mTRANSACTION (1.6ms)[0m  [1m[36mcommit transaction[0m
  [1m[36mTRANSACTION (0.0ms)[0m  [1m[36mbegin transaction[0m
  [1m[36mInvoice Create (0.1ms)[0m  [1m[32mINSERT INTO "invoices" ("number", "customer_name", "due_on", "status", "total_cents", "created_at", "updated_at") VALUES (?, ?, ?, ?, ?, ?, ?)[0m  [["number", "INV-202"], ["customer_name", "Client 3"], ["due_on", "2026-05-22"], ["status", 1], ["total_cents", 82688], ["created_at", "2026-05-17 21:47:40.665138"], ["updated_at", "2026-05-17 21:47:40.665138"]]
  [1m[36mTRANSACTION (1.5ms)[0m  [1m[36mcommit transaction[0m
  [1m[36mActiveRecord::SchemaMigration Pluck (0.1ms)[0m  [1m[34mSELECT "schema_migrations"."version" FROM "schema_migrations" ORDER BY "schema_migrations"."version" ASC[0m
  [1m[36mActiveRecord::InternalMetadata Load (0.1ms)[0m  [1m[34mSELECT "ar_internal_metadata".* FROM "ar_internal_metadata" WHERE "ar_internal_metadata"."key" = ? LIMIT ?[0m  [["key", "environment"], ["LIMIT", 1]]
  [1m[36mActiveRecord::SchemaMigration Pluck (0.0ms)[0m  [1m[34mSELECT "schema_migrations"."version" FROM "schema_migrations" ORDER BY "schema_migrations"."version" ASC[0m
  [1m[36mActiveRecord::SchemaMigration Pluck (0.0ms)[0m  [1m[34mSELECT "schema_migrations"."version" FROM "schema_migrations" ORDER BY "schema_migrations"."version" ASC[0m
  [1m[36mActiveRecord::InternalMetadata Load (0.1ms)[0m  [1m[34mSELECT "ar_internal_metadata".* FROM "ar_internal_metadata" WHERE "ar_internal_metadata"."key" = ? LIMIT ?[0m  [["key", "environment"], ["LIMIT", 1]]
  [1m[36mActiveRecord::SchemaMigration Pluck (0.0ms)[0m  [1m[34mSELECT "schema_migrations"."version" FROM "schema_migrations" ORDER BY "schema_migrations"."version" ASC[0m
Started GET "/" for 127.0.0.1 at 2026-05-17 15:50:55 -0600
Processing by DashboardController#index as */*
  [1m[36mAccount Sum (0.1ms)[0m  [1m[34mSELECT SUM("accounts"."balance_cents") FROM "accounts" WHERE "accounts"."kind" = ?[0m  [["kind", 0]]
  [1m[36mTransaction Sum (0.1ms)[0m  [1m[34mSELECT SUM("transactions"."amount_cents") FROM "transactions" INNER JOIN "accounts" ON "accounts"."id" = "transactions"."credit_account_id" WHERE "transactions"."transacted_on" BETWEEN ? AND ? AND "accounts"."kind" = ?[0m  [["transacted_on", "2026-05-01"], ["transacted_on", "2026-05-31"], ["kind", 3]]
  [1m[36mTransaction Sum (0.1ms)[0m  [1m[34mSELECT SUM("transactions"."amount_cents") FROM "transactions" INNER JOIN "accounts" ON "accounts"."id" = "transactions"."debit_account_id" WHERE "transactions"."transacted_on" BETWEEN ? AND ? AND "accounts"."kind" = ?[0m  [["transacted_on", "2026-05-01"], ["transacted_on", "2026-05-31"], ["kind", 4]]
  [1m[36mInvoice Sum (0.1ms)[0m  [1m[34mSELECT SUM("invoices"."total_cents") FROM "invoices" WHERE "invoices"."status" IN (?, ?)[0m  [["status", 1], ["status", 3]]
  [1m[36mExpense Sum (0.1ms)[0m  [1m[34mSELECT SUM("expenses"."amount_cents") AS "sum_amount_cents", "expenses"."category" AS "expenses_category" FROM "expenses" WHERE "expenses"."spent_on" BETWEEN ? AND ? GROUP BY "expenses"."category"[0m  [["spent_on", "2026-05-01"], ["spent_on", "2026-05-31"]]
  Rendering layout layouts/application.html.erb
  Rendering dashboard/index.html.erb within layouts/application
  [1m[36mTransaction Load (0.3ms)[0m  [1m[34mSELECT "transactions".* FROM "transactions" ORDER BY "transactions"."transacted_on" DESC LIMIT ?[0m  [["LIMIT", 8]]
  [1m[36mAccount Load (0.1ms)[0m  [1m[34mSELECT "accounts".* FROM "accounts" WHERE "accounts"."id" = ?[0m  [["id", 1]]
  [1m[36mAccount Load (0.0ms)[0m  [1m[34mSELECT "accounts".* FROM "accounts" WHERE "accounts"."id" = ?[0m  [["id", 2]]
  Rendered dashboard/index.html.erb within layouts/application (Duration: 31.1ms | Allocations: 40741)
  Rendered layout layouts/application.html.erb (Duration: 34.6ms | Allocations: 41535)
Completed 200 OK in 86ms (Views: 36.8ms | ActiveRecord: 2.3ms | Allocations: 106656)


Started GET "/" for 100.108.203.87 at 2026-05-17 15:54:10 -0600
Processing by DashboardController#index as HTML
  [1m[36mAccount Sum (0.1ms)[0m  [1m[34mSELECT SUM("accounts"."balance_cents") FROM "accounts" WHERE "accounts"."kind" = ?[0m  [["kind", 0]]
  [1m[36mTransaction Sum (0.1ms)[0m  [1m[34mSELECT SUM("transactions"."amount_cents") FROM "transactions" INNER JOIN "accounts" ON "accounts"."id" = "transactions"."credit_account_id" WHERE "transactions"."transacted_on" BETWEEN ? AND ? AND "accounts"."kind" = ?[0m  [["transacted_on", "2026-05-01"], ["transacted_on", "2026-05-31"], ["kind", 3]]
  [1m[36mTransaction Sum (0.1ms)[0m  [1m[34mSELECT SUM("transactions"."amount_cents") FROM "transactions" INNER JOIN "accounts" ON "accounts"."id" = "transactions"."debit_account_id" WHERE "transactions"."transacted_on" BETWEEN ? AND ? AND "accounts"."kind" = ?[0m  [["transacted_on", "2026-05-01"], ["transacted_on", "2026-05-31"], ["kind", 4]]
  [1m[36mInvoice Sum (0.1ms)[0m  [1m[34mSELECT SUM("invoices"."total_cents") FROM "invoices" WHERE "invoices"."status" IN (?, ?)[0m  [["status", 1], ["status", 3]]
  [1m[36mExpense Sum (0.1ms)[0m  [1m[34mSELECT SUM("expenses"."amount_cents") AS "sum_amount_cents", "expenses"."category" AS "expenses_category" FROM "expenses" WHERE "expenses"."spent_on" BETWEEN ? AND ? GROUP BY "expenses"."category"[0m  [["spent_on", "2026-05-01"], ["spent_on", "2026-05-31"]]
  Rendering layout layouts/application.html.erb
  Rendering dashboard/index.html.erb within layouts/application
  [1m[36mTransaction Load (0.2ms)[0m  [1m[34mSELECT "transactions".* FROM "transactions" ORDER BY "transactions"."transacted_on" DESC LIMIT ?[0m  [["LIMIT", 8]]
  [1m[36mAccount Load (0.1ms)[0m  [1m[34mSELECT "accounts".* FROM "accounts" WHERE "accounts"."id" = ?[0m  [["id", 1]]
  [1m[36mAccount Load (0.1ms)[0m  [1m[34mSELECT "accounts".* FROM "accounts" WHERE "accounts"."id" = ?[0m  [["id", 2]]
  Rendered dashboard/index.html.erb within layouts/application (Duration: 36.3ms | Allocations: 40741)
  Rendered layout layouts/application.html.erb (Duration: 40.1ms | Allocations: 41535)
Completed 200 OK in 104ms (Views: 41.9ms | ActiveRecord: 2.6ms | Allocations: 106569)


Started GET "/favicon.ico" for 100.108.203.87 at 2026-05-17 15:54:11 -0600
  
ActionController::RoutingError (No route matches [GET] "/favicon.ico"):
  
Started GET "/" for 100.108.203.87 at 2026-05-17 15:55:57 -0600
Processing by DashboardController#index as HTML
  [1m[36mAccount Sum (0.1ms)[0m  [1m[34mSELECT SUM("accounts"."balance_cents") FROM "accounts" WHERE "accounts"."kind" = ?[0m  [["kind", 0]]
  [1m[36mTransaction Sum (0.1ms)[0m  [1m[34mSELECT SUM("transactions"."amount_cents") FROM "transactions" INNER JOIN "accounts" ON "accounts"."id" = "transactions"."credit_account_id" WHERE "transactions"."transacted_on" BETWEEN ? AND ? AND "accounts"."kind" = ?[0m  [["transacted_on", "2026-05-01"], ["transacted_on", "2026-05-31"], ["kind", 3]]
  [1m[36mTransaction Sum (0.0ms)[0m  [1m[34mSELECT SUM("transactions"."amount_cents") FROM "transactions" INNER JOIN "accounts" ON "accounts"."id" = "transactions"."debit_account_id" WHERE "transactions"."transacted_on" BETWEEN ? AND ? AND "accounts"."kind" = ?[0m  [["transacted_on", "2026-05-01"], ["transacted_on", "2026-05-31"], ["kind", 4]]
  [1m[36mInvoice Sum (0.1ms)[0m  [1m[34mSELECT SUM("invoices"."total_cents") FROM "invoices" WHERE "invoices"."status" IN (?, ?)[0m  [["status", 1], ["status", 3]]
  [1m[36mExpense Sum (0.1ms)[0m  [1m[34mSELECT SUM("expenses"."amount_cents") AS "sum_amount_cents", "expenses"."category" AS "expenses_category" FROM "expenses" WHERE "expenses"."spent_on" BETWEEN ? AND ? GROUP BY "expenses"."category"[0m  [["spent_on", "2026-05-01"], ["spent_on", "2026-05-31"]]
  Rendering layout layouts/application.html.erb
  Rendering dashboard/index.html.erb within layouts/application
  [1m[36mTransaction Load (0.1ms)[0m  [1m[34mSELECT "transactions".* FROM "transactions" ORDER BY "transactions"."transacted_on" DESC LIMIT ?[0m  [["LIMIT", 8]]
  [1m[36mAccount Load (0.0ms)[0m  [1m[34mSELECT "accounts".* FROM "accounts" WHERE "accounts"."id" = ?[0m  [["id", 1]]
  [1m[36mAccount Load (0.0ms)[0m  [1m[34mSELECT "accounts".* FROM "accounts" WHERE "accounts"."id" = ?[0m  [["id", 2]]
  Rendered dashboard/index.html.erb within layouts/application (Duration: 2.4ms | Allocations: 2328)
  Rendered layout layouts/application.html.erb (Duration: 2.9ms | Allocations: 2674)
Completed 200 OK in 7ms (Views: 3.1ms | ActiveRecord: 0.5ms | Allocations: 5373)


  [1m[36mActiveRecord::SchemaMigration Pluck (0.1ms)[0m  [1m[34mSELECT "schema_migrations"."version" FROM "schema_migrations" ORDER BY "schema_migrations"."version" ASC[0m
Migrating to CreateAmazonImports (20260517000100)
  [1m[36mTRANSACTION (0.0ms)[0m  [1m[36mbegin transaction[0m
  [1m[35m (0.2ms)[0m  [1m[35mCREATE TABLE "amazon_import_batches" ("id" integer PRIMARY KEY AUTOINCREMENT NOT NULL, "filename" varchar NOT NULL, "status" integer DEFAULT 0 NOT NULL, "row_count" integer DEFAULT 0 NOT NULL, "imported_at" datetime(6) NOT NULL, "created_at" datetime(6) NOT NULL, "updated_at" datetime(6) NOT NULL)[0m
  [1m[35m (0.1ms)[0m  [1m[35mCREATE TABLE "amazon_import_rows" ("id" integer PRIMARY KEY AUTOINCREMENT NOT NULL, "amazon_import_batch_id" integer NOT NULL, "source_row_number" integer NOT NULL, "posted_on" date, "settlement_id" varchar, "order_id" varchar, "transaction_type" varchar, "amount_type" varchar, "amount_description" varchar, "description" varchar, "marketplace" varchar, "amount_cents" integer DEFAULT 0 NOT NULL, "tax_category" varchar DEFAULT 'uncategorized' NOT NULL, "status" integer DEFAULT 0 NOT NULL, "raw_data" text, "transaction_id" integer, "expense_id" integer, "created_at" datetime(6) NOT NULL, "updated_at" datetime(6) NOT NULL, CONSTRAINT "fk_rails_902fe15113"
FOREIGN KEY ("amazon_import_batch_id")
  REFERENCES "amazon_import_batches" ("id")
, CONSTRAINT "fk_rails_a800349938"
FOREIGN KEY ("transaction_id")
  REFERENCES "transactions" ("id")
, CONSTRAINT "fk_rails_02d69e140e"
FOREIGN KEY ("expense_id")
  REFERENCES "expenses" ("id")
)[0m
  [1m[35m (0.1ms)[0m  [1m[35mCREATE INDEX "index_amazon_import_rows_on_amazon_import_batch_id" ON "amazon_import_rows" ("amazon_import_batch_id")[0m
  [1m[35m (0.1ms)[0m  [1m[35mCREATE INDEX "index_amazon_import_rows_on_transaction_id" ON "amazon_import_rows" ("transaction_id")[0m
  [1m[35m (0.1ms)[0m  [1m[35mCREATE INDEX "index_amazon_import_rows_on_expense_id" ON "amazon_import_rows" ("expense_id")[0m
  [1m[36mActiveRecord::SchemaMigration Create (0.1ms)[0m  [1m[32mINSERT INTO "schema_migrations" ("version") VALUES (?)[0m  [["version", "20260517000100"]]
  [1m[36mTRANSACTION (5.0ms)[0m  [1m[36mcommit transaction[0m
  [1m[36mActiveRecord::InternalMetadata Load (0.1ms)[0m  [1m[34mSELECT "ar_internal_metadata".* FROM "ar_internal_metadata" WHERE "ar_internal_metadata"."key" = ? LIMIT ?[0m  [["key", "environment"], ["LIMIT", 1]]
  [1m[36mActiveRecord::SchemaMigration Pluck (0.1ms)[0m  [1m[34mSELECT "schema_migrations"."version" FROM "schema_migrations" ORDER BY "schema_migrations"."version" ASC[0m
  [1m[36mTRANSACTION (0.0ms)[0m  [1m[36mbegin transaction[0m
  [1m[36mAmazonImportBatch Create (0.1ms)[0m  [1m[32mINSERT INTO "amazon_import_batches" ("filename", "status", "row_count", "imported_at", "created_at", "updated_at") VALUES (?, ?, ?, ?, ?, ?)[0m  [["filename", "sample.tsv"], ["status", 0], ["row_count", 0], ["imported_at", "2026-05-17 22:06:31.610400"], ["created_at", "2026-05-17 22:06:31.622432"], ["updated_at", "2026-05-17 22:06:31.622432"]]
  [1m[36mTRANSACTION (2.3ms)[0m  [1m[36mcommit transaction[0m
  [1m[36mTRANSACTION (0.0ms)[0m  [1m[36mbegin transaction[0m
  [1m[36mAmazonImportBatch Create (0.1ms)[0m  [1m[32mINSERT INTO "amazon_import_batches" ("filename", "status", "row_count", "imported_at", "created_at", "updated_at") VALUES (?, ?, ?, ?, ?, ?)[0m  [["filename", "sample.tsv"], ["status", 0], ["row_count", 0], ["imported_at", "2026-05-17 22:06:46.308853"], ["created_at", "2026-05-17 22:06:46.322652"], ["updated_at", "2026-05-17 22:06:46.322652"]]
  [1m[36mTRANSACTION (10.8ms)[0m  [1m[36mcommit transaction[0m
  [1m[36mTRANSACTION (0.1ms)[0m  [1m[36mbegin transaction[0m
  [1m[36mAmazonImportRow Create (0.2ms)[0m  [1m[32mINSERT INTO "amazon_import_rows" ("amazon_import_batch_id", "source_row_number", "posted_on", "settlement_id", "order_id", "transaction_type", "amount_type", "amount_description", "description", "marketplace", "amount_cents", "tax_category", "status", "raw_data", "transaction_id", "expense_id", "created_at", "updated_at") VALUES (?, ?, ?, ?, ?, ?, ?, ?, ?, ?, ?, ?, ?, ?, ?, ?, ?, ?)[0m  [["amazon_import_batch_id", 2], ["source_row_number", 2], ["posted_on", "2026-05-01"], ["settlement_id", "S1"], ["order_id", "A1"], ["transaction_type", "Order"], ["amount_type", "ItemPrice"], ["amount_description", "Principal"], ["description", "Order - ItemPrice - Principal"], ["marketplace", "Amazon.com"], ["amount_cents", 10000], ["tax_category", "gross_sales"], ["status", 0], ["raw_data", "{\"settlement-id\":\"S1\",\"posted-date\":\"2026-05-01\",\"transaction-type\":\"Order\",\"order-id\":\"A1\",\"amount-type\":\"ItemPrice\",\"amount-description\":\"Principal\",\"amount\":\"100.00\",\"marketplace-name\":\"Amazon.com\"}"], ["transaction_id", nil], ["expense_id", nil], ["created_at", "2026-05-17 22:06:46.367593"], ["updated_at", "2026-05-17 22:06:46.367593"]]
  [1m[36mTRANSACTION (1.8ms)[0m  [1m[36mcommit transaction[0m
  [1m[36mTRANSACTION (0.0ms)[0m  [1m[36mbegin transaction[0m
  [1m[36mAmazonImportRow Create (0.1ms)[0m  [1m[32mINSERT INTO "amazon_import_rows" ("amazon_import_batch_id", "source_row_number", "posted_on", "settlement_id", "order_id", "transaction_type", "amount_type", "amount_description", "description", "marketplace", "amount_cents", "tax_category", "status", "raw_data", "transaction_id", "expense_id", "created_at", "updated_at") VALUES (?, ?, ?, ?, ?, ?, ?, ?, ?, ?, ?, ?, ?, ?, ?, ?, ?, ?)[0m  [["amazon_import_batch_id", 2], ["source_row_number", 3], ["posted_on", "2026-05-01"], ["settlement_id", "S1"], ["order_id", "A1"], ["transaction_type", "Order"], ["amount_type", "Fee"], ["amount_description", "Commission"], ["description", "Order - Fee - Commission"], ["marketplace", "Amazon.com"], ["amount_cents", -1500], ["tax_category", "amazon_fees"], ["status", 0], ["raw_data", "{\"settlement-id\":\"S1\",\"posted-date\":\"2026-05-01\",\"transaction-type\":\"Order\",\"order-id\":\"A1\",\"amount-type\":\"Fee\",\"amount-description\":\"Commission\",\"amount\":\"-15.00\",\"marketplace-name\":\"Amazon.com\"}"], ["transaction_id", nil], ["expense_id", nil], ["created_at", "2026-05-17 22:06:46.371299"], ["updated_at", "2026-05-17 22:06:46.371299"]]
  [1m[36mTRANSACTION (1.9ms)[0m  [1m[36mcommit transaction[0m
  [1m[36mTRANSACTION (0.0ms)[0m  [1m[36mbegin transaction[0m
  [1m[36mAmazonImportRow Create (0.1ms)[0m  [1m[32mINSERT INTO "amazon_import_rows" ("amazon_import_batch_id", "source_row_number", "posted_on", "settlement_id", "order_id", "transaction_type", "amount_type", "amount_description", "description", "marketplace", "amount_cents", "tax_category", "status", "raw_data", "transaction_id", "expense_id", "created_at", "updated_at") VALUES (?, ?, ?, ?, ?, ?, ?, ?, ?, ?, ?, ?, ?, ?, ?, ?, ?, ?)[0m  [["amazon_import_batch_id", 2], ["source_row_number", 4], ["posted_on", "2026-05-02"], ["settlement_id", "S1"], ["order_id", "A2"], ["transaction_type", "Refund"], ["amount_type", "ItemPrice"], ["amount_description", "Principal"], ["description", "Refund - ItemPrice - Principal"], ["marketplace", "Amazon.com"], ["amount_cents", -2500], ["tax_category", "refunds_returns"], ["status", 0], ["raw_data", "{\"settlement-id\":\"S1\",\"posted-date\":\"2026-05-02\",\"transaction-type\":\"Refund\",\"order-id\":\"A2\",\"amount-type\":\"ItemPrice\",\"amount-description\":\"Principal\",\"amount\":\"-25.00\",\"marketplace-name\":\"Amazon.com\"}"], ["transaction_id", nil], ["expense_id", nil], ["created_at", "2026-05-17 22:06:46.374581"], ["updated_at", "2026-05-17 22:06:46.374581"]]
  [1m[36mTRANSACTION (1.6ms)[0m  [1m[36mcommit transaction[0m
  [1m[36mAmazonImportRow Count (0.1ms)[0m  [1m[34mSELECT COUNT(*) FROM "amazon_import_rows" WHERE "amazon_import_rows"."amazon_import_batch_id" = ?[0m  [["amazon_import_batch_id", 2]]
  [1m[36mAmazonImportRow Exists? (0.1ms)[0m  [1m[34mSELECT 1 AS one FROM "amazon_import_rows" WHERE "amazon_import_rows"."amazon_import_batch_id" = ? AND "amazon_import_rows"."status" = ? LIMIT ?[0m  [["amazon_import_batch_id", 2], ["status", 0], ["LIMIT", 1]]
  [1m[36mTRANSACTION (0.0ms)[0m  [1m[36mbegin transaction[0m
  [1m[36mAmazonImportBatch Update (0.1ms)[0m  [1m[33mUPDATE "amazon_import_batches" SET "row_count" = ?, "updated_at" = ? WHERE "amazon_import_batches"."id" = ?[0m  [["row_count", 3], ["updated_at", "2026-05-17 22:06:46.378579"], ["id", 2]]
  [1m[36mTRANSACTION (1.9ms)[0m  [1m[36mcommit transaction[0m
  [1m[36mAmazonImportRow Load (0.1ms)[0m  [1m[34mSELECT "amazon_import_rows".* FROM "amazon_import_rows" WHERE "amazon_import_rows"."amazon_import_batch_id" = ? ORDER BY "amazon_import_rows"."source_row_number" ASC[0m  [["amazon_import_batch_id", 2]]
  [1m[36mAmazonImportBatch Load (0.1ms)[0m  [1m[34mSELECT "amazon_import_batches".* FROM "amazon_import_batches" ORDER BY "amazon_import_batches"."id" DESC LIMIT ?[0m  [["LIMIT", 1]]
  [1m[36mAmazonImportRow Load (0.1ms)[0m  [1m[34mSELECT "amazon_import_rows".* FROM "amazon_import_rows" WHERE "amazon_import_rows"."amazon_import_batch_id" = ? ORDER BY "amazon_import_rows"."source_row_number" ASC[0m  [["amazon_import_batch_id", 2]]
  [1m[36mTRANSACTION (0.0ms)[0m  [1m[36mbegin transaction[0m
  [1m[36mAmazonImportRow Update (0.1ms)[0m  [1m[33mUPDATE "amazon_import_rows" SET "status" = ?, "updated_at" = ? WHERE "amazon_import_rows"."id" = ?[0m  [["status", 1], ["updated_at", "2026-05-17 22:06:54.766440"], ["id", 1]]
  [1m[36mTRANSACTION (4.7ms)[0m  [1m[36mcommit transaction[0m
  [1m[36mAccount Load (0.1ms)[0m  [1m[34mSELECT "accounts".* FROM "accounts" WHERE "accounts"."name" = ? LIMIT ?[0m  [["name", "Amazon Clearing"], ["LIMIT", 1]]
  [1m[36mTRANSACTION (0.0ms)[0m  [1m[36mbegin transaction[0m
  [1m[36mAccount Create (0.1ms)[0m  [1m[32mINSERT INTO "accounts" ("name", "kind", "balance_cents", "created_at", "updated_at") VALUES (?, ?, ?, ?, ?)[0m  [["name", "Amazon Clearing"], ["kind", 0], ["balance_cents", 0], ["created_at", "2026-05-17 22:06:54.785116"], ["updated_at", "2026-05-17 22:06:54.785116"]]
  [1m[36mTRANSACTION (2.0ms)[0m  [1m[36mcommit transaction[0m
  [1m[36mAccount Load (0.1ms)[0m  [1m[34mSELECT "accounts".* FROM "accounts" WHERE "accounts"."name" = ? LIMIT ?[0m  [["name", "Amazon Sales Revenue"], ["LIMIT", 1]]
  [1m[36mTRANSACTION (0.0ms)[0m  [1m[36mbegin transaction[0m
  [1m[36mAccount Create (0.1ms)[0m  [1m[32mINSERT INTO "accounts" ("name", "kind", "balance_cents", "created_at", "updated_at") VALUES (?, ?, ?, ?, ?)[0m  [["name", "Amazon Sales Revenue"], ["kind", 3], ["balance_cents", 0], ["created_at", "2026-05-17 22:06:54.788734"], ["updated_at", "2026-05-17 22:06:54.788734"]]
  [1m[36mTRANSACTION (1.5ms)[0m  [1m[36mcommit transaction[0m
  [1m[36mTRANSACTION (0.0ms)[0m  [1m[36mbegin transaction[0m
  [1m[36mTransaction Create (0.2ms)[0m  [1m[32mINSERT INTO "transactions" ("transacted_on", "description", "debit_account_id", "credit_account_id", "amount_cents", "created_at", "updated_at") VALUES (?, ?, ?, ?, ?, ?, ?)[0m  [["transacted_on", "2026-05-01"], ["description", "Order - Principal - A1"], ["debit_account_id", 4], ["credit_account_id", 5], ["amount_cents", 10000], ["created_at", "2026-05-17 22:06:54.798351"], ["updated_at", "2026-05-17 22:06:54.798351"]]
  [1m[36mTRANSACTION (1.9ms)[0m  [1m[36mcommit transaction[0m
  [1m[36mTRANSACTION (0.0ms)[0m  [1m[36mbegin transaction[0m
  [1m[36mAmazonImportRow Update (0.1ms)[0m  [1m[33mUPDATE "amazon_import_rows" SET "transaction_id" = ?, "updated_at" = ? WHERE "amazon_import_rows"."id" = ?[0m  [["transaction_id", 11], ["updated_at", "2026-05-17 22:06:54.801550"], ["id", 1]]
  [1m[36mTRANSACTION (1.6ms)[0m  [1m[36mcommit transaction[0m
  [1m[36mAmazonImportRow Count (0.1ms)[0m  [1m[34mSELECT COUNT(*) FROM "amazon_import_rows" WHERE "amazon_import_rows"."amazon_import_batch_id" = ?[0m  [["amazon_import_batch_id", 2]]
  [1m[36mAmazonImportRow Exists? (0.1ms)[0m  [1m[34mSELECT 1 AS one FROM "amazon_import_rows" WHERE "amazon_import_rows"."amazon_import_batch_id" = ? AND "amazon_import_rows"."status" = ? LIMIT ?[0m  [["amazon_import_batch_id", 2], ["status", 0], ["LIMIT", 1]]
  [1m[36mTRANSACTION (0.0ms)[0m  [1m[36mbegin transaction[0m
  [1m[36mAmazonImportRow Update (0.1ms)[0m  [1m[33mUPDATE "amazon_import_rows" SET "status" = ?, "updated_at" = ? WHERE "amazon_import_rows"."id" = ?[0m  [["status", 1], ["updated_at", "2026-05-17 22:06:54.805654"], ["id", 2]]
  [1m[36mTRANSACTION (2.1ms)[0m  [1m[36mcommit transaction[0m
  [1m[36mTRANSACTION (0.0ms)[0m  [1m[36mbegin transaction[0m
  [1m[36mExpense Create (0.2ms)[0m  [1m[32mINSERT INTO "expenses" ("vendor", "category", "spent_on", "amount_cents", "created_at", "updated_at") VALUES (?, ?, ?, ?, ?, ?)[0m  [["vendor", "Amazon"], ["category", "Amazon fees"], ["spent_on", "2026-05-01"], ["amount_cents", 1500], ["created_at", "2026-05-17 22:06:54.815999"], ["updated_at", "2026-05-17 22:06:54.815999"]]
  [1m[36mTRANSACTION (2.0ms)[0m  [1m[36mcommit transaction[0m
  [1m[36mTRANSACTION (0.0ms)[0m  [1m[36mbegin transaction[0m
  [1m[36mAmazonImportRow Update (0.1ms)[0m  [1m[33mUPDATE "amazon_import_rows" SET "expense_id" = ?, "updated_at" = ? WHERE "amazon_import_rows"."id" = ?[0m  [["expense_id", 6], ["updated_at", "2026-05-17 22:06:54.819360"], ["id", 2]]
  [1m[36mTRANSACTION (1.6ms)[0m  [1m[36mcommit transaction[0m
  [1m[36mAmazonImportRow Count (0.1ms)[0m  [1m[34mSELECT COUNT(*) FROM "amazon_import_rows" WHERE "amazon_import_rows"."amazon_import_batch_id" = ?[0m  [["amazon_import_batch_id", 2]]
  [1m[36mAmazonImportRow Exists? (0.1ms)[0m  [1m[34mSELECT 1 AS one FROM "amazon_import_rows" WHERE "amazon_import_rows"."amazon_import_batch_id" = ? AND "amazon_import_rows"."status" = ? LIMIT ?[0m  [["amazon_import_batch_id", 2], ["status", 0], ["LIMIT", 1]]
  [1m[36mTRANSACTION (0.0ms)[0m  [1m[36mbegin transaction[0m
  [1m[36mAmazonImportRow Update (0.1ms)[0m  [1m[33mUPDATE "amazon_import_rows" SET "status" = ?, "updated_at" = ? WHERE "amazon_import_rows"."id" = ?[0m  [["status", 1], ["updated_at", "2026-05-17 22:06:54.823234"], ["id", 3]]
  [1m[36mTRANSACTION (1.9ms)[0m  [1m[36mcommit transaction[0m
  [1m[36mTRANSACTION (0.0ms)[0m  [1m[36mbegin transaction[0m
  [1m[36mExpense Create (0.1ms)[0m  [1m[32mINSERT INTO "expenses" ("vendor", "category", "spent_on", "amount_cents", "created_at", "updated_at") VALUES (?, ?, ?, ?, ?, ?)[0m  [["vendor", "Amazon"], ["category", "Refunds and returns"], ["spent_on", "2026-05-02"], ["amount_cents", 2500], ["created_at", "2026-05-17 22:06:54.826035"], ["updated_at", "2026-05-17 22:06:54.826035"]]
  [1m[36mTRANSACTION (1.5ms)[0m  [1m[36mcommit transaction[0m
  [1m[36mTRANSACTION (0.0ms)[0m  [1m[36mbegin transaction[0m
  [1m[36mAmazonImportRow Update (0.1ms)[0m  [1m[33mUPDATE "amazon_import_rows" SET "expense_id" = ?, "updated_at" = ? WHERE "amazon_import_rows"."id" = ?[0m  [["expense_id", 7], ["updated_at", "2026-05-17 22:06:54.828409"], ["id", 3]]
  [1m[36mTRANSACTION (1.7ms)[0m  [1m[36mcommit transaction[0m
  [1m[36mAmazonImportRow Count (0.1ms)[0m  [1m[34mSELECT COUNT(*) FROM "amazon_import_rows" WHERE "amazon_import_rows"."amazon_import_batch_id" = ?[0m  [["amazon_import_batch_id", 2]]
  [1m[36mAmazonImportRow Exists? (0.1ms)[0m  [1m[34mSELECT 1 AS one FROM "amazon_import_rows" WHERE "amazon_import_rows"."amazon_import_batch_id" = ? AND "amazon_import_rows"."status" = ? LIMIT ?[0m  [["amazon_import_batch_id", 2], ["status", 0], ["LIMIT", 1]]
  [1m[36mTRANSACTION (0.0ms)[0m  [1m[36mbegin transaction[0m
  [1m[36mAmazonImportBatch Update (0.1ms)[0m  [1m[33mUPDATE "amazon_import_batches" SET "status" = ?, "updated_at" = ? WHERE "amazon_import_batches"."id" = ?[0m  [["status", 1], ["updated_at", "2026-05-17 22:06:54.831731"], ["id", 2]]
  [1m[36mTRANSACTION (1.9ms)[0m  [1m[36mcommit transaction[0m
  [1m[36mAmazonImportRow Load (0.1ms)[0m  [1m[34mSELECT "amazon_import_rows".* FROM "amazon_import_rows" WHERE "amazon_import_rows"."amazon_import_batch_id" = ? ORDER BY "amazon_import_rows"."source_row_number" ASC[0m  [["amazon_import_batch_id", 2]]
  [1m[36mAmazonImportRow Count (0.1ms)[0m  [1m[34mSELECT COUNT(*) FROM "amazon_import_rows" WHERE "amazon_import_rows"."amazon_import_batch_id" = ? AND "amazon_import_rows"."status" = ?[0m  [["amazon_import_batch_id", 2], ["status", 1]]
  [1m[36mAmazonImportRow Load (0.1ms)[0m  [1m[34mSELECT "amazon_import_rows".* FROM "amazon_import_rows" WHERE "amazon_import_rows"."status" = ? AND "amazon_import_rows"."posted_on" BETWEEN ? AND ?[0m  [["status", 1], ["posted_on", "2026-01-01"], ["posted_on", "2026-12-31"]]
  [1m[36mTransaction Count (0.0ms)[0m  [1m[34mSELECT COUNT(*) FROM "transactions"[0m
  [1m[36mExpense Count (0.0ms)[0m  [1m[34mSELECT COUNT(*) FROM "expenses"[0m
  [1m[36mAmazonImportBatch Load (0.1ms)[0m  [1m[34mSELECT "amazon_import_batches".* FROM "amazon_import_batches" ORDER BY "amazon_import_batches"."id" DESC LIMIT ?[0m  [["LIMIT", 1]]
  [1m[36mAmazonImportBatch Load (0.1ms)[0m  [1m[34mSELECT "amazon_import_batches".* FROM "amazon_import_batches" ORDER BY "amazon_import_batches"."id" DESC LIMIT ?[0m  [["LIMIT", 1]]
Started GET "/" for 127.0.0.1 at 2026-05-17 16:07:14 -0600
Processing by DashboardController#index as HTML
  [1m[36mAccount Sum (0.1ms)[0m  [1m[34mSELECT SUM("accounts"."balance_cents") FROM "accounts" WHERE "accounts"."kind" = ?[0m  [["kind", 0]]
  [1m[36mTransaction Sum (0.1ms)[0m  [1m[34mSELECT SUM("transactions"."amount_cents") FROM "transactions" INNER JOIN "accounts" ON "accounts"."id" = "transactions"."credit_account_id" WHERE "transactions"."transacted_on" BETWEEN ? AND ? AND "accounts"."kind" = ?[0m  [["transacted_on", "2026-05-01"], ["transacted_on", "2026-05-31"], ["kind", 3]]
  [1m[36mTransaction Sum (0.1ms)[0m  [1m[34mSELECT SUM("transactions"."amount_cents") FROM "transactions" INNER JOIN "accounts" ON "accounts"."id" = "transactions"."debit_account_id" WHERE "transactions"."transacted_on" BETWEEN ? AND ? AND "accounts"."kind" = ?[0m  [["transacted_on", "2026-05-01"], ["transacted_on", "2026-05-31"], ["kind", 4]]
  [1m[36mInvoice Sum (0.1ms)[0m  [1m[34mSELECT SUM("invoices"."total_cents") FROM "invoices" WHERE "invoices"."status" IN (?, ?)[0m  [["status", 1], ["status", 3]]
  [1m[36mExpense Sum (0.1ms)[0m  [1m[34mSELECT SUM("expenses"."amount_cents") AS "sum_amount_cents", "expenses"."category" AS "expenses_category" FROM "expenses" WHERE "expenses"."spent_on" BETWEEN ? AND ? GROUP BY "expenses"."category"[0m  [["spent_on", "2026-05-01"], ["spent_on", "2026-05-31"]]
  [1m[36mAmazonImportRow Load (0.1ms)[0m  [1m[34mSELECT "amazon_import_rows".* FROM "amazon_import_rows" WHERE "amazon_import_rows"."status" = ? AND "amazon_import_rows"."posted_on" BETWEEN ? AND ?[0m  [["status", 1], ["posted_on", "2026-01-01"], ["posted_on", "2026-12-31"]]
  [1m[36mAmazonImportRow Count (0.1ms)[0m  [1m[34mSELECT COUNT(*) FROM "amazon_import_rows" WHERE "amazon_import_rows"."status" = ? AND "amazon_import_rows"."tax_category" = ?[0m  [["status", 0], ["tax_category", "uncategorized"]]
  [1m[36mAmazonImportRow Count (0.1ms)[0m  [1m[34mSELECT COUNT(*) FROM "amazon_import_rows" WHERE "amazon_import_rows"."status" = ?[0m  [["status", 0]]
  Rendering layout layouts/application.html.erb
  Rendering dashboard/index.html.erb within layouts/application
  [1m[36mTransaction Load (0.2ms)[0m  [1m[34mSELECT "transactions".* FROM "transactions" ORDER BY "transactions"."transacted_on" DESC LIMIT ?[0m  [["LIMIT", 8]]
  [1m[36mAccount Load (0.1ms)[0m  [1m[34mSELECT "accounts".* FROM "accounts" WHERE "accounts"."id" = ?[0m  [["id", 1]]
  [1m[36mAccount Load (0.1ms)[0m  [1m[34mSELECT "accounts".* FROM "accounts" WHERE "accounts"."id" = ?[0m  [["id", 2]]
  Rendered dashboard/index.html.erb within layouts/application (Duration: 36.2ms | Allocations: 39507)
  Rendered layout layouts/application.html.erb (Duration: 40.0ms | Allocations: 40599)
Completed 200 OK in 87ms (Views: 41.8ms | ActiveRecord: 2.3ms | Allocations: 95262)


Started GET "/amazon-imports" for 127.0.0.1 at 2026-05-17 16:07:14 -0600
Processing by AmazonImportBatchesController#index as HTML
  Rendering layout layouts/application.html.erb
  Rendering amazon_import_batches/index.html.erb within layouts/application
  [1m[36mAmazonImportBatch Load (0.1ms)[0m  [1m[34mSELECT "amazon_import_batches".* FROM "amazon_import_batches" ORDER BY "amazon_import_batches"."imported_at" DESC[0m
  Rendered amazon_import_batches/index.html.erb within layouts/application (Duration: 1.2ms | Allocations: 1145)
  Rendered layout layouts/application.html.erb (Duration: 1.8ms | Allocations: 1673)
Completed 200 OK in 3ms (Views: 2.5ms | ActiveRecord: 0.1ms | Allocations: 2648)


Started GET "/amazon-imports/new" for 127.0.0.1 at 2026-05-17 16:07:14 -0600
Processing by AmazonImportBatchesController#new as HTML
  Rendering layout layouts/application.html.erb
  Rendering amazon_import_batches/new.html.erb within layouts/application
  Rendered amazon_import_batches/new.html.erb within layouts/application (Duration: 2.2ms | Allocations: 1833)
  Rendered layout layouts/application.html.erb (Duration: 2.5ms | Allocations: 2093)
Completed 200 OK in 3ms (Views: 2.7ms | ActiveRecord: 0.0ms | Allocations: 2455)


Started GET "/amazon-imports/2" for 127.0.0.1 at 2026-05-17 16:07:14 -0600
Processing by AmazonImportBatchesController#show as HTML
  Parameters: {"id"=>"2"}
  [1m[36mAmazonImportBatch Load (0.1ms)[0m  [1m[34mSELECT "amazon_import_batches".* FROM "amazon_import_batches" WHERE "amazon_import_batches"."id" = ? LIMIT ?[0m  [["id", 2], ["LIMIT", 1]]
  Rendering layout layouts/application.html.erb
  Rendering amazon_import_batches/show.html.erb within layouts/application
  [1m[36mAmazonImportRow Load (0.1ms)[0m  [1m[34mSELECT "amazon_import_rows".* FROM "amazon_import_rows" WHERE "amazon_import_rows"."amazon_import_batch_id" = ? ORDER BY "amazon_import_rows"."source_row_number" ASC[0m  [["amazon_import_batch_id", 2]]
  Rendered amazon_import_batches/show.html.erb within layouts/application (Duration: 2.1ms | Allocations: 1915)
  Rendered layout layouts/application.html.erb (Duration: 2.6ms | Allocations: 2392)
Completed 200 OK in 8ms (Views: 2.8ms | ActiveRecord: 0.3ms | Allocations: 6553)


Started GET "/tax-packet" for 127.0.0.1 at 2026-05-17 16:07:14 -0600
Processing by TaxPacketsController#show as HTML
  [1m[36mAmazonImportRow Load (0.1ms)[0m  [1m[34mSELECT "amazon_import_rows".* FROM "amazon_import_rows" WHERE "amazon_import_rows"."status" = ? AND "amazon_import_rows"."posted_on" BETWEEN ? AND ?[0m  [["status", 1], ["posted_on", "2026-01-01"], ["posted_on", "2026-12-31"]]
  [1m[36mAmazonImportRow Count (0.1ms)[0m  [1m[34mSELECT COUNT(*) FROM "amazon_import_rows" WHERE "amazon_import_rows"."status" = ? AND "amazon_import_rows"."tax_category" = ?[0m  [["status", 0], ["tax_category", "uncategorized"]]
  Rendering layout layouts/application.html.erb
  Rendering tax_packets/show.html.erb within layouts/application
  [1m[36mAmazonImportRow Load (0.1ms)[0m  [1m[34mSELECT "amazon_import_rows".* FROM "amazon_import_rows" WHERE "amazon_import_rows"."status" = ? AND "amazon_import_rows"."posted_on" BETWEEN ? AND ? ORDER BY "amazon_import_rows"."posted_on" ASC, "amazon_import_rows"."source_row_number" ASC[0m  [["status", 1], ["posted_on", "2026-01-01"], ["posted_on", "2026-12-31"]]
  Rendered tax_packets/show.html.erb within layouts/application (Duration: 3.2ms | Allocations: 2902)
  Rendered layout layouts/application.html.erb (Duration: 3.7ms | Allocations: 3399)
Completed 200 OK in 6ms (Views: 4.4ms | ActiveRecord: 0.3ms | Allocations: 5394)


  [1m[36mAmazonImportBatch Load (0.1ms)[0m  [1m[34mSELECT "amazon_import_batches".* FROM "amazon_import_batches" WHERE "amazon_import_batches"."filename" = ? ORDER BY "amazon_import_batches"."id" ASC LIMIT ?[0m  [["filename", "sample.tsv"], ["LIMIT", 1000]]
  [1m[36mAmazonImportRow Load (0.1ms)[0m  [1m[34mSELECT "amazon_import_rows".* FROM "amazon_import_rows" WHERE "amazon_import_rows"."amazon_import_batch_id" = ?[0m  [["amazon_import_batch_id", 1]]
  [1m[36mTRANSACTION (0.0ms)[0m  [1m[36mbegin transaction[0m
  [1m[36mAmazonImportBatch Destroy (0.1ms)[0m  [1m[31mDELETE FROM "amazon_import_batches" WHERE "amazon_import_batches"."id" = ?[0m  [["id", 1]]
  [1m[36mTRANSACTION (5.0ms)[0m  [1m[36mcommit transaction[0m
  [1m[36mAmazonImportRow Load (0.1ms)[0m  [1m[34mSELECT "amazon_import_rows".* FROM "amazon_import_rows" WHERE "amazon_import_rows"."amazon_import_batch_id" = ?[0m  [["amazon_import_batch_id", 2]]
  [1m[36mTransaction Load (0.1ms)[0m  [1m[34mSELECT "transactions".* FROM "transactions" WHERE "transactions"."id" = ? LIMIT ?[0m  [["id", 11], ["LIMIT", 1]]
  [1m[36mTRANSACTION (0.1ms)[0m  [1m[36mbegin transaction[0m
  [1m[36mTransaction Destroy (0.3ms)[0m  [1m[31mDELETE FROM "transactions" WHERE "transactions"."id" = ?[0m  [["id", 11]]
  [1m[36mTRANSACTION (0.1ms)[0m  [1m[31mrollback transaction[0m
  [1m[36mAmazonImportBatch Load (0.1ms)[0m  [1m[34mSELECT "amazon_import_batches".* FROM "amazon_import_batches" WHERE "amazon_import_batches"."filename" = ? ORDER BY "amazon_import_batches"."id" ASC LIMIT ?[0m  [["filename", "sample.tsv"], ["LIMIT", 1000]]
  [1m[36mAmazonImportRow Load (0.1ms)[0m  [1m[34mSELECT "amazon_import_rows".* FROM "amazon_import_rows" WHERE "amazon_import_rows"."amazon_import_batch_id" = ?[0m  [["amazon_import_batch_id", 2]]
  [1m[36mTransaction Load (0.1ms)[0m  [1m[34mSELECT "transactions".* FROM "transactions" WHERE "transactions"."id" = ? LIMIT ?[0m  [["id", 11], ["LIMIT", 1]]
  [1m[36mAmazonImportRow Update (2.3ms)[0m  [1m[33mUPDATE "amazon_import_rows" SET "transaction_id" = ?, "expense_id" = ? WHERE "amazon_import_rows"."id" = ?[0m  [["transaction_id", nil], ["expense_id", nil], ["id", 1]]
  [1m[36mTRANSACTION (0.0ms)[0m  [1m[36mbegin transaction[0m
  [1m[36mTransaction Destroy (0.1ms)[0m  [1m[31mDELETE FROM "transactions" WHERE "transactions"."id" = ?[0m  [["id", 11]]
  [1m[36mTRANSACTION (1.7ms)[0m  [1m[36mcommit transaction[0m
  [1m[36mExpense Load (0.1ms)[0m  [1m[34mSELECT "expenses".* FROM "expenses" WHERE "expenses"."id" = ? LIMIT ?[0m  [["id", 6], ["LIMIT", 1]]
  [1m[36mAmazonImportRow Update (2.1ms)[0m  [1m[33mUPDATE "amazon_import_rows" SET "transaction_id" = ?, "expense_id" = ? WHERE "amazon_import_rows"."id" = ?[0m  [["transaction_id", nil], ["expense_id", nil], ["id", 2]]
  [1m[36mTRANSACTION (0.0ms)[0m  [1m[36mbegin transaction[0m
  [1m[36mExpense Destroy (0.2ms)[0m  [1m[31mDELETE FROM "expenses" WHERE "expenses"."id" = ?[0m  [["id", 6]]
  [1m[36mTRANSACTION (1.8ms)[0m  [1m[36mcommit transaction[0m
  [1m[36mExpense Load (0.0ms)[0m  [1m[34mSELECT "expenses".* FROM "expenses" WHERE "expenses"."id" = ? LIMIT ?[0m  [["id", 7], ["LIMIT", 1]]
  [1m[36mAmazonImportRow Update (2.0ms)[0m  [1m[33mUPDATE "amazon_import_rows" SET "transaction_id" = ?, "expense_id" = ? WHERE "amazon_import_rows"."id" = ?[0m  [["transaction_id", nil], ["expense_id", nil], ["id", 3]]
  [1m[36mTRANSACTION (0.0ms)[0m  [1m[36mbegin transaction[0m
  [1m[36mExpense Destroy (0.1ms)[0m  [1m[31mDELETE FROM "expenses" WHERE "expenses"."id" = ?[0m  [["id", 7]]
  [1m[36mTRANSACTION (1.8ms)[0m  [1m[36mcommit transaction[0m
  [1m[36mTRANSACTION (0.0ms)[0m  [1m[36mbegin transaction[0m
  [1m[36mAmazonImportRow Destroy (0.1ms)[0m  [1m[31mDELETE FROM "amazon_import_rows" WHERE "amazon_import_rows"."id" = ?[0m  [["id", 1]]
  [1m[36mAmazonImportRow Destroy (0.0ms)[0m  [1m[31mDELETE FROM "amazon_import_rows" WHERE "amazon_import_rows"."id" = ?[0m  [["id", 2]]
  [1m[36mAmazonImportRow Destroy (0.0ms)[0m  [1m[31mDELETE FROM "amazon_import_rows" WHERE "amazon_import_rows"."id" = ?[0m  [["id", 3]]
  [1m[36mAmazonImportBatch Destroy (0.0ms)[0m  [1m[31mDELETE FROM "amazon_import_batches" WHERE "amazon_import_batches"."id" = ?[0m  [["id", 2]]
  [1m[36mTRANSACTION (1.8ms)[0m  [1m[36mcommit transaction[0m
  [1m[36mAmazonImportBatch Count (0.1ms)[0m  [1m[34mSELECT COUNT(*) FROM "amazon_import_batches" WHERE "amazon_import_batches"."filename" = ?[0m  [["filename", "sample.tsv"]]
Started GET "/" for 127.0.0.1 at 2026-05-17 16:07:57 -0600
Processing by DashboardController#index as HTML
  [1m[36mAccount Sum (0.1ms)[0m  [1m[34mSELECT SUM("accounts"."balance_cents") FROM "accounts" WHERE "accounts"."kind" = ?[0m  [["kind", 0]]
  [1m[36mTransaction Sum (0.1ms)[0m  [1m[34mSELECT SUM("transactions"."amount_cents") FROM "transactions" INNER JOIN "accounts" ON "accounts"."id" = "transactions"."credit_account_id" WHERE "transactions"."transacted_on" BETWEEN ? AND ? AND "accounts"."kind" = ?[0m  [["transacted_on", "2026-05-01"], ["transacted_on", "2026-05-31"], ["kind", 3]]
  [1m[36mTransaction Sum (0.1ms)[0m  [1m[34mSELECT SUM("transactions"."amount_cents") FROM "transactions" INNER JOIN "accounts" ON "accounts"."id" = "transactions"."debit_account_id" WHERE "transactions"."transacted_on" BETWEEN ? AND ? AND "accounts"."kind" = ?[0m  [["transacted_on", "2026-05-01"], ["transacted_on", "2026-05-31"], ["kind", 4]]
  [1m[36mInvoice Sum (0.1ms)[0m  [1m[34mSELECT SUM("invoices"."total_cents") FROM "invoices" WHERE "invoices"."status" IN (?, ?)[0m  [["status", 1], ["status", 3]]
  [1m[36mExpense Sum (0.1ms)[0m  [1m[34mSELECT SUM("expenses"."amount_cents") AS "sum_amount_cents", "expenses"."category" AS "expenses_category" FROM "expenses" WHERE "expenses"."spent_on" BETWEEN ? AND ? GROUP BY "expenses"."category"[0m  [["spent_on", "2026-05-01"], ["spent_on", "2026-05-31"]]
  [1m[36mAmazonImportRow Load (0.1ms)[0m  [1m[34mSELECT "amazon_import_rows".* FROM "amazon_import_rows" WHERE "amazon_import_rows"."status" = ? AND "amazon_import_rows"."posted_on" BETWEEN ? AND ?[0m  [["status", 1], ["posted_on", "2026-01-01"], ["posted_on", "2026-12-31"]]
  [1m[36mAmazonImportRow Count (0.1ms)[0m  [1m[34mSELECT COUNT(*) FROM "amazon_import_rows" WHERE "amazon_import_rows"."status" = ? AND "amazon_import_rows"."tax_category" = ?[0m  [["status", 0], ["tax_category", "uncategorized"]]
  [1m[36mAmazonImportRow Count (0.1ms)[0m  [1m[34mSELECT COUNT(*) FROM "amazon_import_rows" WHERE "amazon_import_rows"."status" = ?[0m  [["status", 0]]
  Rendering layout layouts/application.html.erb
  Rendering dashboard/index.html.erb within layouts/application
  [1m[36mTransaction Load (0.2ms)[0m  [1m[34mSELECT "transactions".* FROM "transactions" ORDER BY "transactions"."transacted_on" DESC LIMIT ?[0m  [["LIMIT", 8]]
  [1m[36mAccount Load (0.1ms)[0m  [1m[34mSELECT "accounts".* FROM "accounts" WHERE "accounts"."id" = ?[0m  [["id", 1]]
  [1m[36mAccount Load (0.0ms)[0m  [1m[34mSELECT "accounts".* FROM "accounts" WHERE "accounts"."id" = ?[0m  [["id", 2]]
  Rendered dashboard/index.html.erb within layouts/application (Duration: 27.6ms | Allocations: 41400)
  Rendered layout layouts/application.html.erb (Duration: 31.0ms | Allocations: 42489)
Completed 200 OK in 97ms (Views: 32.8ms | ActiveRecord: 3.2ms | Allocations: 115611)


Started GET "/amazon-imports" for 127.0.0.1 at 2026-05-17 16:07:57 -0600
Processing by AmazonImportBatchesController#index as HTML
  Rendering layout layouts/application.html.erb
  Rendering amazon_import_batches/index.html.erb within layouts/application
  [1m[36mAmazonImportBatch Load (0.3ms)[0m  [1m[34mSELECT "amazon_import_batches".* FROM "amazon_import_batches" ORDER BY "amazon_import_batches"."imported_at" DESC[0m
  Rendered amazon_import_batches/index.html.erb within layouts/application (Duration: 1.1ms | Allocations: 741)
  Rendered layout layouts/application.html.erb (Duration: 1.7ms | Allocations: 1277)
Completed 200 OK in 8ms (Views: 2.2ms | ActiveRecord: 0.5ms | Allocations: 5831)


Started GET "/amazon-imports/new" for 127.0.0.1 at 2026-05-17 16:07:57 -0600
Processing by AmazonImportBatchesController#new as HTML
  Rendering layout layouts/application.html.erb
  Rendering amazon_import_batches/new.html.erb within layouts/application
  Rendered amazon_import_batches/new.html.erb within layouts/application (Duration: 2.1ms | Allocations: 1811)
  Rendered layout layouts/application.html.erb (Duration: 2.4ms | Allocations: 2071)
Completed 200 OK in 3ms (Views: 2.5ms | ActiveRecord: 0.0ms | Allocations: 2433)


Started GET "/tax-packet" for 127.0.0.1 at 2026-05-17 16:07:57 -0600
Processing by TaxPacketsController#show as HTML
  [1m[36mAmazonImportRow Load (0.1ms)[0m  [1m[34mSELECT "amazon_import_rows".* FROM "amazon_import_rows" WHERE "amazon_import_rows"."status" = ? AND "amazon_import_rows"."posted_on" BETWEEN ? AND ?[0m  [["status", 1], ["posted_on", "2026-01-01"], ["posted_on", "2026-12-31"]]
  [1m[36mAmazonImportRow Count (0.1ms)[0m  [1m[34mSELECT COUNT(*) FROM "amazon_import_rows" WHERE "amazon_import_rows"."status" = ? AND "amazon_import_rows"."tax_category" = ?[0m  [["status", 0], ["tax_category", "uncategorized"]]
  Rendering layout layouts/application.html.erb
  Rendering tax_packets/show.html.erb within layouts/application
  [1m[36mAmazonImportRow Load (0.1ms)[0m  [1m[34mSELECT "amazon_import_rows".* FROM "amazon_import_rows" WHERE "amazon_import_rows"."status" = ? AND "amazon_import_rows"."posted_on" BETWEEN ? AND ? ORDER BY "amazon_import_rows"."posted_on" ASC, "amazon_import_rows"."source_row_number" ASC[0m  [["status", 1], ["posted_on", "2026-01-01"], ["posted_on", "2026-12-31"]]
  Rendered tax_packets/show.html.erb within layouts/application (Duration: 2.4ms | Allocations: 2499)
  Rendered layout layouts/application.html.erb (Duration: 2.8ms | Allocations: 3010)
Completed 200 OK in 5ms (Views: 3.3ms | ActiveRecord: 0.2ms | Allocations: 4946)


Started GET "/" for 100.108.203.87 at 2026-05-17 16:11:39 -0600
Processing by DashboardController#index as HTML
  [1m[36mAccount Sum (0.1ms)[0m  [1m[34mSELECT SUM("accounts"."balance_cents") FROM "accounts" WHERE "accounts"."kind" = ?[0m  [["kind", 0]]
  [1m[36mTransaction Sum (0.1ms)[0m  [1m[34mSELECT SUM("transactions"."amount_cents") FROM "transactions" INNER JOIN "accounts" ON "accounts"."id" = "transactions"."credit_account_id" WHERE "transactions"."transacted_on" BETWEEN ? AND ? AND "accounts"."kind" = ?[0m  [["transacted_on", "2026-05-01"], ["transacted_on", "2026-05-31"], ["kind", 3]]
  [1m[36mTransaction Sum (0.1ms)[0m  [1m[34mSELECT SUM("transactions"."amount_cents") FROM "transactions" INNER JOIN "accounts" ON "accounts"."id" = "transactions"."debit_account_id" WHERE "transactions"."transacted_on" BETWEEN ? AND ? AND "accounts"."kind" = ?[0m  [["transacted_on", "2026-05-01"], ["transacted_on", "2026-05-31"], ["kind", 4]]
  [1m[36mInvoice Sum (0.1ms)[0m  [1m[34mSELECT SUM("invoices"."total_cents") FROM "invoices" WHERE "invoices"."status" IN (?, ?)[0m  [["status", 1], ["status", 3]]
  [1m[36mExpense Sum (0.1ms)[0m  [1m[34mSELECT SUM("expenses"."amount_cents") AS "sum_amount_cents", "expenses"."category" AS "expenses_category" FROM "expenses" WHERE "expenses"."spent_on" BETWEEN ? AND ? GROUP BY "expenses"."category"[0m  [["spent_on", "2026-05-01"], ["spent_on", "2026-05-31"]]
  [1m[36mAmazonImportRow Load (0.1ms)[0m  [1m[34mSELECT "amazon_import_rows".* FROM "amazon_import_rows" WHERE "amazon_import_rows"."status" = ? AND "amazon_import_rows"."posted_on" BETWEEN ? AND ?[0m  [["status", 1], ["posted_on", "2026-01-01"], ["posted_on", "2026-12-31"]]
  [1m[36mAmazonImportRow Count (0.1ms)[0m  [1m[34mSELECT COUNT(*) FROM "amazon_import_rows" WHERE "amazon_import_rows"."status" = ? AND "amazon_import_rows"."tax_category" = ?[0m  [["status", 0], ["tax_category", "uncategorized"]]
  [1m[36mAmazonImportRow Count (0.0ms)[0m  [1m[34mSELECT COUNT(*) FROM "amazon_import_rows" WHERE "amazon_import_rows"."status" = ?[0m  [["status", 0]]
  Rendering layout layouts/application.html.erb
  Rendering dashboard/index.html.erb within layouts/application
  [1m[36mTransaction Load (0.1ms)[0m  [1m[34mSELECT "transactions".* FROM "transactions" ORDER BY "transactions"."transacted_on" DESC LIMIT ?[0m  [["LIMIT", 8]]
  [1m[36mAccount Load (0.1ms)[0m  [1m[34mSELECT "accounts".* FROM "accounts" WHERE "accounts"."id" = ?[0m  [["id", 1]]
  [1m[36mAccount Load (0.0ms)[0m  [1m[34mSELECT "accounts".* FROM "accounts" WHERE "accounts"."id" = ?[0m  [["id", 2]]
  Rendered dashboard/index.html.erb within layouts/application (Duration: 30.4ms | Allocations: 41432)
  Rendered layout layouts/application.html.erb (Duration: 34.2ms | Allocations: 42703)
Completed 200 OK in 93ms (Views: 35.9ms | ActiveRecord: 2.6ms | Allocations: 115890)


Started GET "/favicon.ico" for 100.108.203.87 at 2026-05-17 16:11:39 -0600
  
ActionController::RoutingError (No route matches [GET] "/favicon.ico"):
  
Started GET "/" for 100.108.203.87 at 2026-05-17 16:11:41 -0600
Processing by DashboardController#index as HTML
  [1m[36mAccount Sum (0.1ms)[0m  [1m[34mSELECT SUM("accounts"."balance_cents") FROM "accounts" WHERE "accounts"."kind" = ?[0m  [["kind", 0]]
  [1m[36mTransaction Sum (0.0ms)[0m  [1m[34mSELECT SUM("transactions"."amount_cents") FROM "transactions" INNER JOIN "accounts" ON "accounts"."id" = "transactions"."credit_account_id" WHERE "transactions"."transacted_on" BETWEEN ? AND ? AND "accounts"."kind" = ?[0m  [["transacted_on", "2026-05-01"], ["transacted_on", "2026-05-31"], ["kind", 3]]
  [1m[36mTransaction Sum (0.0ms)[0m  [1m[34mSELECT SUM("transactions"."amount_cents") FROM "transactions" INNER JOIN "accounts" ON "accounts"."id" = "transactions"."debit_account_id" WHERE "transactions"."transacted_on" BETWEEN ? AND ? AND "accounts"."kind" = ?[0m  [["transacted_on", "2026-05-01"], ["transacted_on", "2026-05-31"], ["kind", 4]]
  [1m[36mInvoice Sum (0.1ms)[0m  [1m[34mSELECT SUM("invoices"."total_cents") FROM "invoices" WHERE "invoices"."status" IN (?, ?)[0m  [["status", 1], ["status", 3]]
  [1m[36mExpense Sum (0.1ms)[0m  [1m[34mSELECT SUM("expenses"."amount_cents") AS "sum_amount_cents", "expenses"."category" AS "expenses_category" FROM "expenses" WHERE "expenses"."spent_on" BETWEEN ? AND ? GROUP BY "expenses"."category"[0m  [["spent_on", "2026-05-01"], ["spent_on", "2026-05-31"]]
  [1m[36mAmazonImportRow Load (0.0ms)[0m  [1m[34mSELECT "amazon_import_rows".* FROM "amazon_import_rows" WHERE "amazon_import_rows"."status" = ? AND "amazon_import_rows"."posted_on" BETWEEN ? AND ?[0m  [["status", 1], ["posted_on", "2026-01-01"], ["posted_on", "2026-12-31"]]
  [1m[36mAmazonImportRow Count (0.1ms)[0m  [1m[34mSELECT COUNT(*) FROM "amazon_import_rows" WHERE "amazon_import_rows"."status" = ? AND "amazon_import_rows"."tax_category" = ?[0m  [["status", 0], ["tax_category", "uncategorized"]]
  [1m[36mAmazonImportRow Count (0.1ms)[0m  [1m[34mSELECT COUNT(*) FROM "amazon_import_rows" WHERE "amazon_import_rows"."status" = ?[0m  [["status", 0]]
  Rendering layout layouts/application.html.erb
  Rendering dashboard/index.html.erb within layouts/application
  [1m[36mTransaction Load (0.1ms)[0m  [1m[34mSELECT "transactions".* FROM "transactions" ORDER BY "transactions"."transacted_on" DESC LIMIT ?[0m  [["LIMIT", 8]]
  [1m[36mAccount Load (0.0ms)[0m  [1m[34mSELECT "accounts".* FROM "accounts" WHERE "accounts"."id" = ?[0m  [["id", 1]]
  [1m[36mAccount Load (0.0ms)[0m  [1m[34mSELECT "accounts".* FROM "accounts" WHERE "accounts"."id" = ?[0m  [["id", 2]]
  Rendered dashboard/index.html.erb within layouts/application (Duration: 2.6ms | Allocations: 2741)
  Rendered layout layouts/application.html.erb (Duration: 3.1ms | Allocations: 3181)
Completed 200 OK in 8ms (Views: 3.3ms | ActiveRecord: 0.7ms | Allocations: 6797)


Started GET "/amazon-imports" for 100.108.203.87 at 2026-05-17 16:11:42 -0600
Processing by AmazonImportBatchesController#index as HTML
  Rendering layout layouts/application.html.erb
  Rendering amazon_import_batches/index.html.erb within layouts/application
  [1m[36mAmazonImportBatch Load (0.1ms)[0m  [1m[34mSELECT "amazon_import_batches".* FROM "amazon_import_batches" ORDER BY "amazon_import_batches"."imported_at" DESC[0m
  Rendered amazon_import_batches/index.html.erb within layouts/application (Duration: 0.8ms | Allocations: 748)
  Rendered layout layouts/application.html.erb (Duration: 1.5ms | Allocations: 1285)
Completed 200 OK in 6ms (Views: 2.3ms | ActiveRecord: 0.3ms | Allocations: 5881)


Started GET "/tax-packet" for 100.108.203.87 at 2026-05-17 16:11:42 -0600
Processing by TaxPacketsController#show as HTML
  [1m[36mAmazonImportRow Load (0.1ms)[0m  [1m[34mSELECT "amazon_import_rows".* FROM "amazon_import_rows" WHERE "amazon_import_rows"."status" = ? AND "amazon_import_rows"."posted_on" BETWEEN ? AND ?[0m  [["status", 1], ["posted_on", "2026-01-01"], ["posted_on", "2026-12-31"]]
  [1m[36mAmazonImportRow Count (0.1ms)[0m  [1m[34mSELECT COUNT(*) FROM "amazon_import_rows" WHERE "amazon_import_rows"."status" = ? AND "amazon_import_rows"."tax_category" = ?[0m  [["status", 0], ["tax_category", "uncategorized"]]
  Rendering layout layouts/application.html.erb
  Rendering tax_packets/show.html.erb within layouts/application
  [1m[36mAmazonImportRow Load (0.1ms)[0m  [1m[34mSELECT "amazon_import_rows".* FROM "amazon_import_rows" WHERE "amazon_import_rows"."status" = ? AND "amazon_import_rows"."posted_on" BETWEEN ? AND ? ORDER BY "amazon_import_rows"."posted_on" ASC, "amazon_import_rows"."source_row_number" ASC[0m  [["status", 1], ["posted_on", "2026-01-01"], ["posted_on", "2026-12-31"]]
  Rendered tax_packets/show.html.erb within layouts/application (Duration: 2.8ms | Allocations: 2916)
  Rendered layout layouts/application.html.erb (Duration: 3.3ms | Allocations: 3457)
Completed 200 OK in 6ms (Views: 3.9ms | ActiveRecord: 0.2ms | Allocations: 5447)


Started GET "/amazon-imports" for 100.108.203.87 at 2026-05-17 16:11:43 -0600
Processing by AmazonImportBatchesController#index as HTML
  Rendering layout layouts/application.html.erb
  Rendering amazon_import_batches/index.html.erb within layouts/application
  [1m[36mAmazonImportBatch Load (0.1ms)[0m  [1m[34mSELECT "amazon_import_batches".* FROM "amazon_import_batches" ORDER BY "amazon_import_batches"."imported_at" DESC[0m
  Rendered amazon_import_batches/index.html.erb within layouts/application (Duration: 0.4ms | Allocations: 149)
  Rendered layout layouts/application.html.erb (Duration: 1.1ms | Allocations: 574)
Completed 200 OK in 2ms (Views: 1.5ms | ActiveRecord: 0.1ms | Allocations: 947)


Started GET "/" for 100.108.203.87 at 2026-05-17 16:11:43 -0600
Processing by DashboardController#index as HTML
  [1m[36mAccount Sum (0.1ms)[0m  [1m[34mSELECT SUM("accounts"."balance_cents") FROM "accounts" WHERE "accounts"."kind" = ?[0m  [["kind", 0]]
  [1m[36mTransaction Sum (0.0ms)[0m  [1m[34mSELECT SUM("transactions"."amount_cents") FROM "transactions" INNER JOIN "accounts" ON "accounts"."id" = "transactions"."credit_account_id" WHERE "transactions"."transacted_on" BETWEEN ? AND ? AND "accounts"."kind" = ?[0m  [["transacted_on", "2026-05-01"], ["transacted_on", "2026-05-31"], ["kind", 3]]
  [1m[36mTransaction Sum (0.0ms)[0m  [1m[34mSELECT SUM("transactions"."amount_cents") FROM "transactions" INNER JOIN "accounts" ON "accounts"."id" = "transactions"."debit_account_id" WHERE "transactions"."transacted_on" BETWEEN ? AND ? AND "accounts"."kind" = ?[0m  [["transacted_on", "2026-05-01"], ["transacted_on", "2026-05-31"], ["kind", 4]]
  [1m[36mInvoice Sum (0.1ms)[0m  [1m[34mSELECT SUM("invoices"."total_cents") FROM "invoices" WHERE "invoices"."status" IN (?, ?)[0m  [["status", 1], ["status", 3]]
  [1m[36mExpense Sum (0.1ms)[0m  [1m[34mSELECT SUM("expenses"."amount_cents") AS "sum_amount_cents", "expenses"."category" AS "expenses_category" FROM "expenses" WHERE "expenses"."spent_on" BETWEEN ? AND ? GROUP BY "expenses"."category"[0m  [["spent_on", "2026-05-01"], ["spent_on", "2026-05-31"]]
  [1m[36mAmazonImportRow Load (0.0ms)[0m  [1m[34mSELECT "amazon_import_rows".* FROM "amazon_import_rows" WHERE "amazon_import_rows"."status" = ? AND "amazon_import_rows"."posted_on" BETWEEN ? AND ?[0m  [["status", 1], ["posted_on", "2026-01-01"], ["posted_on", "2026-12-31"]]
  [1m[36mAmazonImportRow Count (0.1ms)[0m  [1m[34mSELECT COUNT(*) FROM "amazon_import_rows" WHERE "amazon_import_rows"."status" = ? AND "amazon_import_rows"."tax_category" = ?[0m  [["status", 0], ["tax_category", "uncategorized"]]
  [1m[36mAmazonImportRow Count (0.0ms)[0m  [1m[34mSELECT COUNT(*) FROM "amazon_import_rows" WHERE "amazon_import_rows"."status" = ?[0m  [["status", 0]]
  Rendering layout layouts/application.html.erb
  Rendering dashboard/index.html.erb within layouts/application
  [1m[36mTransaction Load (0.1ms)[0m  [1m[34mSELECT "transactions".* FROM "transactions" ORDER BY "transactions"."transacted_on" DESC LIMIT ?[0m  [["LIMIT", 8]]
  [1m[36mAccount Load (0.0ms)[0m  [1m[34mSELECT "accounts".* FROM "accounts" WHERE "accounts"."id" = ?[0m  [["id", 1]]
  [1m[36mAccount Load (0.0ms)[0m  [1m[34mSELECT "accounts".* FROM "accounts" WHERE "accounts"."id" = ?[0m  [["id", 2]]
  Rendered dashboard/index.html.erb within layouts/application (Duration: 2.4ms | Allocations: 2694)
  Rendered layout layouts/application.html.erb (Duration: 2.9ms | Allocations: 3128)
Completed 200 OK in 8ms (Views: 3.0ms | ActiveRecord: 0.6ms | Allocations: 6592)


Started GET "/amazon-imports" for 100.108.203.87 at 2026-05-17 16:11:43 -0600
Processing by AmazonImportBatchesController#index as HTML
  Rendering layout layouts/application.html.erb
  Rendering amazon_import_batches/index.html.erb within layouts/application
  [1m[36mAmazonImportBatch Load (0.1ms)[0m  [1m[34mSELECT "amazon_import_batches".* FROM "amazon_import_batches" ORDER BY "amazon_import_batches"."imported_at" DESC[0m
  Rendered amazon_import_batches/index.html.erb within layouts/application (Duration: 0.4ms | Allocations: 149)
  Rendered layout layouts/application.html.erb (Duration: 1.0ms | Allocations: 583)
Completed 200 OK in 2ms (Views: 1.3ms | ActiveRecord: 0.1ms | Allocations: 901)


Started GET "/tax-packet" for 100.108.203.87 at 2026-05-17 16:11:44 -0600
Processing by TaxPacketsController#show as HTML
  [1m[36mAmazonImportRow Load (0.2ms)[0m  [1m[34mSELECT "amazon_import_rows".* FROM "amazon_import_rows" WHERE "amazon_import_rows"."status" = ? AND "amazon_import_rows"."posted_on" BETWEEN ? AND ?[0m  [["status", 1], ["posted_on", "2026-01-01"], ["posted_on", "2026-12-31"]]
  [1m[36mAmazonImportRow Count (0.4ms)[0m  [1m[34mSELECT COUNT(*) FROM "amazon_import_rows" WHERE "amazon_import_rows"."status" = ? AND "amazon_import_rows"."tax_category" = ?[0m  [["status", 0], ["tax_category", "uncategorized"]]
  Rendering layout layouts/application.html.erb
  Rendering tax_packets/show.html.erb within layouts/application
  [1m[36mAmazonImportRow Load (0.2ms)[0m  [1m[34mSELECT "amazon_import_rows".* FROM "amazon_import_rows" WHERE "amazon_import_rows"."status" = ? AND "amazon_import_rows"."posted_on" BETWEEN ? AND ? ORDER BY "amazon_import_rows"."posted_on" ASC, "amazon_import_rows"."source_row_number" ASC[0m  [["status", 1], ["posted_on", "2026-01-01"], ["posted_on", "2026-12-31"]]
  Rendered tax_packets/show.html.erb within layouts/application (Duration: 6.2ms | Allocations: 1359)
  Rendered layout layouts/application.html.erb (Duration: 8.4ms | Allocations: 1785)
Completed 200 OK in 16ms (Views: 9.3ms | ActiveRecord: 0.8ms | Allocations: 2912)


Started GET "/amazon-imports" for 100.108.203.87 at 2026-05-17 16:11:45 -0600
Processing by AmazonImportBatchesController#index as HTML
  Rendering layout layouts/application.html.erb
  Rendering amazon_import_batches/index.html.erb within layouts/application
  [1m[36mAmazonImportBatch Load (0.1ms)[0m  [1m[34mSELECT "amazon_import_batches".* FROM "amazon_import_batches" ORDER BY "amazon_import_batches"."imported_at" DESC[0m
  Rendered amazon_import_batches/index.html.erb within layouts/application (Duration: 0.4ms | Allocations: 149)
  Rendered layout layouts/application.html.erb (Duration: 1.0ms | Allocations: 571)
Completed 200 OK in 2ms (Views: 1.3ms | ActiveRecord: 0.1ms | Allocations: 889)


Started GET "/" for 100.108.203.87 at 2026-05-17 16:11:46 -0600
Processing by DashboardController#index as HTML
  [1m[36mAccount Sum (0.1ms)[0m  [1m[34mSELECT SUM("accounts"."balance_cents") FROM "accounts" WHERE "accounts"."kind" = ?[0m  [["kind", 0]]
  [1m[36mTransaction Sum (0.0ms)[0m  [1m[34mSELECT SUM("transactions"."amount_cents") FROM "transactions" INNER JOIN "accounts" ON "accounts"."id" = "transactions"."credit_account_id" WHERE "transactions"."transacted_on" BETWEEN ? AND ? AND "accounts"."kind" = ?[0m  [["transacted_on", "2026-05-01"], ["transacted_on", "2026-05-31"], ["kind", 3]]
  [1m[36mTransaction Sum (0.0ms)[0m  [1m[34mSELECT SUM("transactions"."amount_cents") FROM "transactions" INNER JOIN "accounts" ON "accounts"."id" = "transactions"."debit_account_id" WHERE "transactions"."transacted_on" BETWEEN ? AND ? AND "accounts"."kind" = ?[0m  [["transacted_on", "2026-05-01"], ["transacted_on", "2026-05-31"], ["kind", 4]]
  [1m[36mInvoice Sum (0.1ms)[0m  [1m[34mSELECT SUM("invoices"."total_cents") FROM "invoices" WHERE "invoices"."status" IN (?, ?)[0m  [["status", 1], ["status", 3]]
  [1m[36mExpense Sum (0.1ms)[0m  [1m[34mSELECT SUM("expenses"."amount_cents") AS "sum_amount_cents", "expenses"."category" AS "expenses_category" FROM "expenses" WHERE "expenses"."spent_on" BETWEEN ? AND ? GROUP BY "expenses"."category"[0m  [["spent_on", "2026-05-01"], ["spent_on", "2026-05-31"]]
  [1m[36mAmazonImportRow Load (0.0ms)[0m  [1m[34mSELECT "amazon_import_rows".* FROM "amazon_import_rows" WHERE "amazon_import_rows"."status" = ? AND "amazon_import_rows"."posted_on" BETWEEN ? AND ?[0m  [["status", 1], ["posted_on", "2026-01-01"], ["posted_on", "2026-12-31"]]
  [1m[36mAmazonImportRow Count (0.1ms)[0m  [1m[34mSELECT COUNT(*) FROM "amazon_import_rows" WHERE "amazon_import_rows"."status" = ? AND "amazon_import_rows"."tax_category" = ?[0m  [["status", 0], ["tax_category", "uncategorized"]]
  [1m[36mAmazonImportRow Count (0.1ms)[0m  [1m[34mSELECT COUNT(*) FROM "amazon_import_rows" WHERE "amazon_import_rows"."status" = ?[0m  [["status", 0]]
  Rendering layout layouts/application.html.erb
  Rendering dashboard/index.html.erb within layouts/application
  [1m[36mTransaction Load (0.1ms)[0m  [1m[34mSELECT "transactions".* FROM "transactions" ORDER BY "transactions"."transacted_on" DESC LIMIT ?[0m  [["LIMIT", 8]]
  [1m[36mAccount Load (0.0ms)[0m  [1m[34mSELECT "accounts".* FROM "accounts" WHERE "accounts"."id" = ?[0m  [["id", 1]]
  [1m[36mAccount Load (0.0ms)[0m  [1m[34mSELECT "accounts".* FROM "accounts" WHERE "accounts"."id" = ?[0m  [["id", 2]]
  Rendered dashboard/index.html.erb within layouts/application (Duration: 2.5ms | Allocations: 2670)
  Rendered layout layouts/application.html.erb (Duration: 3.0ms | Allocations: 3096)
Completed 200 OK in 8ms (Views: 3.1ms | ActiveRecord: 0.6ms | Allocations: 6405)


Started GET "/amazon-imports/new" for 100.108.203.87 at 2026-05-17 16:11:49 -0600
Processing by AmazonImportBatchesController#new as HTML
  Rendering layout layouts/application.html.erb
  Rendering amazon_import_batches/new.html.erb within layouts/application
  Rendered amazon_import_batches/new.html.erb within layouts/application (Duration: 1.6ms | Allocations: 1228)
  Rendered layout layouts/application.html.erb (Duration: 1.9ms | Allocations: 1521)
Completed 200 OK in 3ms (Views: 2.2ms | ActiveRecord: 0.0ms | Allocations: 1901)


Started GET "/amazon-imports" for 100.108.203.87 at 2026-05-17 16:11:53 -0600
Processing by AmazonImportBatchesController#index as HTML
  Rendering layout layouts/application.html.erb
  Rendering amazon_import_batches/index.html.erb within layouts/application
  [1m[36mAmazonImportBatch Load (0.1ms)[0m  [1m[34mSELECT "amazon_import_batches".* FROM "amazon_import_batches" ORDER BY "amazon_import_batches"."imported_at" DESC[0m
  Rendered amazon_import_batches/index.html.erb within layouts/application (Duration: 0.5ms | Allocations: 200)
  Rendered layout layouts/application.html.erb (Duration: 1.1ms | Allocations: 631)
Completed 200 OK in 2ms (Views: 1.4ms | ActiveRecord: 0.1ms | Allocations: 1011)


Started GET "/" for 100.108.203.87 at 2026-05-17 16:11:54 -0600
Processing by DashboardController#index as HTML
  [1m[36mAccount Sum (0.2ms)[0m  [1m[34mSELECT SUM("accounts"."balance_cents") FROM "accounts" WHERE "accounts"."kind" = ?[0m  [["kind", 0]]
  [1m[36mTransaction Sum (0.3ms)[0m  [1m[34mSELECT SUM("transactions"."amount_cents") FROM "transactions" INNER JOIN "accounts" ON "accounts"."id" = "transactions"."credit_account_id" WHERE "transactions"."transacted_on" BETWEEN ? AND ? AND "accounts"."kind" = ?[0m  [["transacted_on", "2026-05-01"], ["transacted_on", "2026-05-31"], ["kind", 3]]
  [1m[36mTransaction Sum (0.2ms)[0m  [1m[34mSELECT SUM("transactions"."amount_cents") FROM "transactions" INNER JOIN "accounts" ON "accounts"."id" = "transactions"."debit_account_id" WHERE "transactions"."transacted_on" BETWEEN ? AND ? AND "accounts"."kind" = ?[0m  [["transacted_on", "2026-05-01"], ["transacted_on", "2026-05-31"], ["kind", 4]]
  [1m[36mInvoice Sum (0.4ms)[0m  [1m[34mSELECT SUM("invoices"."total_cents") FROM "invoices" WHERE "invoices"."status" IN (?, ?)[0m  [["status", 1], ["status", 3]]
  [1m[36mExpense Sum (0.4ms)[0m  [1m[34mSELECT SUM("expenses"."amount_cents") AS "sum_amount_cents", "expenses"."category" AS "expenses_category" FROM "expenses" WHERE "expenses"."spent_on" BETWEEN ? AND ? GROUP BY "expenses"."category"[0m  [["spent_on", "2026-05-01"], ["spent_on", "2026-05-31"]]
  [1m[36mAmazonImportRow Load (0.2ms)[0m  [1m[34mSELECT "amazon_import_rows".* FROM "amazon_import_rows" WHERE "amazon_import_rows"."status" = ? AND "amazon_import_rows"."posted_on" BETWEEN ? AND ?[0m  [["status", 1], ["posted_on", "2026-01-01"], ["posted_on", "2026-12-31"]]
  [1m[36mAmazonImportRow Count (0.3ms)[0m  [1m[34mSELECT COUNT(*) FROM "amazon_import_rows" WHERE "amazon_import_rows"."status" = ? AND "amazon_import_rows"."tax_category" = ?[0m  [["status", 0], ["tax_category", "uncategorized"]]
  [1m[36mAmazonImportRow Count (0.3ms)[0m  [1m[34mSELECT COUNT(*) FROM "amazon_import_rows" WHERE "amazon_import_rows"."status" = ?[0m  [["status", 0]]
  Rendering layout layouts/application.html.erb
  Rendering dashboard/index.html.erb within layouts/application
  [1m[36mTransaction Load (0.5ms)[0m  [1m[34mSELECT "transactions".* FROM "transactions" ORDER BY "transactions"."transacted_on" DESC LIMIT ?[0m  [["LIMIT", 8]]
  [1m[36mAccount Load (0.2ms)[0m  [1m[34mSELECT "accounts".* FROM "accounts" WHERE "accounts"."id" = ?[0m  [["id", 1]]
  [1m[36mAccount Load (0.1ms)[0m  [1m[34mSELECT "accounts".* FROM "accounts" WHERE "accounts"."id" = ?[0m  [["id", 2]]
  Rendered dashboard/index.html.erb within layouts/application (Duration: 11.4ms | Allocations: 2725)
  Rendered layout layouts/application.html.erb (Duration: 12.8ms | Allocations: 3145)
Completed 200 OK in 33ms (Views: 13.0ms | ActiveRecord: 3.1ms | Allocations: 6617)


Started GET "/tax-packet" for 100.108.203.87 at 2026-05-17 16:11:58 -0600
Processing by TaxPacketsController#show as HTML
  [1m[36mAmazonImportRow Load (0.1ms)[0m  [1m[34mSELECT "amazon_import_rows".* FROM "amazon_import_rows" WHERE "amazon_import_rows"."status" = ? AND "amazon_import_rows"."posted_on" BETWEEN ? AND ?[0m  [["status", 1], ["posted_on", "2026-01-01"], ["posted_on", "2026-12-31"]]
  [1m[36mAmazonImportRow Count (0.1ms)[0m  [1m[34mSELECT COUNT(*) FROM "amazon_import_rows" WHERE "amazon_import_rows"."status" = ? AND "amazon_import_rows"."tax_category" = ?[0m  [["status", 0], ["tax_category", "uncategorized"]]
  Rendering layout layouts/application.html.erb
  Rendering tax_packets/show.html.erb within layouts/application
  [1m[36mAmazonImportRow Load (0.0ms)[0m  [1m[34mSELECT "amazon_import_rows".* FROM "amazon_import_rows" WHERE "amazon_import_rows"."status" = ? AND "amazon_import_rows"."posted_on" BETWEEN ? AND ? ORDER BY "amazon_import_rows"."posted_on" ASC, "amazon_import_rows"."source_row_number" ASC[0m  [["status", 1], ["posted_on", "2026-01-01"], ["posted_on", "2026-12-31"]]
  Rendered tax_packets/show.html.erb within layouts/application (Duration: 1.5ms | Allocations: 1362)
  Rendered layout layouts/application.html.erb (Duration: 2.2ms | Allocations: 1794)
Completed 200 OK in 4ms (Views: 2.5ms | ActiveRecord: 0.2ms | Allocations: 2921)


Started GET "/tax-packet?year=2027&commit=Update" for 100.108.203.87 at 2026-05-17 16:12:01 -0600
Processing by TaxPacketsController#show as HTML
  Parameters: {"year"=>"2027", "commit"=>"Update"}
  [1m[36mAmazonImportRow Load (0.1ms)[0m  [1m[34mSELECT "amazon_import_rows".* FROM "amazon_import_rows" WHERE "amazon_import_rows"."status" = ? AND "amazon_import_rows"."posted_on" BETWEEN ? AND ?[0m  [["status", 1], ["posted_on", "2027-01-01"], ["posted_on", "2027-12-31"]]
  [1m[36mAmazonImportRow Count (0.1ms)[0m  [1m[34mSELECT COUNT(*) FROM "amazon_import_rows" WHERE "amazon_import_rows"."status" = ? AND "amazon_import_rows"."tax_category" = ?[0m  [["status", 0], ["tax_category", "uncategorized"]]
  Rendering layout layouts/application.html.erb
  Rendering tax_packets/show.html.erb within layouts/application
  [1m[36mAmazonImportRow Load (0.0ms)[0m  [1m[34mSELECT "amazon_import_rows".* FROM "amazon_import_rows" WHERE "amazon_import_rows"."status" = ? AND "amazon_import_rows"."posted_on" BETWEEN ? AND ? ORDER BY "amazon_import_rows"."posted_on" ASC, "amazon_import_rows"."source_row_number" ASC[0m  [["status", 1], ["posted_on", "2027-01-01"], ["posted_on", "2027-12-31"]]
  Rendered tax_packets/show.html.erb within layouts/application (Duration: 1.2ms | Allocations: 1351)
  Rendered layout layouts/application.html.erb (Duration: 1.7ms | Allocations: 1785)
Completed 200 OK in 3ms (Views: 1.8ms | ActiveRecord: 0.2ms | Allocations: 2904)


Started GET "/" for 100.108.203.87 at 2026-05-17 18:37:22 -0600
Processing by DashboardController#index as HTML
  [1m[36mAccount Sum (0.1ms)[0m  [1m[34mSELECT SUM("accounts"."balance_cents") FROM "accounts" WHERE "accounts"."kind" = ?[0m  [["kind", 0]]
  [1m[36mTransaction Sum (0.1ms)[0m  [1m[34mSELECT SUM("transactions"."amount_cents") FROM "transactions" INNER JOIN "accounts" ON "accounts"."id" = "transactions"."credit_account_id" WHERE "transactions"."transacted_on" BETWEEN ? AND ? AND "accounts"."kind" = ?[0m  [["transacted_on", "2026-05-01"], ["transacted_on", "2026-05-31"], ["kind", 3]]
  [1m[36mTransaction Sum (0.1ms)[0m  [1m[34mSELECT SUM("transactions"."amount_cents") FROM "transactions" INNER JOIN "accounts" ON "accounts"."id" = "transactions"."debit_account_id" WHERE "transactions"."transacted_on" BETWEEN ? AND ? AND "accounts"."kind" = ?[0m  [["transacted_on", "2026-05-01"], ["transacted_on", "2026-05-31"], ["kind", 4]]
  [1m[36mInvoice Sum (0.1ms)[0m  [1m[34mSELECT SUM("invoices"."total_cents") FROM "invoices" WHERE "invoices"."status" IN (?, ?)[0m  [["status", 1], ["status", 3]]
  [1m[36mExpense Sum (0.1ms)[0m  [1m[34mSELECT SUM("expenses"."amount_cents") AS "sum_amount_cents", "expenses"."category" AS "expenses_category" FROM "expenses" WHERE "expenses"."spent_on" BETWEEN ? AND ? GROUP BY "expenses"."category"[0m  [["spent_on", "2026-05-01"], ["spent_on", "2026-05-31"]]
  [1m[36mAmazonImportRow Load (0.1ms)[0m  [1m[34mSELECT "amazon_import_rows".* FROM "amazon_import_rows" WHERE "amazon_import_rows"."status" = ? AND "amazon_import_rows"."posted_on" BETWEEN ? AND ?[0m  [["status", 1], ["posted_on", "2026-01-01"], ["posted_on", "2026-12-31"]]
  [1m[36mAmazonImportRow Count (0.1ms)[0m  [1m[34mSELECT COUNT(*) FROM "amazon_import_rows" WHERE "amazon_import_rows"."status" = ? AND "amazon_import_rows"."tax_category" = ?[0m  [["status", 0], ["tax_category", "uncategorized"]]
  [1m[36mAmazonImportRow Count (0.0ms)[0m  [1m[34mSELECT COUNT(*) FROM "amazon_import_rows" WHERE "amazon_import_rows"."status" = ?[0m  [["status", 0]]
  Rendering layout layouts/application.html.erb
  Rendering dashboard/index.html.erb within layouts/application
  [1m[36mTransaction Load (0.1ms)[0m  [1m[34mSELECT "transactions".* FROM "transactions" ORDER BY "transactions"."transacted_on" DESC LIMIT ?[0m  [["LIMIT", 8]]
  [1m[36mAccount Load (0.1ms)[0m  [1m[34mSELECT "accounts".* FROM "accounts" WHERE "accounts"."id" = ?[0m  [["id", 1]]
  [1m[36mAccount Load (0.0ms)[0m  [1m[34mSELECT "accounts".* FROM "accounts" WHERE "accounts"."id" = ?[0m  [["id", 2]]
  Rendered dashboard/index.html.erb within layouts/application (Duration: 2.6ms | Allocations: 2736)
  Rendered layout layouts/application.html.erb (Duration: 3.0ms | Allocations: 3154)
Completed 200 OK in 8ms (Views: 3.1ms | ActiveRecord: 0.9ms | Allocations: 6706)


Started GET "/amazon-imports" for 100.108.203.87 at 2026-05-17 18:37:24 -0600
Processing by AmazonImportBatchesController#index as HTML
  Rendering layout layouts/application.html.erb
  Rendering amazon_import_batches/index.html.erb within layouts/application
  [1m[36mAmazonImportBatch Load (0.1ms)[0m  [1m[34mSELECT "amazon_import_batches".* FROM "amazon_import_batches" ORDER BY "amazon_import_batches"."imported_at" DESC[0m
  Rendered amazon_import_batches/index.html.erb within layouts/application (Duration: 0.5ms | Allocations: 182)
  Rendered layout layouts/application.html.erb (Duration: 1.1ms | Allocations: 612)
Completed 200 OK in 2ms (Views: 1.2ms | ActiveRecord: 0.1ms | Allocations: 930)


Started GET "/tax-packet" for 100.108.203.87 at 2026-05-17 18:37:26 -0600
Processing by TaxPacketsController#show as HTML
  [1m[36mAmazonImportRow Load (0.1ms)[0m  [1m[34mSELECT "amazon_import_rows".* FROM "amazon_import_rows" WHERE "amazon_import_rows"."status" = ? AND "amazon_import_rows"."posted_on" BETWEEN ? AND ?[0m  [["status", 1], ["posted_on", "2026-01-01"], ["posted_on", "2026-12-31"]]
  [1m[36mAmazonImportRow Count (0.1ms)[0m  [1m[34mSELECT COUNT(*) FROM "amazon_import_rows" WHERE "amazon_import_rows"."status" = ? AND "amazon_import_rows"."tax_category" = ?[0m  [["status", 0], ["tax_category", "uncategorized"]]
  Rendering layout layouts/application.html.erb
  Rendering tax_packets/show.html.erb within layouts/application
  [1m[36mAmazonImportRow Load (0.1ms)[0m  [1m[34mSELECT "amazon_import_rows".* FROM "amazon_import_rows" WHERE "amazon_import_rows"."status" = ? AND "amazon_import_rows"."posted_on" BETWEEN ? AND ? ORDER BY "amazon_import_rows"."posted_on" ASC, "amazon_import_rows"."source_row_number" ASC[0m  [["status", 1], ["posted_on", "2026-01-01"], ["posted_on", "2026-12-31"]]
  Rendered tax_packets/show.html.erb within layouts/application (Duration: 1.3ms | Allocations: 1432)
  Rendered layout layouts/application.html.erb (Duration: 1.7ms | Allocations: 1870)
Completed 200 OK in 3ms (Views: 1.9ms | ActiveRecord: 0.2ms | Allocations: 2989)


Started GET "/" for 100.108.203.87 at 2026-05-17 18:37:30 -0600
Processing by DashboardController#index as HTML
  [1m[36mAccount Sum (0.1ms)[0m  [1m[34mSELECT SUM("accounts"."balance_cents") FROM "accounts" WHERE "accounts"."kind" = ?[0m  [["kind", 0]]
  [1m[36mTransaction Sum (0.0ms)[0m  [1m[34mSELECT SUM("transactions"."amount_cents") FROM "transactions" INNER JOIN "accounts" ON "accounts"."id" = "transactions"."credit_account_id" WHERE "transactions"."transacted_on" BETWEEN ? AND ? AND "accounts"."kind" = ?[0m  [["transacted_on", "2026-05-01"], ["transacted_on", "2026-05-31"], ["kind", 3]]
  [1m[36mTransaction Sum (0.0ms)[0m  [1m[34mSELECT SUM("transactions"."amount_cents") FROM "transactions" INNER JOIN "accounts" ON "accounts"."id" = "transactions"."debit_account_id" WHERE "transactions"."transacted_on" BETWEEN ? AND ? AND "accounts"."kind" = ?[0m  [["transacted_on", "2026-05-01"], ["transacted_on", "2026-05-31"], ["kind", 4]]
  [1m[36mInvoice Sum (0.1ms)[0m  [1m[34mSELECT SUM("invoices"."total_cents") FROM "invoices" WHERE "invoices"."status" IN (?, ?)[0m  [["status", 1], ["status", 3]]
  [1m[36mExpense Sum (0.1ms)[0m  [1m[34mSELECT SUM("expenses"."amount_cents") AS "sum_amount_cents", "expenses"."category" AS "expenses_category" FROM "expenses" WHERE "expenses"."spent_on" BETWEEN ? AND ? GROUP BY "expenses"."category"[0m  [["spent_on", "2026-05-01"], ["spent_on", "2026-05-31"]]
  [1m[36mAmazonImportRow Load (0.0ms)[0m  [1m[34mSELECT "amazon_import_rows".* FROM "amazon_import_rows" WHERE "amazon_import_rows"."status" = ? AND "amazon_import_rows"."posted_on" BETWEEN ? AND ?[0m  [["status", 1], ["posted_on", "2026-01-01"], ["posted_on", "2026-12-31"]]
  [1m[36mAmazonImportRow Count (0.1ms)[0m  [1m[34mSELECT COUNT(*) FROM "amazon_import_rows" WHERE "amazon_import_rows"."status" = ? AND "amazon_import_rows"."tax_category" = ?[0m  [["status", 0], ["tax_category", "uncategorized"]]
  [1m[36mAmazonImportRow Count (0.0ms)[0m  [1m[34mSELECT COUNT(*) FROM "amazon_import_rows" WHERE "amazon_import_rows"."status" = ?[0m  [["status", 0]]
  Rendering layout layouts/application.html.erb
  Rendering dashboard/index.html.erb within layouts/application
  [1m[36mTransaction Load (0.1ms)[0m  [1m[34mSELECT "transactions".* FROM "transactions" ORDER BY "transactions"."transacted_on" DESC LIMIT ?[0m  [["LIMIT", 8]]
  [1m[36mAccount Load (0.0ms)[0m  [1m[34mSELECT "accounts".* FROM "accounts" WHERE "accounts"."id" = ?[0m  [["id", 1]]
  [1m[36mAccount Load (0.0ms)[0m  [1m[34mSELECT "accounts".* FROM "accounts" WHERE "accounts"."id" = ?[0m  [["id", 2]]
  Rendered dashboard/index.html.erb within layouts/application (Duration: 2.5ms | Allocations: 2673)
  Rendered layout layouts/application.html.erb (Duration: 2.9ms | Allocations: 3103)
Completed 200 OK in 7ms (Views: 3.0ms | ActiveRecord: 0.6ms | Allocations: 6412)


Started GET "/amazon-imports" for 100.108.203.87 at 2026-05-17 18:37:59 -0600
Processing by AmazonImportBatchesController#index as HTML
  Rendering layout layouts/application.html.erb
  Rendering amazon_import_batches/index.html.erb within layouts/application
  [1m[36mAmazonImportBatch Load (0.1ms)[0m  [1m[34mSELECT "amazon_import_batches".* FROM "amazon_import_batches" ORDER BY "amazon_import_batches"."imported_at" DESC[0m
  Rendered amazon_import_batches/index.html.erb within layouts/application (Duration: 0.4ms | Allocations: 149)
  Rendered layout layouts/application.html.erb (Duration: 1.0ms | Allocations: 579)
Completed 200 OK in 2ms (Views: 1.2ms | ActiveRecord: 0.1ms | Allocations: 897)


Started GET "/" for 100.108.203.87 at 2026-05-18 17:23:24 -0600
Processing by DashboardController#index as HTML
  [1m[36mAccount Sum (0.3ms)[0m  [1m[34mSELECT SUM("accounts"."balance_cents") FROM "accounts" WHERE "accounts"."kind" = ?[0m  [["kind", 0]]
  [1m[36mTransaction Sum (0.4ms)[0m  [1m[34mSELECT SUM("transactions"."amount_cents") FROM "transactions" INNER JOIN "accounts" ON "accounts"."id" = "transactions"."credit_account_id" WHERE "transactions"."transacted_on" BETWEEN ? AND ? AND "accounts"."kind" = ?[0m  [["transacted_on", "2026-05-01"], ["transacted_on", "2026-05-31"], ["kind", 3]]
  [1m[36mTransaction Sum (0.2ms)[0m  [1m[34mSELECT SUM("transactions"."amount_cents") FROM "transactions" INNER JOIN "accounts" ON "accounts"."id" = "transactions"."debit_account_id" WHERE "transactions"."transacted_on" BETWEEN ? AND ? AND "accounts"."kind" = ?[0m  [["transacted_on", "2026-05-01"], ["transacted_on", "2026-05-31"], ["kind", 4]]
  [1m[36mInvoice Sum (0.2ms)[0m  [1m[34mSELECT SUM("invoices"."total_cents") FROM "invoices" WHERE "invoices"."status" IN (?, ?)[0m  [["status", 1], ["status", 3]]
  [1m[36mExpense Sum (0.1ms)[0m  [1m[34mSELECT SUM("expenses"."amount_cents") AS "sum_amount_cents", "expenses"."category" AS "expenses_category" FROM "expenses" WHERE "expenses"."spent_on" BETWEEN ? AND ? GROUP BY "expenses"."category"[0m  [["spent_on", "2026-05-01"], ["spent_on", "2026-05-31"]]
  [1m[36mAmazonImportRow Load (0.1ms)[0m  [1m[34mSELECT "amazon_import_rows".* FROM "amazon_import_rows" WHERE "amazon_import_rows"."status" = ? AND "amazon_import_rows"."posted_on" BETWEEN ? AND ?[0m  [["status", 1], ["posted_on", "2026-01-01"], ["posted_on", "2026-12-31"]]
  [1m[36mAmazonImportRow Count (0.1ms)[0m  [1m[34mSELECT COUNT(*) FROM "amazon_import_rows" WHERE "amazon_import_rows"."status" = ? AND "amazon_import_rows"."tax_category" = ?[0m  [["status", 0], ["tax_category", "uncategorized"]]
  [1m[36mAmazonImportRow Count (0.0ms)[0m  [1m[34mSELECT COUNT(*) FROM "amazon_import_rows" WHERE "amazon_import_rows"."status" = ?[0m  [["status", 0]]
  Rendering layout layouts/application.html.erb
  Rendering dashboard/index.html.erb within layouts/application
  [1m[36mTransaction Load (0.2ms)[0m  [1m[34mSELECT "transactions".* FROM "transactions" ORDER BY "transactions"."transacted_on" DESC LIMIT ?[0m  [["LIMIT", 8]]
  [1m[36mAccount Load (0.1ms)[0m  [1m[34mSELECT "accounts".* FROM "accounts" WHERE "accounts"."id" = ?[0m  [["id", 1]]
  [1m[36mAccount Load (0.1ms)[0m  [1m[34mSELECT "accounts".* FROM "accounts" WHERE "accounts"."id" = ?[0m  [["id", 2]]
  Rendered dashboard/index.html.erb within layouts/application (Duration: 36.7ms | Allocations: 41432)
  Rendered layout layouts/application.html.erb (Duration: 41.1ms | Allocations: 42551)
Completed 200 OK in 115ms (Views: 43.2ms | ActiveRecord: 4.5ms | Allocations: 115738)


Started GET "/favicon.ico" for 100.108.203.87 at 2026-05-18 17:23:24 -0600
  
ActionController::RoutingError (No route matches [GET] "/favicon.ico"):
  
Started GET "/amazon-imports/new" for 100.108.203.87 at 2026-05-18 17:44:37 -0600
Processing by AmazonImportBatchesController#new as HTML
  Rendering layout layouts/application.html.erb
  Rendering amazon_import_batches/new.html.erb within layouts/application
  Rendered amazon_import_batches/new.html.erb within layouts/application (Duration: 2.7ms | Allocations: 1696)
  Rendered layout layouts/application.html.erb (Duration: 3.1ms | Allocations: 2012)
Completed 200 OK in 5ms (Views: 4.2ms | ActiveRecord: 0.0ms | Allocations: 2951)


Started POST "/amazon-imports" for 100.108.203.87 at 2026-05-18 17:44:41 -0600
Processing by AmazonImportBatchesController#create as HTML
  Parameters: {"authenticity_token"=>"5AY3wwgKmE1RBGy3lUnlA2sbX7bLzoX52f_T7aSspEAHhzENW37Xx6aP6gHF1GNGoC4IWSwftgYcLZPgRgfvkA", "file"=>#<ActionDispatch::Http::UploadedFile:0x00007f13e80792e0 @tempfile=#<Tempfile:/tmp/RackMultipart20260518-3252277-mqcbxe.csv>, @content_type="text/csv", @original_filename="settlement_2026_01_15.csv", @headers="Content-Disposition: form-data; name=\"file\"; filename=\"settlement_2026_01_15.csv\"\r\nContent-Type: text/csv\r\n">, "commit"=>"Import for review"}
  [1m[36mTRANSACTION (0.0ms)[0m  [1m[36mbegin transaction[0m
  [1m[36mAmazonImportBatch Create (0.3ms)[0m  [1m[32mINSERT INTO "amazon_import_batches" ("filename", "status", "row_count", "imported_at", "created_at", "updated_at") VALUES (?, ?, ?, ?, ?, ?)[0m  [["filename", "settlement_2026_01_15.csv"], ["status", 0], ["row_count", 0], ["imported_at", "2026-05-18 23:44:41.068301"], ["created_at", "2026-05-18 23:44:41.073839"], ["updated_at", "2026-05-18 23:44:41.073839"]]
  [1m[36mTRANSACTION (1.4ms)[0m  [1m[36mcommit transaction[0m
  [1m[36mTRANSACTION (0.0ms)[0m  [1m[36mbegin transaction[0m
  [1m[36mAmazonImportRow Create (0.1ms)[0m  [1m[32mINSERT INTO "amazon_import_rows" ("amazon_import_batch_id", "source_row_number", "posted_on", "settlement_id", "order_id", "transaction_type", "amount_type", "amount_description", "description", "marketplace", "amount_cents", "tax_category", "status", "raw_data", "transaction_id", "expense_id", "created_at", "updated_at") VALUES (?, ?, ?, ?, ?, ?, ?, ?, ?, ?, ?, ?, ?, ?, ?, ?, ?, ?)[0m  [["amazon_import_batch_id", 3], ["source_row_number", 2], ["posted_on", "2026-01-30"], ["settlement_id", "100000000102"], ["order_id", "113-2001115-7002001"], ["transaction_type", "Order"], ["amount_type", "ItemPrice"], ["amount_description", "Principal"], ["description", "Order - ItemPrice - Principal"], ["marketplace", "Amazon.com"], ["amount_cents", 5549], ["tax_category", "gross_sales"], ["status", 0], ["raw_data", "{\"settlement-id\":\"100000000102\",\"settlement-start-date\":\"2026-01-15\",\"settlement-end-date\":\"2026-01-28\",\"deposit-date\":\"2026-01-30\",\"total-amount\":\"80.05\",\"currency\":\"USD\",\"transaction-type\":\"Order\",\"order-id\":\"113-2001115-7002001\",\"merchant-order-id\":\"M-202601-004\",\"adjustment-id\":null,\"shipment-id\":\"SH-20001\",\"marketplace-name\":\"Amazon.com\",\"amount-type\":\"ItemPrice\",\"amount-description\":\"Principal\",\"amount\":\"55.49\"}"], ["transaction_id", nil], ["expense_id", nil], ["created_at", "2026-05-18 23:44:41.090220"], ["updated_at", "2026-05-18 23:44:41.090220"]]
  [1m[36mTRANSACTION (1.3ms)[0m  [1m[36mcommit transaction[0m
  [1m[36mTRANSACTION (0.0ms)[0m  [1m[36mbegin transaction[0m
  [1m[36mAmazonImportRow Create (0.2ms)[0m  [1m[32mINSERT INTO "amazon_import_rows" ("amazon_import_batch_id", "source_row_number", "posted_on", "settlement_id", "order_id", "transaction_type", "amount_type", "amount_description", "description", "marketplace", "amount_cents", "tax_category", "status", "raw_data", "transaction_id", "expense_id", "created_at", "updated_at") VALUES (?, ?, ?, ?, ?, ?, ?, ?, ?, ?, ?, ?, ?, ?, ?, ?, ?, ?)[0m  [["amazon_import_batch_id", 3], ["source_row_number", 3], ["posted_on", "2026-01-30"], ["settlement_id", "100000000102"], ["order_id", "113-2001115-7002001"], ["transaction_type", "Order"], ["amount_type", "ItemPrice"], ["amount_description", "Tax"], ["description", "Order - ItemPrice - Tax"], ["marketplace", "Amazon.com"], ["amount_cents", 375], ["tax_category", "gross_sales"], ["status", 0], ["raw_data", "{\"settlement-id\":\"100000000102\",\"settlement-start-date\":\"2026-01-15\",\"settlement-end-date\":\"2026-01-28\",\"deposit-date\":\"2026-01-30\",\"total-amount\":\"80.05\",\"currency\":\"USD\",\"transaction-type\":\"Order\",\"order-id\":\"113-2001115-7002001\",\"merchant-order-id\":\"M-202601-004\",\"adjustment-id\":null,\"shipment-id\":\"SH-20001\",\"marketplace-name\":\"Amazon.com\",\"amount-type\":\"ItemPrice\",\"amount-description\":\"Tax\",\"amount\":\"3.75\"}"], ["transaction_id", nil], ["expense_id", nil], ["created_at", "2026-05-18 23:44:41.093509"], ["updated_at", "2026-05-18 23:44:41.093509"]]
  [1m[36mTRANSACTION (1.5ms)[0m  [1m[36mcommit transaction[0m
  [1m[36mTRANSACTION (0.0ms)[0m  [1m[36mbegin transaction[0m
  [1m[36mAmazonImportRow Create (0.1ms)[0m  [1m[32mINSERT INTO "amazon_import_rows" ("amazon_import_batch_id", "source_row_number", "posted_on", "settlement_id", "order_id", "transaction_type", "amount_type", "amount_description", "description", "marketplace", "amount_cents", "tax_category", "status", "raw_data", "transaction_id", "expense_id", "created_at", "updated_at") VALUES (?, ?, ?, ?, ?, ?, ?, ?, ?, ?, ?, ?, ?, ?, ?, ?, ?, ?)[0m  [["amazon_import_batch_id", 3], ["source_row_number", 4], ["posted_on", "2026-01-30"], ["settlement_id", "100000000102"], ["order_id", "113-2001115-7002001"], ["transaction_type", "Order"], ["amount_type", "ItemFees"], ["amount_description", "Shipping"], ["description", "Order - ItemFees - Shipping"], ["marketplace", "Amazon.com"], ["amount_cents", 799], ["tax_category", "shipping"], ["status", 0], ["raw_data", "{\"settlement-id\":\"100000000102\",\"settlement-start-date\":\"2026-01-15\",\"settlement-end-date\":\"2026-01-28\",\"deposit-date\":\"2026-01-30\",\"total-amount\":\"80.05\",\"currency\":\"USD\",\"transaction-type\":\"Order\",\"order-id\":\"113-2001115-7002001\",\"merchant-order-id\":\"M-202601-004\",\"adjustment-id\":null,\"shipment-id\":\"SH-20001\",\"marketplace-name\":\"Amazon.com\",\"amount-type\":\"ItemFees\",\"amount-description\":\"Shipping\",\"amount\":\"7.99\"}"], ["transaction_id", nil], ["expense_id", nil], ["created_at", "2026-05-18 23:44:41.096770"], ["updated_at", "2026-05-18 23:44:41.096770"]]
  [1m[36mTRANSACTION (1.5ms)[0m  [1m[36mcommit transaction[0m
  [1m[36mTRANSACTION (0.0ms)[0m  [1m[36mbegin transaction[0m
  [1m[36mAmazonImportRow Create (0.1ms)[0m  [1m[32mINSERT INTO "amazon_import_rows" ("amazon_import_batch_id", "source_row_number", "posted_on", "settlement_id", "order_id", "transaction_type", "amount_type", "amount_description", "description", "marketplace", "amount_cents", "tax_category", "status", "raw_data", "transaction_id", "expense_id", "created_at", "updated_at") VALUES (?, ?, ?, ?, ?, ?, ?, ?, ?, ?, ?, ?, ?, ?, ?, ?, ?, ?)[0m  [["amazon_import_batch_id", 3], ["source_row_number", 5], ["posted_on", "2026-01-30"], ["settlement_id", "100000000102"], ["order_id", "113-2001115-7002001"], ["transaction_type", "Order"], ["amount_type", "Promotion"], ["amount_description", "Principal Promo"], ["description", "Order - Promotion - Principal Promo"], ["marketplace", "Amazon.com"], ["amount_cents", -500], ["tax_category", "refunds_returns"], ["status", 0], ["raw_data", "{\"settlement-id\":\"100000000102\",\"settlement-start-date\":\"2026-01-15\",\"settlement-end-date\":\"2026-01-28\",\"deposit-date\":\"2026-01-30\",\"total-amount\":\"80.05\",\"currency\":\"USD\",\"transaction-type\":\"Order\",\"order-id\":\"113-2001115-7002001\",\"merchant-order-id\":\"M-202601-004\",\"adjustment-id\":null,\"shipment-id\":\"SH-20001\",\"marketplace-name\":\"Amazon.com\",\"amount-type\":\"Promotion\",\"amount-description\":\"Principal Promo\",\"amount\":\"-5.00\"}"], ["transaction_id", nil], ["expense_id", nil], ["created_at", "2026-05-18 23:44:41.099965"], ["updated_at", "2026-05-18 23:44:41.099965"]]
  [1m[36mTRANSACTION (1.5ms)[0m  [1m[36mcommit transaction[0m
  [1m[36mTRANSACTION (0.0ms)[0m  [1m[36mbegin transaction[0m
  [1m[36mAmazonImportRow Create (0.1ms)[0m  [1m[32mINSERT INTO "amazon_import_rows" ("amazon_import_batch_id", "source_row_number", "posted_on", "settlement_id", "order_id", "transaction_type", "amount_type", "amount_description", "description", "marketplace", "amount_cents", "tax_category", "status", "raw_data", "transaction_id", "expense_id", "created_at", "updated_at") VALUES (?, ?, ?, ?, ?, ?, ?, ?, ?, ?, ?, ?, ?, ?, ?, ?, ?, ?)[0m  [["amazon_import_batch_id", 3], ["source_row_number", 6], ["posted_on", "2026-01-30"], ["settlement_id", "100000000102"], ["order_id", "113-2001115-7002001"], ["transaction_type", "Order"], ["amount_type", "ItemFees"], ["amount_description", "Commission"], ["description", "Order - ItemFees - Commission"], ["marketplace", "Amazon.com"], ["amount_cents", -832], ["tax_category", "amazon_fees"], ["status", 0], ["raw_data", "{\"settlement-id\":\"100000000102\",\"settlement-start-date\":\"2026-01-15\",\"settlement-end-date\":\"2026-01-28\",\"deposit-date\":\"2026-01-30\",\"total-amount\":\"80.05\",\"currency\":\"USD\",\"transaction-type\":\"Order\",\"order-id\":\"113-2001115-7002001\",\"merchant-order-id\":\"M-202601-004\",\"adjustment-id\":null,\"shipment-id\":\"SH-20001\",\"marketplace-name\":\"Amazon.com\",\"amount-type\":\"ItemFees\",\"amount-description\":\"Commission\",\"amount\":\"-8.32\"}"], ["transaction_id", nil], ["expense_id", nil], ["created_at", "2026-05-18 23:44:41.103266"], ["updated_at", "2026-05-18 23:44:41.103266"]]
  [1m[36mTRANSACTION (1.5ms)[0m  [1m[36mcommit transaction[0m
  [1m[36mTRANSACTION (0.0ms)[0m  [1m[36mbegin transaction[0m
  [1m[36mAmazonImportRow Create (0.1ms)[0m  [1m[32mINSERT INTO "amazon_import_rows" ("amazon_import_batch_id", "source_row_number", "posted_on", "settlement_id", "order_id", "transaction_type", "amount_type", "amount_description", "description", "marketplace", "amount_cents", "tax_category", "status", "raw_data", "transaction_id", "expense_id", "created_at", "updated_at") VALUES (?, ?, ?, ?, ?, ?, ?, ?, ?, ?, ?, ?, ?, ?, ?, ?, ?, ?)[0m  [["amazon_import_batch_id", 3], ["source_row_number", 7], ["posted_on", "2026-01-30"], ["settlement_id", "100000000102"], ["order_id", "113-2001115-7002001"], ["transaction_type", "Order"], ["amount_type", "FBAFees"], ["amount_description", "FBA Pick & Pack Fee"], ["description", "Order - FBAFees - FBA Pick & Pack Fee"], ["marketplace", "Amazon.com"], ["amount_cents", -538], ["tax_category", "fba_fees"], ["status", 0], ["raw_data", "{\"settlement-id\":\"100000000102\",\"settlement-start-date\":\"2026-01-15\",\"settlement-end-date\":\"2026-01-28\",\"deposit-date\":\"2026-01-30\",\"total-amount\":\"80.05\",\"currency\":\"USD\",\"transaction-type\":\"Order\",\"order-id\":\"113-2001115-7002001\",\"merchant-order-id\":\"M-202601-004\",\"adjustment-id\":null,\"shipment-id\":\"SH-20001\",\"marketplace-name\":\"Amazon.com\",\"amount-type\":\"FBAFees\",\"amount-description\":\"FBA Pick \\u0026 Pack Fee\",\"amount\":\"-5.38\"}"], ["transaction_id", nil], ["expense_id", nil], ["created_at", "2026-05-18 23:44:41.106313"], ["updated_at", "2026-05-18 23:44:41.106313"]]
  [1m[36mTRANSACTION (1.2ms)[0m  [1m[36mcommit transaction[0m
  [1m[36mTRANSACTION (0.0ms)[0m  [1m[36mbegin transaction[0m
  [1m[36mAmazonImportRow Create (0.1ms)[0m  [1m[32mINSERT INTO "amazon_import_rows" ("amazon_import_batch_id", "source_row_number", "posted_on", "settlement_id", "order_id", "transaction_type", "amount_type", "amount_description", "description", "marketplace", "amount_cents", "tax_category", "status", "raw_data", "transaction_id", "expense_id", "created_at", "updated_at") VALUES (?, ?, ?, ?, ?, ?, ?, ?, ?, ?, ?, ?, ?, ?, ?, ?, ?, ?)[0m  [["amazon_import_batch_id", 3], ["source_row_number", 8], ["posted_on", "2026-01-30"], ["settlement_id", "100000000102"], ["order_id", "113-2001115-7002001"], ["transaction_type", "Order"], ["amount_type", "ItemFees"], ["amount_description", "Fixed Closing Fee"], ["description", "Order - ItemFees - Fixed Closing Fee"], ["marketplace", "Amazon.com"], ["amount_cents", -240], ["tax_category", "amazon_fees"], ["status", 0], ["raw_data", "{\"settlement-id\":\"100000000102\",\"settlement-start-date\":\"2026-01-15\",\"settlement-end-date\":\"2026-01-28\",\"deposit-date\":\"2026-01-30\",\"total-amount\":\"80.05\",\"currency\":\"USD\",\"transaction-type\":\"Order\",\"order-id\":\"113-2001115-7002001\",\"merchant-order-id\":\"M-202601-004\",\"adjustment-id\":null,\"shipment-id\":\"SH-20001\",\"marketplace-name\":\"Amazon.com\",\"amount-type\":\"ItemFees\",\"amount-description\":\"Fixed Closing Fee\",\"amount\":\"-2.40\"}"], ["transaction_id", nil], ["expense_id", nil], ["created_at", "2026-05-18 23:44:41.109247"], ["updated_at", "2026-05-18 23:44:41.109247"]]
  [1m[36mTRANSACTION (1.5ms)[0m  [1m[36mcommit transaction[0m
  [1m[36mTRANSACTION (0.0ms)[0m  [1m[36mbegin transaction[0m
  [1m[36mAmazonImportRow Create (0.1ms)[0m  [1m[32mINSERT INTO "amazon_import_rows" ("amazon_import_batch_id", "source_row_number", "posted_on", "settlement_id", "order_id", "transaction_type", "amount_type", "amount_description", "description", "marketplace", "amount_cents", "tax_category", "status", "raw_data", "transaction_id", "expense_id", "created_at", "updated_at") VALUES (?, ?, ?, ?, ?, ?, ?, ?, ?, ?, ?, ?, ?, ?, ?, ?, ?, ?)[0m  [["amazon_import_batch_id", 3], ["source_row_number", 9], ["posted_on", "2026-01-30"], ["settlement_id", "100000000102"], ["order_id", "113-2001115-7002001"], ["transaction_type", "Order"], ["amount_type", "ItemFees"], ["amount_description", "Variable Closing Fee"], ["description", "Order - ItemFees - Variable Closing Fee"], ["marketplace", "Amazon.com"], ["amount_cents", -99], ["tax_category", "amazon_fees"], ["status", 0], ["raw_data", "{\"settlement-id\":\"100000000102\",\"settlement-start-date\":\"2026-01-15\",\"settlement-end-date\":\"2026-01-28\",\"deposit-date\":\"2026-01-30\",\"total-amount\":\"80.05\",\"currency\":\"USD\",\"transaction-type\":\"Order\",\"order-id\":\"113-2001115-7002001\",\"merchant-order-id\":\"M-202601-004\",\"adjustment-id\":null,\"shipment-id\":\"SH-20001\",\"marketplace-name\":\"Amazon.com\",\"amount-type\":\"ItemFees\",\"amount-description\":\"Variable Closing Fee\",\"amount\":\"-0.99\"}"], ["transaction_id", nil], ["expense_id", nil], ["created_at", "2026-05-18 23:44:41.112336"], ["updated_at", "2026-05-18 23:44:41.112336"]]
  [1m[36mTRANSACTION (1.1ms)[0m  [1m[36mcommit transaction[0m
  [1m[36mTRANSACTION (0.0ms)[0m  [1m[36mbegin transaction[0m
  [1m[36mAmazonImportRow Create (0.1ms)[0m  [1m[32mINSERT INTO "amazon_import_rows" ("amazon_import_batch_id", "source_row_number", "posted_on", "settlement_id", "order_id", "transaction_type", "amount_type", "amount_description", "description", "marketplace", "amount_cents", "tax_category", "status", "raw_data", "transaction_id", "expense_id", "created_at", "updated_at") VALUES (?, ?, ?, ?, ?, ?, ?, ?, ?, ?, ?, ?, ?, ?, ?, ?, ?, ?)[0m  [["amazon_import_batch_id", 3], ["source_row_number", 10], ["posted_on", "2026-01-30"], ["settlement_id", "100000000102"], ["order_id", "113-2001115-7002001"], ["transaction_type", "Order"], ["amount_type", "ItemFees"], ["amount_description", "Per Item Fee"], ["description", "Order - ItemFees - Per Item Fee"], ["marketplace", "Amazon.com"], ["amount_cents", -30], ["tax_category", "amazon_fees"], ["status", 0], ["raw_data", "{\"settlement-id\":\"100000000102\",\"settlement-start-date\":\"2026-01-15\",\"settlement-end-date\":\"2026-01-28\",\"deposit-date\":\"2026-01-30\",\"total-amount\":\"80.05\",\"currency\":\"USD\",\"transaction-type\":\"Order\",\"order-id\":\"113-2001115-7002001\",\"merchant-order-id\":\"M-202601-004\",\"adjustment-id\":null,\"shipment-id\":\"SH-20001\",\"marketplace-name\":\"Amazon.com\",\"amount-type\":\"ItemFees\",\"amount-description\":\"Per Item Fee\",\"amount\":\"-0.30\"}"], ["transaction_id", nil], ["expense_id", nil], ["created_at", "2026-05-18 23:44:41.115091"], ["updated_at", "2026-05-18 23:44:41.115091"]]
  [1m[36mTRANSACTION (1.2ms)[0m  [1m[36mcommit transaction[0m
  [1m[36mTRANSACTION (0.0ms)[0m  [1m[36mbegin transaction[0m
  [1m[36mAmazonImportRow Create (0.1ms)[0m  [1m[32mINSERT INTO "amazon_import_rows" ("amazon_import_batch_id", "source_row_number", "posted_on", "settlement_id", "order_id", "transaction_type", "amount_type", "amount_description", "description", "marketplace", "amount_cents", "tax_category", "status", "raw_data", "transaction_id", "expense_id", "created_at", "updated_at") VALUES (?, ?, ?, ?, ?, ?, ?, ?, ?, ?, ?, ?, ?, ?, ?, ?, ?, ?)[0m  [["amazon_import_batch_id", 3], ["source_row_number", 11], ["posted_on", "2026-01-30"], ["settlement_id", "100000000102"], ["order_id", "113-2002116-7002002"], ["transaction_type", "Order"], ["amount_type", "ItemPrice"], ["amount_description", "Principal"], ["description", "Order - ItemPrice - Principal"], ["marketplace", "Amazon.com"], ["amount_cents", 2450], ["tax_category", "gross_sales"], ["status", 0], ["raw_data", "{\"settlement-id\":\"100000000102\",\"settlement-start-date\":\"2026-01-15\",\"settlement-end-date\":\"2026-01-28\",\"deposit-date\":\"2026-01-30\",\"total-amount\":\"80.05\",\"currency\":\"USD\",\"transaction-type\":\"Order\",\"order-id\":\"113-2002116-7002002\",\"merchant-order-id\":\"M-202601-005\",\"adjustment-id\":null,\"shipment-id\":\"SH-20002\",\"marketplace-name\":\"Amazon.com\",\"amount-type\":\"ItemPrice\",\"amount-description\":\"Principal\",\"amount\":\"24.50\"}"], ["transaction_id", nil], ["expense_id", nil], ["created_at", "2026-05-18 23:44:41.117703"], ["updated_at", "2026-05-18 23:44:41.117703"]]
  [1m[36mTRANSACTION (1.5ms)[0m  [1m[36mcommit transaction[0m
  [1m[36mTRANSACTION (0.0ms)[0m  [1m[36mbegin transaction[0m
  [1m[36mAmazonImportRow Create (0.1ms)[0m  [1m[32mINSERT INTO "amazon_import_rows" ("amazon_import_batch_id", "source_row_number", "posted_on", "settlement_id", "order_id", "transaction_type", "amount_type", "amount_description", "description", "marketplace", "amount_cents", "tax_category", "status", "raw_data", "transaction_id", "expense_id", "created_at", "updated_at") VALUES (?, ?, ?, ?, ?, ?, ?, ?, ?, ?, ?, ?, ?, ?, ?, ?, ?, ?)[0m  [["amazon_import_batch_id", 3], ["source_row_number", 12], ["posted_on", "2026-01-30"], ["settlement_id", "100000000102"], ["order_id", "113-2002116-7002002"], ["transaction_type", "Order"], ["amount_type", "ItemPrice"], ["amount_description", "Tax"], ["description", "Order - ItemPrice - Tax"], ["marketplace", "Amazon.com"], ["amount_cents", 165], ["tax_category", "gross_sales"], ["status", 0], ["raw_data", "{\"settlement-id\":\"100000000102\",\"settlement-start-date\":\"2026-01-15\",\"settlement-end-date\":\"2026-01-28\",\"deposit-date\":\"2026-01-30\",\"total-amount\":\"80.05\",\"currency\":\"USD\",\"transaction-type\":\"Order\",\"order-id\":\"113-2002116-7002002\",\"merchant-order-id\":\"M-202601-005\",\"adjustment-id\":null,\"shipment-id\":\"SH-20002\",\"marketplace-name\":\"Amazon.com\",\"amount-type\":\"ItemPrice\",\"amount-description\":\"Tax\",\"amount\":\"1.65\"}"], ["transaction_id", nil], ["expense_id", nil], ["created_at", "2026-05-18 23:44:41.120587"], ["updated_at", "2026-05-18 23:44:41.120587"]]
  [1m[36mTRANSACTION (1.9ms)[0m  [1m[36mcommit transaction[0m
  [1m[36mTRANSACTION (0.0ms)[0m  [1m[36mbegin transaction[0m
  [1m[36mAmazonImportRow Create (0.1ms)[0m  [1m[32mINSERT INTO "amazon_import_rows" ("amazon_import_batch_id", "source_row_number", "posted_on", "settlement_id", "order_id", "transaction_type", "amount_type", "amount_description", "description", "marketplace", "amount_cents", "tax_category", "status", "raw_data", "transaction_id", "expense_id", "created_at", "updated_at") VALUES (?, ?, ?, ?, ?, ?, ?, ?, ?, ?, ?, ?, ?, ?, ?, ?, ?, ?)[0m  [["amazon_import_batch_id", 3], ["source_row_number", 13], ["posted_on", "2026-01-30"], ["settlement_id", "100000000102"], ["order_id", "113-2002116-7002002"], ["transaction_type", "Order"], ["amount_type", "ItemFees"], ["amount_description", "Shipping"], ["description", "Order - ItemFees - Shipping"], ["marketplace", "Amazon.com"], ["amount_cents", 599], ["tax_category", "shipping"], ["status", 0], ["raw_data", "{\"settlement-id\":\"100000000102\",\"settlement-start-date\":\"2026-01-15\",\"settlement-end-date\":\"2026-01-28\",\"deposit-date\":\"2026-01-30\",\"total-amount\":\"80.05\",\"currency\":\"USD\",\"transaction-type\":\"Order\",\"order-id\":\"113-2002116-7002002\",\"merchant-order-id\":\"M-202601-005\",\"adjustment-id\":null,\"shipment-id\":\"SH-20002\",\"marketplace-name\":\"Amazon.com\",\"amount-type\":\"ItemFees\",\"amount-description\":\"Shipping\",\"amount\":\"5.99\"}"], ["transaction_id", nil], ["expense_id", nil], ["created_at", "2026-05-18 23:44:41.124068"], ["updated_at", "2026-05-18 23:44:41.124068"]]
  [1m[36mTRANSACTION (1.9ms)[0m  [1m[36mcommit transaction[0m
  [1m[36mTRANSACTION (0.0ms)[0m  [1m[36mbegin transaction[0m
  [1m[36mAmazonImportRow Create (0.1ms)[0m  [1m[32mINSERT INTO "amazon_import_rows" ("amazon_import_batch_id", "source_row_number", "posted_on", "settlement_id", "order_id", "transaction_type", "amount_type", "amount_description", "description", "marketplace", "amount_cents", "tax_category", "status", "raw_data", "transaction_id", "expense_id", "created_at", "updated_at") VALUES (?, ?, ?, ?, ?, ?, ?, ?, ?, ?, ?, ?, ?, ?, ?, ?, ?, ?)[0m  [["amazon_import_batch_id", 3], ["source_row_number", 14], ["posted_on", "2026-01-30"], ["settlement_id", "100000000102"], ["order_id", "113-2002116-7002002"], ["transaction_type", "Order"], ["amount_type", "Promotion"], ["amount_description", "Principal Promo"], ["description", "Order - Promotion - Principal Promo"], ["marketplace", "Amazon.com"], ["amount_cents", -200], ["tax_category", "refunds_returns"], ["status", 0], ["raw_data", "{\"settlement-id\":\"100000000102\",\"settlement-start-date\":\"2026-01-15\",\"settlement-end-date\":\"2026-01-28\",\"deposit-date\":\"2026-01-30\",\"total-amount\":\"80.05\",\"currency\":\"USD\",\"transaction-type\":\"Order\",\"order-id\":\"113-2002116-7002002\",\"merchant-order-id\":\"M-202601-005\",\"adjustment-id\":null,\"shipment-id\":\"SH-20002\",\"marketplace-name\":\"Amazon.com\",\"amount-type\":\"Promotion\",\"amount-description\":\"Principal Promo\",\"amount\":\"-2.00\"}"], ["transaction_id", nil], ["expense_id", nil], ["created_at", "2026-05-18 23:44:41.127708"], ["updated_at", "2026-05-18 23:44:41.127708"]]
  [1m[36mTRANSACTION (1.7ms)[0m  [1m[36mcommit transaction[0m
  [1m[36mTRANSACTION (0.0ms)[0m  [1m[36mbegin transaction[0m
  [1m[36mAmazonImportRow Create (0.1ms)[0m  [1m[32mINSERT INTO "amazon_import_rows" ("amazon_import_batch_id", "source_row_number", "posted_on", "settlement_id", "order_id", "transaction_type", "amount_type", "amount_description", "description", "marketplace", "amount_cents", "tax_category", "status", "raw_data", "transaction_id", "expense_id", "created_at", "updated_at") VALUES (?, ?, ?, ?, ?, ?, ?, ?, ?, ?, ?, ?, ?, ?, ?, ?, ?, ?)[0m  [["amazon_import_batch_id", 3], ["source_row_number", 15], ["posted_on", "2026-01-30"], ["settlement_id", "100000000102"], ["order_id", "113-2002116-7002002"], ["transaction_type", "Order"], ["amount_type", "ItemFees"], ["amount_description", "Commission"], ["description", "Order - ItemFees - Commission"], ["marketplace", "Amazon.com"], ["amount_cents", -367], ["tax_category", "amazon_fees"], ["status", 0], ["raw_data", "{\"settlement-id\":\"100000000102\",\"settlement-start-date\":\"2026-01-15\",\"settlement-end-date\":\"2026-01-28\",\"deposit-date\":\"2026-01-30\",\"total-amount\":\"80.05\",\"currency\":\"USD\",\"transaction-type\":\"Order\",\"order-id\":\"113-2002116-7002002\",\"merchant-order-id\":\"M-202601-005\",\"adjustment-id\":null,\"shipment-id\":\"SH-20002\",\"marketplace-name\":\"Amazon.com\",\"amount-type\":\"ItemFees\",\"amount-description\":\"Commission\",\"amount\":\"-3.67\"}"], ["transaction_id", nil], ["expense_id", nil], ["created_at", "2026-05-18 23:44:41.131139"], ["updated_at", "2026-05-18 23:44:41.131139"]]
  [1m[36mTRANSACTION (1.6ms)[0m  [1m[36mcommit transaction[0m
  [1m[36mTRANSACTION (0.0ms)[0m  [1m[36mbegin transaction[0m
  [1m[36mAmazonImportRow Create (0.1ms)[0m  [1m[32mINSERT INTO "amazon_import_rows" ("amazon_import_batch_id", "source_row_number", "posted_on", "settlement_id", "order_id", "transaction_type", "amount_type", "amount_description", "description", "marketplace", "amount_cents", "tax_category", "status", "raw_data", "transaction_id", "expense_id", "created_at", "updated_at") VALUES (?, ?, ?, ?, ?, ?, ?, ?, ?, ?, ?, ?, ?, ?, ?, ?, ?, ?)[0m  [["amazon_import_batch_id", 3], ["source_row_number", 16], ["posted_on", "2026-01-30"], ["settlement_id", "100000000102"], ["order_id", "113-2002116-7002002"], ["transaction_type", "Order"], ["amount_type", "FBAFees"], ["amount_description", "FBA Pick & Pack Fee"], ["description", "Order - FBAFees - FBA Pick & Pack Fee"], ["marketplace", "Amazon.com"], ["amount_cents", -322], ["tax_category", "fba_fees"], ["status", 0], ["raw_data", "{\"settlement-id\":\"100000000102\",\"settlement-start-date\":\"2026-01-15\",\"settlement-end-date\":\"2026-01-28\",\"deposit-date\":\"2026-01-30\",\"total-amount\":\"80.05\",\"currency\":\"USD\",\"transaction-type\":\"Order\",\"order-id\":\"113-2002116-7002002\",\"merchant-order-id\":\"M-202601-005\",\"adjustment-id\":null,\"shipment-id\":\"SH-20002\",\"marketplace-name\":\"Amazon.com\",\"amount-type\":\"FBAFees\",\"amount-description\":\"FBA Pick \\u0026 Pack Fee\",\"amount\":\"-3.22\"}"], ["transaction_id", nil], ["expense_id", nil], ["created_at", "2026-05-18 23:44:41.134404"], ["updated_at", "2026-05-18 23:44:41.134404"]]
  [1m[36mTRANSACTION (1.2ms)[0m  [1m[36mcommit transaction[0m
  [1m[36mTRANSACTION (0.0ms)[0m  [1m[36mbegin transaction[0m
  [1m[36mAmazonImportRow Create (0.1ms)[0m  [1m[32mINSERT INTO "amazon_import_rows" ("amazon_import_batch_id", "source_row_number", "posted_on", "settlement_id", "order_id", "transaction_type", "amount_type", "amount_description", "description", "marketplace", "amount_cents", "tax_category", "status", "raw_data", "transaction_id", "expense_id", "created_at", "updated_at") VALUES (?, ?, ?, ?, ?, ?, ?, ?, ?, ?, ?, ?, ?, ?, ?, ?, ?, ?)[0m  [["amazon_import_batch_id", 3], ["source_row_number", 17], ["posted_on", "2026-01-30"], ["settlement_id", "100000000102"], ["order_id", "113-2002116-7002002"], ["transaction_type", "Order"], ["amount_type", "ItemFees"], ["amount_description", "Fixed Closing Fee"], ["description", "Order - ItemFees - Fixed Closing Fee"], ["marketplace", "Amazon.com"], ["amount_cents", -180], ["tax_category", "amazon_fees"], ["status", 0], ["raw_data", "{\"settlement-id\":\"100000000102\",\"settlement-start-date\":\"2026-01-15\",\"settlement-end-date\":\"2026-01-28\",\"deposit-date\":\"2026-01-30\",\"total-amount\":\"80.05\",\"currency\":\"USD\",\"transaction-type\":\"Order\",\"order-id\":\"113-2002116-7002002\",\"merchant-order-id\":\"M-202601-005\",\"adjustment-id\":null,\"shipment-id\":\"SH-20002\",\"marketplace-name\":\"Amazon.com\",\"amount-type\":\"ItemFees\",\"amount-description\":\"Fixed Closing Fee\",\"amount\":\"-1.80\"}"], ["transaction_id", nil], ["expense_id", nil], ["created_at", "2026-05-18 23:44:41.137201"], ["updated_at", "2026-05-18 23:44:41.137201"]]
  [1m[36mTRANSACTION (1.1ms)[0m  [1m[36mcommit transaction[0m
  [1m[36mTRANSACTION (0.0ms)[0m  [1m[36mbegin transaction[0m
  [1m[36mAmazonImportRow Create (0.1ms)[0m  [1m[32mINSERT INTO "amazon_import_rows" ("amazon_import_batch_id", "source_row_number", "posted_on", "settlement_id", "order_id", "transaction_type", "amount_type", "amount_description", "description", "marketplace", "amount_cents", "tax_category", "status", "raw_data", "transaction_id", "expense_id", "created_at", "updated_at") VALUES (?, ?, ?, ?, ?, ?, ?, ?, ?, ?, ?, ?, ?, ?, ?, ?, ?, ?)[0m  [["amazon_import_batch_id", 3], ["source_row_number", 18], ["posted_on", "2026-01-30"], ["settlement_id", "100000000102"], ["order_id", "113-2003117-7002003"], ["transaction_type", "Order"], ["amount_type", "ItemPrice"], ["amount_description", "Principal"], ["description", "Order - ItemPrice - Principal"], ["marketplace", "Amazon.com"], ["amount_cents", 8400], ["tax_category", "gross_sales"], ["status", 0], ["raw_data", "{\"settlement-id\":\"100000000102\",\"settlement-start-date\":\"2026-01-15\",\"settlement-end-date\":\"2026-01-28\",\"deposit-date\":\"2026-01-30\",\"total-amount\":\"80.05\",\"currency\":\"USD\",\"transaction-type\":\"Order\",\"order-id\":\"113-2003117-7002003\",\"merchant-order-id\":\"M-202601-006\",\"adjustment-id\":null,\"shipment-id\":\"SH-20003\",\"marketplace-name\":\"Amazon.com\",\"amount-type\":\"ItemPrice\",\"amount-description\":\"Principal\",\"amount\":\"84.00\"}"], ["transaction_id", nil], ["expense_id", nil], ["created_at", "2026-05-18 23:44:41.140107"], ["updated_at", "2026-05-18 23:44:41.140107"]]
  [1m[36mTRANSACTION (1.8ms)[0m  [1m[36mcommit transaction[0m
  [1m[36mTRANSACTION (0.0ms)[0m  [1m[36mbegin transaction[0m
  [1m[36mAmazonImportRow Create (0.1ms)[0m  [1m[32mINSERT INTO "amazon_import_rows" ("amazon_import_batch_id", "source_row_number", "posted_on", "settlement_id", "order_id", "transaction_type", "amount_type", "amount_description", "description", "marketplace", "amount_cents", "tax_category", "status", "raw_data", "transaction_id", "expense_id", "created_at", "updated_at") VALUES (?, ?, ?, ?, ?, ?, ?, ?, ?, ?, ?, ?, ?, ?, ?, ?, ?, ?)[0m  [["amazon_import_batch_id", 3], ["source_row_number", 19], ["posted_on", "2026-01-30"], ["settlement_id", "100000000102"], ["order_id", "113-2003117-7002003"], ["transaction_type", "Order"], ["amount_type", "ItemPrice"], ["amount_description", "Tax"], ["description", "Order - ItemPrice - Tax"], ["marketplace", "Amazon.com"], ["amount_cents", 567], ["tax_category", "gross_sales"], ["status", 0], ["raw_data", "{\"settlement-id\":\"100000000102\",\"settlement-start-date\":\"2026-01-15\",\"settlement-end-date\":\"2026-01-28\",\"deposit-date\":\"2026-01-30\",\"total-amount\":\"80.05\",\"currency\":\"USD\",\"transaction-type\":\"Order\",\"order-id\":\"113-2003117-7002003\",\"merchant-order-id\":\"M-202601-006\",\"adjustment-id\":null,\"shipment-id\":\"SH-20003\",\"marketplace-name\":\"Amazon.com\",\"amount-type\":\"ItemPrice\",\"amount-description\":\"Tax\",\"amount\":\"5.67\"}"], ["transaction_id", nil], ["expense_id", nil], ["created_at", "2026-05-18 23:44:41.143775"], ["updated_at", "2026-05-18 23:44:41.143775"]]
  [1m[36mTRANSACTION (1.5ms)[0m  [1m[36mcommit transaction[0m
  [1m[36mTRANSACTION (0.0ms)[0m  [1m[36mbegin transaction[0m
  [1m[36mAmazonImportRow Create (0.2ms)[0m  [1m[32mINSERT INTO "amazon_import_rows" ("amazon_import_batch_id", "source_row_number", "posted_on", "settlement_id", "order_id", "transaction_type", "amount_type", "amount_description", "description", "marketplace", "amount_cents", "tax_category", "status", "raw_data", "transaction_id", "expense_id", "created_at", "updated_at") VALUES (?, ?, ?, ?, ?, ?, ?, ?, ?, ?, ?, ?, ?, ?, ?, ?, ?, ?)[0m  [["amazon_import_batch_id", 3], ["source_row_number", 20], ["posted_on", "2026-01-30"], ["settlement_id", "100000000102"], ["order_id", "113-2003117-7002003"], ["transaction_type", "Order"], ["amount_type", "ItemFees"], ["amount_description", "Shipping"], ["description", "Order - ItemFees - Shipping"], ["marketplace", "Amazon.com"], ["amount_cents", 0], ["tax_category", "shipping"], ["status", 0], ["raw_data", "{\"settlement-id\":\"100000000102\",\"settlement-start-date\":\"2026-01-15\",\"settlement-end-date\":\"2026-01-28\",\"deposit-date\":\"2026-01-30\",\"total-amount\":\"80.05\",\"currency\":\"USD\",\"transaction-type\":\"Order\",\"order-id\":\"113-2003117-7002003\",\"merchant-order-id\":\"M-202601-006\",\"adjustment-id\":null,\"shipment-id\":\"SH-20003\",\"marketplace-name\":\"Amazon.com\",\"amount-type\":\"ItemFees\",\"amount-description\":\"Shipping\",\"amount\":\"0.00\"}"], ["transaction_id", nil], ["expense_id", nil], ["created_at", "2026-05-18 23:44:41.146686"], ["updated_at", "2026-05-18 23:44:41.146686"]]
  [1m[36mTRANSACTION (2.0ms)[0m  [1m[36mcommit transaction[0m
  [1m[36mTRANSACTION (0.0ms)[0m  [1m[36mbegin transaction[0m
  [1m[36mAmazonImportRow Create (0.1ms)[0m  [1m[32mINSERT INTO "amazon_import_rows" ("amazon_import_batch_id", "source_row_number", "posted_on", "settlement_id", "order_id", "transaction_type", "amount_type", "amount_description", "description", "marketplace", "amount_cents", "tax_category", "status", "raw_data", "transaction_id", "expense_id", "created_at", "updated_at") VALUES (?, ?, ?, ?, ?, ?, ?, ?, ?, ?, ?, ?, ?, ?, ?, ?, ?, ?)[0m  [["amazon_import_batch_id", 3], ["source_row_number", 21], ["posted_on", "2026-01-30"], ["settlement_id", "100000000102"], ["order_id", "113-2003117-7002003"], ["transaction_type", "Order"], ["amount_type", "Promotion"], ["amount_description", "Principal Promo"], ["description", "Order - Promotion - Principal Promo"], ["marketplace", "Amazon.com"], ["amount_cents", -350], ["tax_category", "refunds_returns"], ["status", 0], ["raw_data", "{\"settlement-id\":\"100000000102\",\"settlement-start-date\":\"2026-01-15\",\"settlement-end-date\":\"2026-01-28\",\"deposit-date\":\"2026-01-30\",\"total-amount\":\"80.05\",\"currency\":\"USD\",\"transaction-type\":\"Order\",\"order-id\":\"113-2003117-7002003\",\"merchant-order-id\":\"M-202601-006\",\"adjustment-id\":null,\"shipment-id\":\"SH-20003\",\"marketplace-name\":\"Amazon.com\",\"amount-type\":\"Promotion\",\"amount-description\":\"Principal Promo\",\"amount\":\"-3.50\"}"], ["transaction_id", nil], ["expense_id", nil], ["created_at", "2026-05-18 23:44:41.150509"], ["updated_at", "2026-05-18 23:44:41.150509"]]
  [1m[36mTRANSACTION (1.4ms)[0m  [1m[36mcommit transaction[0m
  [1m[36mTRANSACTION (0.0ms)[0m  [1m[36mbegin transaction[0m
  [1m[36mAmazonImportRow Create (0.1ms)[0m  [1m[32mINSERT INTO "amazon_import_rows" ("amazon_import_batch_id", "source_row_number", "posted_on", "settlement_id", "order_id", "transaction_type", "amount_type", "amount_description", "description", "marketplace", "amount_cents", "tax_category", "status", "raw_data", "transaction_id", "expense_id", "created_at", "updated_at") VALUES (?, ?, ?, ?, ?, ?, ?, ?, ?, ?, ?, ?, ?, ?, ?, ?, ?, ?)[0m  [["amazon_import_batch_id", 3], ["source_row_number", 22], ["posted_on", "2026-01-30"], ["settlement_id", "100000000102"], ["order_id", "113-2003117-7002003"], ["transaction_type", "Order"], ["amount_type", "ItemFees"], ["amount_description", "Commission"], ["description", "Order - ItemFees - Commission"], ["marketplace", "Amazon.com"], ["amount_cents", -1260], ["tax_category", "amazon_fees"], ["status", 0], ["raw_data", "{\"settlement-id\":\"100000000102\",\"settlement-start-date\":\"2026-01-15\",\"settlement-end-date\":\"2026-01-28\",\"deposit-date\":\"2026-01-30\",\"total-amount\":\"80.05\",\"currency\":\"USD\",\"transaction-type\":\"Order\",\"order-id\":\"113-2003117-7002003\",\"merchant-order-id\":\"M-202601-006\",\"adjustment-id\":null,\"shipment-id\":\"SH-20003\",\"marketplace-name\":\"Amazon.com\",\"amount-type\":\"ItemFees\",\"amount-description\":\"Commission\",\"amount\":\"-12.60\"}"], ["transaction_id", nil], ["expense_id", nil], ["created_at", "2026-05-18 23:44:41.153769"], ["updated_at", "2026-05-18 23:44:41.153769"]]
  [1m[36mTRANSACTION (1.6ms)[0m  [1m[36mcommit transaction[0m
  [1m[36mTRANSACTION (0.0ms)[0m  [1m[36mbegin transaction[0m
  [1m[36mAmazonImportRow Create (0.1ms)[0m  [1m[32mINSERT INTO "amazon_import_rows" ("amazon_import_batch_id", "source_row_number", "posted_on", "settlement_id", "order_id", "transaction_type", "amount_type", "amount_description", "description", "marketplace", "amount_cents", "tax_category", "status", "raw_data", "transaction_id", "expense_id", "created_at", "updated_at") VALUES (?, ?, ?, ?, ?, ?, ?, ?, ?, ?, ?, ?, ?, ?, ?, ?, ?, ?)[0m  [["amazon_import_batch_id", 3], ["source_row_number", 23], ["posted_on", "2026-01-30"], ["settlement_id", "100000000102"], ["order_id", "113-2003117-7002003"], ["transaction_type", "Order"], ["amount_type", "FBAFees"], ["amount_description", "FBA Pick & Pack Fee"], ["description", "Order - FBAFees - FBA Pick & Pack Fee"], ["marketplace", "Amazon.com"], ["amount_cents", -619], ["tax_category", "fba_fees"], ["status", 0], ["raw_data", "{\"settlement-id\":\"100000000102\",\"settlement-start-date\":\"2026-01-15\",\"settlement-end-date\":\"2026-01-28\",\"deposit-date\":\"2026-01-30\",\"total-amount\":\"80.05\",\"currency\":\"USD\",\"transaction-type\":\"Order\",\"order-id\":\"113-2003117-7002003\",\"merchant-order-id\":\"M-202601-006\",\"adjustment-id\":null,\"shipment-id\":\"SH-20003\",\"marketplace-name\":\"Amazon.com\",\"amount-type\":\"FBAFees\",\"amount-description\":\"FBA Pick \\u0026 Pack Fee\",\"amount\":\"-6.19\"}"], ["transaction_id", nil], ["expense_id", nil], ["created_at", "2026-05-18 23:44:41.157050"], ["updated_at", "2026-05-18 23:44:41.157050"]]
  [1m[36mTRANSACTION (1.1ms)[0m  [1m[36mcommit transaction[0m
  [1m[36mTRANSACTION (0.0ms)[0m  [1m[36mbegin transaction[0m
  [1m[36mAmazonImportRow Create (0.1ms)[0m  [1m[32mINSERT INTO "amazon_import_rows" ("amazon_import_batch_id", "source_row_number", "posted_on", "settlement_id", "order_id", "transaction_type", "amount_type", "amount_description", "description", "marketplace", "amount_cents", "tax_category", "status", "raw_data", "transaction_id", "expense_id", "created_at", "updated_at") VALUES (?, ?, ?, ?, ?, ?, ?, ?, ?, ?, ?, ?, ?, ?, ?, ?, ?, ?)[0m  [["amazon_import_batch_id", 3], ["source_row_number", 24], ["posted_on", "2026-01-30"], ["settlement_id", "100000000102"], ["order_id", "113-2003117-7002003"], ["transaction_type", "Order"], ["amount_type", "ItemFees"], ["amount_description", "Fixed Closing Fee"], ["description", "Order - ItemFees - Fixed Closing Fee"], ["marketplace", "Amazon.com"], ["amount_cents", -240], ["tax_category", "amazon_fees"], ["status", 0], ["raw_data", "{\"settlement-id\":\"100000000102\",\"settlement-start-date\":\"2026-01-15\",\"settlement-end-date\":\"2026-01-28\",\"deposit-date\":\"2026-01-30\",\"total-amount\":\"80.05\",\"currency\":\"USD\",\"transaction-type\":\"Order\",\"order-id\":\"113-2003117-7002003\",\"merchant-order-id\":\"M-202601-006\",\"adjustment-id\":null,\"shipment-id\":\"SH-20003\",\"marketplace-name\":\"Amazon.com\",\"amount-type\":\"ItemFees\",\"amount-description\":\"Fixed Closing Fee\",\"amount\":\"-2.40\"}"], ["transaction_id", nil], ["expense_id", nil], ["created_at", "2026-05-18 23:44:41.159526"], ["updated_at", "2026-05-18 23:44:41.159526"]]
  [1m[36mTRANSACTION (1.2ms)[0m  [1m[36mcommit transaction[0m
  [1m[36mTRANSACTION (0.0ms)[0m  [1m[36mbegin transaction[0m
  [1m[36mAmazonImportRow Create (0.1ms)[0m  [1m[32mINSERT INTO "amazon_import_rows" ("amazon_import_batch_id", "source_row_number", "posted_on", "settlement_id", "order_id", "transaction_type", "amount_type", "amount_description", "description", "marketplace", "amount_cents", "tax_category", "status", "raw_data", "transaction_id", "expense_id", "created_at", "updated_at") VALUES (?, ?, ?, ?, ?, ?, ?, ?, ?, ?, ?, ?, ?, ?, ?, ?, ?, ?)[0m  [["amazon_import_batch_id", 3], ["source_row_number", 25], ["posted_on", "2026-01-30"], ["settlement_id", "100000000102"], ["order_id", "113-2002116-7002002"], ["transaction_type", "Refund"], ["amount_type", "ItemPrice"], ["amount_description", "Principal"], ["description", "Refund - ItemPrice - Principal"], ["marketplace", "Amazon.com"], ["amount_cents", -2450], ["tax_category", "refunds_returns"], ["status", 0], ["raw_data", "{\"settlement-id\":\"100000000102\",\"settlement-start-date\":\"2026-01-15\",\"settlement-end-date\":\"2026-01-28\",\"deposit-date\":\"2026-01-30\",\"total-amount\":\"80.05\",\"currency\":\"USD\",\"transaction-type\":\"Refund\",\"order-id\":\"113-2002116-7002002\",\"merchant-order-id\":\"M-202601-005\",\"adjustment-id\":null,\"shipment-id\":\"SH-20002\",\"marketplace-name\":\"Amazon.com\",\"amount-type\":\"ItemPrice\",\"amount-description\":\"Principal\",\"amount\":\"-24.50\"}"], ["transaction_id", nil], ["expense_id", nil], ["created_at", "2026-05-18 23:44:41.162264"], ["updated_at", "2026-05-18 23:44:41.162264"]]
  [1m[36mTRANSACTION (1.3ms)[0m  [1m[36mcommit transaction[0m
  [1m[36mTRANSACTION (0.0ms)[0m  [1m[36mbegin transaction[0m
  [1m[36mAmazonImportRow Create (0.1ms)[0m  [1m[32mINSERT INTO "amazon_import_rows" ("amazon_import_batch_id", "source_row_number", "posted_on", "settlement_id", "order_id", "transaction_type", "amount_type", "amount_description", "description", "marketplace", "amount_cents", "tax_category", "status", "raw_data", "transaction_id", "expense_id", "created_at", "updated_at") VALUES (?, ?, ?, ?, ?, ?, ?, ?, ?, ?, ?, ?, ?, ?, ?, ?, ?, ?)[0m  [["amazon_import_batch_id", 3], ["source_row_number", 26], ["posted_on", "2026-01-30"], ["settlement_id", "100000000102"], ["order_id", "113-2002116-7002002"], ["transaction_type", "Refund"], ["amount_type", "ItemPrice"], ["amount_description", "Tax"], ["description", "Refund - ItemPrice - Tax"], ["marketplace", "Amazon.com"], ["amount_cents", -165], ["tax_category", "refunds_returns"], ["status", 0], ["raw_data", "{\"settlement-id\":\"100000000102\",\"settlement-start-date\":\"2026-01-15\",\"settlement-end-date\":\"2026-01-28\",\"deposit-date\":\"2026-01-30\",\"total-amount\":\"80.05\",\"currency\":\"USD\",\"transaction-type\":\"Refund\",\"order-id\":\"113-2002116-7002002\",\"merchant-order-id\":\"M-202601-005\",\"adjustment-id\":null,\"shipment-id\":\"SH-20002\",\"marketplace-name\":\"Amazon.com\",\"amount-type\":\"ItemPrice\",\"amount-description\":\"Tax\",\"amount\":\"-1.65\"}"], ["transaction_id", nil], ["expense_id", nil], ["created_at", "2026-05-18 23:44:41.165094"], ["updated_at", "2026-05-18 23:44:41.165094"]]
  [1m[36mTRANSACTION (1.7ms)[0m  [1m[36mcommit transaction[0m
  [1m[36mTRANSACTION (0.0ms)[0m  [1m[36mbegin transaction[0m
  [1m[36mAmazonImportRow Create (0.1ms)[0m  [1m[32mINSERT INTO "amazon_import_rows" ("amazon_import_batch_id", "source_row_number", "posted_on", "settlement_id", "order_id", "transaction_type", "amount_type", "amount_description", "description", "marketplace", "amount_cents", "tax_category", "status", "raw_data", "transaction_id", "expense_id", "created_at", "updated_at") VALUES (?, ?, ?, ?, ?, ?, ?, ?, ?, ?, ?, ?, ?, ?, ?, ?, ?, ?)[0m  [["amazon_import_batch_id", 3], ["source_row_number", 27], ["posted_on", "2026-01-30"], ["settlement_id", "100000000102"], ["order_id", "113-2002116-7002002"], ["transaction_type", "Refund"], ["amount_type", "ItemFees"], ["amount_description", "Commission Refund"], ["description", "Refund - ItemFees - Commission Refund"], ["marketplace", "Amazon.com"], ["amount_cents", 367], ["tax_category", "refunds_returns"], ["status", 0], ["raw_data", "{\"settlement-id\":\"100000000102\",\"settlement-start-date\":\"2026-01-15\",\"settlement-end-date\":\"2026-01-28\",\"deposit-date\":\"2026-01-30\",\"total-amount\":\"80.05\",\"currency\":\"USD\",\"transaction-type\":\"Refund\",\"order-id\":\"113-2002116-7002002\",\"merchant-order-id\":\"M-202601-005\",\"adjustment-id\":null,\"shipment-id\":\"SH-20002\",\"marketplace-name\":\"Amazon.com\",\"amount-type\":\"ItemFees\",\"amount-description\":\"Commission Refund\",\"amount\":\"3.67\"}"], ["transaction_id", nil], ["expense_id", nil], ["created_at", "2026-05-18 23:44:41.168137"], ["updated_at", "2026-05-18 23:44:41.168137"]]
  [1m[36mTRANSACTION (1.2ms)[0m  [1m[36mcommit transaction[0m
  [1m[36mTRANSACTION (0.0ms)[0m  [1m[36mbegin transaction[0m
  [1m[36mAmazonImportRow Create (0.1ms)[0m  [1m[32mINSERT INTO "amazon_import_rows" ("amazon_import_batch_id", "source_row_number", "posted_on", "settlement_id", "order_id", "transaction_type", "amount_type", "amount_description", "description", "marketplace", "amount_cents", "tax_category", "status", "raw_data", "transaction_id", "expense_id", "created_at", "updated_at") VALUES (?, ?, ?, ?, ?, ?, ?, ?, ?, ?, ?, ?, ?, ?, ?, ?, ?, ?)[0m  [["amazon_import_batch_id", 3], ["source_row_number", 28], ["posted_on", "2026-01-30"], ["settlement_id", "100000000102"], ["order_id", "113-2002116-7002002"], ["transaction_type", "Refund"], ["amount_type", "FBAFees"], ["amount_description", "Refund Administration Fee"], ["description", "Refund - FBAFees - Refund Administration Fee"], ["marketplace", "Amazon.com"], ["amount_cents", -125], ["tax_category", "refunds_returns"], ["status", 0], ["raw_data", "{\"settlement-id\":\"100000000102\",\"settlement-start-date\":\"2026-01-15\",\"settlement-end-date\":\"2026-01-28\",\"deposit-date\":\"2026-01-30\",\"total-amount\":\"80.05\",\"currency\":\"USD\",\"transaction-type\":\"Refund\",\"order-id\":\"113-2002116-7002002\",\"merchant-order-id\":\"M-202601-005\",\"adjustment-id\":null,\"shipment-id\":\"SH-20002\",\"marketplace-name\":\"Amazon.com\",\"amount-type\":\"FBAFees\",\"amount-description\":\"Refund Administration Fee\",\"amount\":\"-1.25\"}"], ["transaction_id", nil], ["expense_id", nil], ["created_at", "2026-05-18 23:44:41.170594"], ["updated_at", "2026-05-18 23:44:41.170594"]]
  [1m[36mTRANSACTION (1.8ms)[0m  [1m[36mcommit transaction[0m
  [1m[36mTRANSACTION (0.0ms)[0m  [1m[36mbegin transaction[0m
  [1m[36mAmazonImportRow Create (0.1ms)[0m  [1m[32mINSERT INTO "amazon_import_rows" ("amazon_import_batch_id", "source_row_number", "posted_on", "settlement_id", "order_id", "transaction_type", "amount_type", "amount_description", "description", "marketplace", "amount_cents", "tax_category", "status", "raw_data", "transaction_id", "expense_id", "created_at", "updated_at") VALUES (?, ?, ?, ?, ?, ?, ?, ?, ?, ?, ?, ?, ?, ?, ?, ?, ?, ?)[0m  [["amazon_import_batch_id", 3], ["source_row_number", 29], ["posted_on", "2026-01-30"], ["settlement_id", "100000000102"], ["order_id", nil], ["transaction_type", "Adjustment"], ["amount_type", "Adjustment"], ["amount_description", "Inventory Reimbursement"], ["description", "Adjustment - Adjustment - Inventory Reimbursement"], ["marketplace", "Amazon.com"], ["amount_cents", 1250], ["tax_category", "reimbursements"], ["status", 0], ["raw_data", "{\"settlement-id\":\"100000000102\",\"settlement-start-date\":\"2026-01-15\",\"settlement-end-date\":\"2026-01-28\",\"deposit-date\":\"2026-01-30\",\"total-amount\":\"80.05\",\"currency\":\"USD\",\"transaction-type\":\"Adjustment\",\"order-id\":null,\"merchant-order-id\":null,\"adjustment-id\":\"ADJ-0102-01\",\"shipment-id\":null,\"marketplace-name\":\"Amazon.com\",\"amount-type\":\"Adjustment\",\"amount-description\":\"Inventory Reimbursement\",\"amount\":\"12.50\"}"], ["transaction_id", nil], ["expense_id", nil], ["created_at", "2026-05-18 23:44:41.173959"], ["updated_at", "2026-05-18 23:44:41.173959"]]
  [1m[36mTRANSACTION (1.4ms)[0m  [1m[36mcommit transaction[0m
  [1m[36mTRANSACTION (0.0ms)[0m  [1m[36mbegin transaction[0m
  [1m[36mAmazonImportRow Create (0.1ms)[0m  [1m[32mINSERT INTO "amazon_import_rows" ("amazon_import_batch_id", "source_row_number", "posted_on", "settlement_id", "order_id", "transaction_type", "amount_type", "amount_description", "description", "marketplace", "amount_cents", "tax_category", "status", "raw_data", "transaction_id", "expense_id", "created_at", "updated_at") VALUES (?, ?, ?, ?, ?, ?, ?, ?, ?, ?, ?, ?, ?, ?, ?, ?, ?, ?)[0m  [["amazon_import_batch_id", 3], ["source_row_number", 30], ["posted_on", "2026-01-30"], ["settlement_id", "100000000102"], ["order_id", nil], ["transaction_type", "Transfer"], ["amount_type", "AccountLevel"], ["amount_description", "Previous Reserve Amount Balance"], ["description", "Transfer - AccountLevel - Previous Reserve Amount Balance"], ["marketplace", "Amazon.com"], ["amount_cents", 4000], ["tax_category", "reserves_adjustments"], ["status", 0], ["raw_data", "{\"settlement-id\":\"100000000102\",\"settlement-start-date\":\"2026-01-15\",\"settlement-end-date\":\"2026-01-28\",\"deposit-date\":\"2026-01-30\",\"total-amount\":\"80.05\",\"currency\":\"USD\",\"transaction-type\":\"Transfer\",\"order-id\":null,\"merchant-order-id\":null,\"adjustment-id\":null,\"shipment-id\":null,\"marketplace-name\":\"Amazon.com\",\"amount-type\":\"AccountLevel\",\"amount-description\":\"Previous Reserve Amount Balance\",\"amount\":\"40.00\"}"], ["transaction_id", nil], ["expense_id", nil], ["created_at", "2026-05-18 23:44:41.177072"], ["updated_at", "2026-05-18 23:44:41.177072"]]
  [1m[36mTRANSACTION (1.5ms)[0m  [1m[36mcommit transaction[0m
  [1m[36mTRANSACTION (0.0ms)[0m  [1m[36mbegin transaction[0m
  [1m[36mAmazonImportRow Create (0.1ms)[0m  [1m[32mINSERT INTO "amazon_import_rows" ("amazon_import_batch_id", "source_row_number", "posted_on", "settlement_id", "order_id", "transaction_type", "amount_type", "amount_description", "description", "marketplace", "amount_cents", "tax_category", "status", "raw_data", "transaction_id", "expense_id", "created_at", "updated_at") VALUES (?, ?, ?, ?, ?, ?, ?, ?, ?, ?, ?, ?, ?, ?, ?, ?, ?, ?)[0m  [["amazon_import_batch_id", 3], ["source_row_number", 31], ["posted_on", "2026-01-30"], ["settlement_id", "100000000102"], ["order_id", nil], ["transaction_type", "Transfer"], ["amount_type", "AccountLevel"], ["amount_description", "Current Reserve Amount"], ["description", "Transfer - AccountLevel - Current Reserve Amount"], ["marketplace", "Amazon.com"], ["amount_cents", -7500], ["tax_category", "reserves_adjustments"], ["status", 0], ["raw_data", "{\"settlement-id\":\"100000000102\",\"settlement-start-date\":\"2026-01-15\",\"settlement-end-date\":\"2026-01-28\",\"deposit-date\":\"2026-01-30\",\"total-amount\":\"80.05\",\"currency\":\"USD\",\"transaction-type\":\"Transfer\",\"order-id\":null,\"merchant-order-id\":null,\"adjustment-id\":null,\"shipment-id\":null,\"marketplace-name\":\"Amazon.com\",\"amount-type\":\"AccountLevel\",\"amount-description\":\"Current Reserve Amount\",\"amount\":\"-75.00\"}"], ["transaction_id", nil], ["expense_id", nil], ["created_at", "2026-05-18 23:44:41.179840"], ["updated_at", "2026-05-18 23:44:41.179840"]]
  [1m[36mTRANSACTION (1.4ms)[0m  [1m[36mcommit transaction[0m
  [1m[36mTRANSACTION (0.0ms)[0m  [1m[36mbegin transaction[0m
  [1m[36mAmazonImportRow Create (0.1ms)[0m  [1m[32mINSERT INTO "amazon_import_rows" ("amazon_import_batch_id", "source_row_number", "posted_on", "settlement_id", "order_id", "transaction_type", "amount_type", "amount_description", "description", "marketplace", "amount_cents", "tax_category", "status", "raw_data", "transaction_id", "expense_id", "created_at", "updated_at") VALUES (?, ?, ?, ?, ?, ?, ?, ?, ?, ?, ?, ?, ?, ?, ?, ?, ?, ?)[0m  [["amazon_import_batch_id", 3], ["source_row_number", 32], ["posted_on", "2026-01-30"], ["settlement_id", "100000000102"], ["order_id", "113-2003117-7002003"], ["transaction_type", "Order"], ["amount_type", "Other"], ["amount_description", "Balance Adjustment"], ["description", "Order - Other - Balance Adjustment"], ["marketplace", "Amazon.com"], ["amount_cents", 0], ["tax_category", "reserves_adjustments"], ["status", 0], ["raw_data", "{\"settlement-id\":\"100000000102\",\"settlement-start-date\":\"2026-01-15\",\"settlement-end-date\":\"2026-01-28\",\"deposit-date\":\"2026-01-30\",\"total-amount\":\"80.05\",\"currency\":\"USD\",\"transaction-type\":\"Order\",\"order-id\":\"113-2003117-7002003\",\"merchant-order-id\":\"M-202601-006\",\"adjustment-id\":null,\"shipment-id\":\"SH-20003\",\"marketplace-name\":\"Amazon.com\",\"amount-type\":\"Other\",\"amount-description\":\"Balance Adjustment\",\"amount\":\"0.00\"}"], ["transaction_id", nil], ["expense_id", nil], ["created_at", "2026-05-18 23:44:41.182785"], ["updated_at", "2026-05-18 23:44:41.182785"]]
  [1m[36mTRANSACTION (1.7ms)[0m  [1m[36mcommit transaction[0m
  [1m[36mTRANSACTION (0.0ms)[0m  [1m[36mbegin transaction[0m
  [1m[36mAmazonImportRow Create (0.1ms)[0m  [1m[32mINSERT INTO "amazon_import_rows" ("amazon_import_batch_id", "source_row_number", "posted_on", "settlement_id", "order_id", "transaction_type", "amount_type", "amount_description", "description", "marketplace", "amount_cents", "tax_category", "status", "raw_data", "transaction_id", "expense_id", "created_at", "updated_at") VALUES (?, ?, ?, ?, ?, ?, ?, ?, ?, ?, ?, ?, ?, ?, ?, ?, ?, ?)[0m  [["amazon_import_batch_id", 3], ["source_row_number", 33], ["posted_on", "2026-01-30"], ["settlement_id", "100000000102"], ["order_id", "113-2003117-7002003"], ["transaction_type", "Order"], ["amount_type", "ItemFees"], ["amount_description", "Shipping Chargeback"], ["description", "Order - ItemFees - Shipping Chargeback"], ["marketplace", "Amazon.com"], ["amount_cents", -499], ["tax_category", "shipping"], ["status", 0], ["raw_data", "{\"settlement-id\":\"100000000102\",\"settlement-start-date\":\"2026-01-15\",\"settlement-end-date\":\"2026-01-28\",\"deposit-date\":\"2026-01-30\",\"total-amount\":\"80.05\",\"currency\":\"USD\",\"transaction-type\":\"Order\",\"order-id\":\"113-2003117-7002003\",\"merchant-order-id\":null,\"adjustment-id\":null,\"shipment-id\":\"SH-20003\",\"marketplace-name\":\"Amazon.com\",\"amount-type\":\"ItemFees\",\"amount-description\":\"Shipping Chargeback\",\"amount\":\"-4.99\"}"], ["transaction_id", nil], ["expense_id", nil], ["created_at", "2026-05-18 23:44:41.186210"], ["updated_at", "2026-05-18 23:44:41.186210"]]
  [1m[36mTRANSACTION (1.2ms)[0m  [1m[36mcommit transaction[0m
  [1m[36mAmazonImportRow Count (0.1ms)[0m  [1m[34mSELECT COUNT(*) FROM "amazon_import_rows" WHERE "amazon_import_rows"."amazon_import_batch_id" = ?[0m  [["amazon_import_batch_id", 3]]
  [1m[36mAmazonImportRow Exists? (0.1ms)[0m  [1m[34mSELECT 1 AS one FROM "amazon_import_rows" WHERE "amazon_import_rows"."amazon_import_batch_id" = ? AND "amazon_import_rows"."status" = ? LIMIT ?[0m  [["amazon_import_batch_id", 3], ["status", 0], ["LIMIT", 1]]
  [1m[36mTRANSACTION (0.0ms)[0m  [1m[36mbegin transaction[0m
  [1m[36mAmazonImportBatch Update (0.1ms)[0m  [1m[33mUPDATE "amazon_import_batches" SET "row_count" = ?, "updated_at" = ? WHERE "amazon_import_batches"."id" = ?[0m  [["row_count", 32], ["updated_at", "2026-05-18 23:44:41.189645"], ["id", 3]]
  [1m[36mTRANSACTION (1.5ms)[0m  [1m[36mcommit transaction[0m
Redirected to http://nas:3002/amazon-imports/3
Completed 302 Found in 142ms (ActiveRecord: 55.9ms | Allocations: 116196)


Started GET "/amazon-imports/3" for 100.108.203.87 at 2026-05-18 17:44:41 -0600
Processing by AmazonImportBatchesController#show as HTML
  Parameters: {"id"=>"3"}
  [1m[36mAmazonImportBatch Load (0.1ms)[0m  [1m[34mSELECT "amazon_import_batches".* FROM "amazon_import_batches" WHERE "amazon_import_batches"."id" = ? LIMIT ?[0m  [["id", 3], ["LIMIT", 1]]
  Rendering layout layouts/application.html.erb
  Rendering amazon_import_batches/show.html.erb within layouts/application
  [1m[36mAmazonImportRow Load (0.2ms)[0m  [1m[34mSELECT "amazon_import_rows".* FROM "amazon_import_rows" WHERE "amazon_import_rows"."amazon_import_batch_id" = ? ORDER BY "amazon_import_rows"."source_row_number" ASC[0m  [["amazon_import_batch_id", 3]]
  Rendered amazon_import_batches/show.html.erb within layouts/application (Duration: 18.2ms | Allocations: 28705)
  Rendered layout layouts/application.html.erb (Duration: 18.6ms | Allocations: 29000)
Completed 200 OK in 20ms (Views: 18.7ms | ActiveRecord: 0.3ms | Allocations: 30029)


Started PATCH "/amazon-import-rows/4" for 100.108.203.87 at 2026-05-18 17:52:33 -0600
Processing by AmazonImportRowsController#update as HTML
  Parameters: {"authenticity_token"=>"w3WOEdwqJZ9ZLiULja_ox2lI8DlY2dNeJ_5VA_VuSpE1aMUBaCZtYAQK_9URRRlSpvv2Kjb1WksIMKqQTZTLHg", "amazon_import_row"=>{"tax_category"=>"gross_sales"}, "commit"=>"Skip", "id"=>"4"}
  [1m[36mAmazonImportRow Load (0.1ms)[0m  [1m[34mSELECT "amazon_import_rows".* FROM "amazon_import_rows" WHERE "amazon_import_rows"."id" = ? LIMIT ?[0m  [["id", 4], ["LIMIT", 1]]
  [1m[36mTRANSACTION (0.0ms)[0m  [1m[36mbegin transaction[0m
  [1m[36mAmazonImportBatch Load (0.1ms)[0m  [1m[34mSELECT "amazon_import_batches".* FROM "amazon_import_batches" WHERE "amazon_import_batches"."id" = ? LIMIT ?[0m  [["id", 3], ["LIMIT", 1]]
  [1m[36mAmazonImportRow Update (0.1ms)[0m  [1m[33mUPDATE "amazon_import_rows" SET "status" = ?, "updated_at" = ? WHERE "amazon_import_rows"."id" = ?[0m  [["status", 2], ["updated_at", "2026-05-18 23:52:33.662161"], ["id", 4]]
  [1m[36mTRANSACTION (1.9ms)[0m  [1m[36mcommit transaction[0m
  [1m[36mAmazonImportRow Count (0.1ms)[0m  [1m[34mSELECT COUNT(*) FROM "amazon_import_rows" WHERE "amazon_import_rows"."amazon_import_batch_id" = ?[0m  [["amazon_import_batch_id", 3]]
  [1m[36mAmazonImportRow Exists? (0.1ms)[0m  [1m[34mSELECT 1 AS one FROM "amazon_import_rows" WHERE "amazon_import_rows"."amazon_import_batch_id" = ? AND "amazon_import_rows"."status" = ? LIMIT ?[0m  [["amazon_import_batch_id", 3], ["status", 0], ["LIMIT", 1]]
Redirected to http://nas:3002/amazon-imports/3
Completed 302 Found in 7ms (ActiveRecord: 2.6ms | Allocations: 3368)


Started GET "/amazon-imports/3" for 100.108.203.87 at 2026-05-18 17:52:33 -0600
Processing by AmazonImportBatchesController#show as HTML
  Parameters: {"id"=>"3"}
  [1m[36mAmazonImportBatch Load (0.1ms)[0m  [1m[34mSELECT "amazon_import_batches".* FROM "amazon_import_batches" WHERE "amazon_import_batches"."id" = ? LIMIT ?[0m  [["id", 3], ["LIMIT", 1]]
  Rendering layout layouts/application.html.erb
  Rendering amazon_import_batches/show.html.erb within layouts/application
  [1m[36mAmazonImportRow Load (0.2ms)[0m  [1m[34mSELECT "amazon_import_rows".* FROM "amazon_import_rows" WHERE "amazon_import_rows"."amazon_import_batch_id" = ? ORDER BY "amazon_import_rows"."source_row_number" ASC[0m  [["amazon_import_batch_id", 3]]
  Rendered amazon_import_batches/show.html.erb within layouts/application (Duration: 17.2ms | Allocations: 26765)
  Rendered layout layouts/application.html.erb (Duration: 17.5ms | Allocations: 27034)
Completed 200 OK in 19ms (Views: 17.5ms | ActiveRecord: 0.3ms | Allocations: 27638)


Started PATCH "/amazon-import-rows/5" for 100.108.203.87 at 2026-05-18 17:52:35 -0600
Processing by AmazonImportRowsController#update as HTML
  Parameters: {"authenticity_token"=>"Vsf3_AIN5junUH4bMbHpUWJpWmhZ6xtIXRd9SxjUF1St1M3yz9Aatie5fOf2i87JsYN3XZ9WcLvNaxQwqYsb8A", "amazon_import_row"=>{"tax_category"=>"gross_sales"}, "commit"=>"Accept", "id"=>"5"}
  [1m[36mAmazonImportRow Load (0.1ms)[0m  [1m[34mSELECT "amazon_import_rows".* FROM "amazon_import_rows" WHERE "amazon_import_rows"."id" = ? LIMIT ?[0m  [["id", 5], ["LIMIT", 1]]
  [1m[36mTRANSACTION (0.0ms)[0m  [1m[36mbegin transaction[0m
  [1m[36mAmazonImportBatch Load (0.1ms)[0m  [1m[34mSELECT "amazon_import_batches".* FROM "amazon_import_batches" WHERE "amazon_import_batches"."id" = ? LIMIT ?[0m  [["id", 3], ["LIMIT", 1]]
  [1m[36mAmazonImportRow Update (0.1ms)[0m  [1m[33mUPDATE "amazon_import_rows" SET "status" = ?, "updated_at" = ? WHERE "amazon_import_rows"."id" = ?[0m  [["status", 1], ["updated_at", "2026-05-18 23:52:35.705642"], ["id", 5]]
  [1m[36mTRANSACTION (2.3ms)[0m  [1m[36mcommit transaction[0m
  [1m[36mAccount Load (0.1ms)[0m  [1m[34mSELECT "accounts".* FROM "accounts" WHERE "accounts"."name" = ? LIMIT ?[0m  [["name", "Amazon Clearing"], ["LIMIT", 1]]
  [1m[36mAccount Load (0.0ms)[0m  [1m[34mSELECT "accounts".* FROM "accounts" WHERE "accounts"."name" = ? LIMIT ?[0m  [["name", "Amazon Sales Revenue"], ["LIMIT", 1]]
  [1m[36mTRANSACTION (0.0ms)[0m  [1m[36mbegin transaction[0m
  [1m[36mTransaction Create (0.1ms)[0m  [1m[32mINSERT INTO "transactions" ("transacted_on", "description", "debit_account_id", "credit_account_id", "amount_cents", "created_at", "updated_at") VALUES (?, ?, ?, ?, ?, ?, ?)[0m  [["transacted_on", "2026-01-30"], ["description", "Order - Tax - 113-2001115-7002001"], ["debit_account_id", 4], ["credit_account_id", 5], ["amount_cents", 375], ["created_at", "2026-05-18 23:52:35.709911"], ["updated_at", "2026-05-18 23:52:35.709911"]]
  [1m[36mTRANSACTION (2.1ms)[0m  [1m[36mcommit transaction[0m
  [1m[36mTRANSACTION (0.0ms)[0m  [1m[36mbegin transaction[0m
  [1m[36mAmazonImportRow Update (0.1ms)[0m  [1m[33mUPDATE "amazon_import_rows" SET "transaction_id" = ?, "updated_at" = ? WHERE "amazon_import_rows"."id" = ?[0m  [["transaction_id", 12], ["updated_at", "2026-05-18 23:52:35.712993"], ["id", 5]]
  [1m[36mTRANSACTION (1.6ms)[0m  [1m[36mcommit transaction[0m
  [1m[36mAmazonImportRow Count (0.1ms)[0m  [1m[34mSELECT COUNT(*) FROM "amazon_import_rows" WHERE "amazon_import_rows"."amazon_import_batch_id" = ?[0m  [["amazon_import_batch_id", 3]]
  [1m[36mAmazonImportRow Exists? (0.1ms)[0m  [1m[34mSELECT 1 AS one FROM "amazon_import_rows" WHERE "amazon_import_rows"."amazon_import_batch_id" = ? AND "amazon_import_rows"."status" = ? LIMIT ?[0m  [["amazon_import_batch_id", 3], ["status", 0], ["LIMIT", 1]]
Redirected to http://nas:3002/amazon-imports/3
Completed 302 Found in 13ms (ActiveRecord: 6.8ms | Allocations: 4046)


Started GET "/amazon-imports/3" for 100.108.203.87 at 2026-05-18 17:52:35 -0600
Processing by AmazonImportBatchesController#show as HTML
  Parameters: {"id"=>"3"}
  [1m[36mAmazonImportBatch Load (0.1ms)[0m  [1m[34mSELECT "amazon_import_batches".* FROM "amazon_import_batches" WHERE "amazon_import_batches"."id" = ? LIMIT ?[0m  [["id", 3], ["LIMIT", 1]]
  Rendering layout layouts/application.html.erb
  Rendering amazon_import_batches/show.html.erb within layouts/application
  [1m[36mAmazonImportRow Load (0.3ms)[0m  [1m[34mSELECT "amazon_import_rows".* FROM "amazon_import_rows" WHERE "amazon_import_rows"."amazon_import_batch_id" = ? ORDER BY "amazon_import_rows"."source_row_number" ASC[0m  [["amazon_import_batch_id", 3]]
  Rendered amazon_import_batches/show.html.erb within layouts/application (Duration: 26.5ms | Allocations: 25910)
  Rendered layout layouts/application.html.erb (Duration: 27.0ms | Allocations: 26176)
Completed 200 OK in 28ms (Views: 27.1ms | ActiveRecord: 0.4ms | Allocations: 26717)


Started PATCH "/amazon-import-rows/6" for 100.108.203.87 at 2026-05-18 17:52:38 -0600
Processing by AmazonImportRowsController#update as HTML
  Parameters: {"authenticity_token"=>"M1Gqp5yCVpranPHaFJaqE-zafKrijdm7F-CQaxd6a0JJ8t-4M71K95UrUZyERXPVwlm5JEy90CgWaQaHuLCVeQ", "amazon_import_row"=>{"tax_category"=>"shipping"}, "commit"=>"Accept", "id"=>"6"}
  [1m[36mAmazonImportRow Load (0.1ms)[0m  [1m[34mSELECT "amazon_import_rows".* FROM "amazon_import_rows" WHERE "amazon_import_rows"."id" = ? LIMIT ?[0m  [["id", 6], ["LIMIT", 1]]
  [1m[36mTRANSACTION (0.0ms)[0m  [1m[36mbegin transaction[0m
  [1m[36mAmazonImportBatch Load (0.1ms)[0m  [1m[34mSELECT "amazon_import_batches".* FROM "amazon_import_batches" WHERE "amazon_import_batches"."id" = ? LIMIT ?[0m  [["id", 3], ["LIMIT", 1]]
  [1m[36mAmazonImportRow Update (0.1ms)[0m  [1m[33mUPDATE "amazon_import_rows" SET "status" = ?, "updated_at" = ? WHERE "amazon_import_rows"."id" = ?[0m  [["status", 1], ["updated_at", "2026-05-18 23:52:38.457511"], ["id", 6]]
  [1m[36mTRANSACTION (4.7ms)[0m  [1m[36mcommit transaction[0m
  [1m[36mTRANSACTION (0.0ms)[0m  [1m[36mbegin transaction[0m
  [1m[36mExpense Create (0.2ms)[0m  [1m[32mINSERT INTO "expenses" ("vendor", "category", "spent_on", "amount_cents", "created_at", "updated_at") VALUES (?, ?, ?, ?, ?, ?)[0m  [["vendor", "Amazon"], ["category", "Shipping"], ["spent_on", "2026-01-30"], ["amount_cents", 799], ["created_at", "2026-05-18 23:52:38.470279"], ["updated_at", "2026-05-18 23:52:38.470279"]]
  [1m[36mTRANSACTION (1.9ms)[0m  [1m[36mcommit transaction[0m
  [1m[36mTRANSACTION (0.0ms)[0m  [1m[36mbegin transaction[0m
  [1m[36mAmazonImportRow Update (0.1ms)[0m  [1m[33mUPDATE "amazon_import_rows" SET "expense_id" = ?, "updated_at" = ? WHERE "amazon_import_rows"."id" = ?[0m  [["expense_id", 8], ["updated_at", "2026-05-18 23:52:38.473916"], ["id", 6]]
  [1m[36mTRANSACTION (1.6ms)[0m  [1m[36mcommit transaction[0m
  [1m[36mAmazonImportRow Count (0.1ms)[0m  [1m[34mSELECT COUNT(*) FROM "amazon_import_rows" WHERE "amazon_import_rows"."amazon_import_batch_id" = ?[0m  [["amazon_import_batch_id", 3]]
  [1m[36mAmazonImportRow Exists? (0.1ms)[0m  [1m[34mSELECT 1 AS one FROM "amazon_import_rows" WHERE "amazon_import_rows"."amazon_import_batch_id" = ? AND "amazon_import_rows"."status" = ? LIMIT ?[0m  [["amazon_import_batch_id", 3], ["status", 0], ["LIMIT", 1]]
Redirected to http://nas:3002/amazon-imports/3
Completed 302 Found in 23ms (ActiveRecord: 9.3ms | Allocations: 17618)


Started GET "/amazon-imports/3" for 100.108.203.87 at 2026-05-18 17:52:38 -0600
Processing by AmazonImportBatchesController#show as HTML
  Parameters: {"id"=>"3"}
  [1m[36mAmazonImportBatch Load (0.1ms)[0m  [1m[34mSELECT "amazon_import_batches".* FROM "amazon_import_batches" WHERE "amazon_import_batches"."id" = ? LIMIT ?[0m  [["id", 3], ["LIMIT", 1]]
  Rendering layout layouts/application.html.erb
  Rendering amazon_import_batches/show.html.erb within layouts/application
  [1m[36mAmazonImportRow Load (0.4ms)[0m  [1m[34mSELECT "amazon_import_rows".* FROM "amazon_import_rows" WHERE "amazon_import_rows"."amazon_import_batch_id" = ? ORDER BY "amazon_import_rows"."source_row_number" ASC[0m  [["amazon_import_batch_id", 3]]
  Rendered amazon_import_batches/show.html.erb within layouts/application (Duration: 18.4ms | Allocations: 25240)
  Rendered layout layouts/application.html.erb (Duration: 18.9ms | Allocations: 25506)
Completed 200 OK in 20ms (Views: 18.9ms | ActiveRecord: 0.4ms | Allocations: 26047)


Started PATCH "/amazon-import-rows/7" for 100.108.203.87 at 2026-05-18 17:52:39 -0600
Processing by AmazonImportRowsController#update as HTML
  Parameters: {"authenticity_token"=>"ooxCTiqdXbTzqRHLDtetloi15krWDBpW0fjjz3fhRSYZIRBMxvR-nMbh5j-K-Xtm5dNriyZXmb8IoxKTrkMSNw", "amazon_import_row"=>{"tax_category"=>"refunds_returns"}, "commit"=>"Skip", "id"=>"7"}
  [1m[36mAmazonImportRow Load (0.1ms)[0m  [1m[34mSELECT "amazon_import_rows".* FROM "amazon_import_rows" WHERE "amazon_import_rows"."id" = ? LIMIT ?[0m  [["id", 7], ["LIMIT", 1]]
  [1m[36mTRANSACTION (0.0ms)[0m  [1m[36mbegin transaction[0m
  [1m[36mAmazonImportBatch Load (0.0ms)[0m  [1m[34mSELECT "amazon_import_batches".* FROM "amazon_import_batches" WHERE "amazon_import_batches"."id" = ? LIMIT ?[0m  [["id", 3], ["LIMIT", 1]]
  [1m[36mAmazonImportRow Update (0.1ms)[0m  [1m[33mUPDATE "amazon_import_rows" SET "status" = ?, "updated_at" = ? WHERE "amazon_import_rows"."id" = ?[0m  [["status", 2], ["updated_at", "2026-05-18 23:52:39.216546"], ["id", 7]]
  [1m[36mTRANSACTION (4.8ms)[0m  [1m[36mcommit transaction[0m
  [1m[36mAmazonImportRow Count (0.1ms)[0m  [1m[34mSELECT COUNT(*) FROM "amazon_import_rows" WHERE "amazon_import_rows"."amazon_import_batch_id" = ?[0m  [["amazon_import_batch_id", 3]]
  [1m[36mAmazonImportRow Exists? (0.1ms)[0m  [1m[34mSELECT 1 AS one FROM "amazon_import_rows" WHERE "amazon_import_rows"."amazon_import_batch_id" = ? AND "amazon_import_rows"."status" = ? LIMIT ?[0m  [["amazon_import_batch_id", 3], ["status", 0], ["LIMIT", 1]]
Redirected to http://nas:3002/amazon-imports/3
Completed 302 Found in 9ms (ActiveRecord: 5.3ms | Allocations: 2206)


Started GET "/amazon-imports/3" for 100.108.203.87 at 2026-05-18 17:52:39 -0600
Processing by AmazonImportBatchesController#show as HTML
  Parameters: {"id"=>"3"}
  [1m[36mAmazonImportBatch Load (0.1ms)[0m  [1m[34mSELECT "amazon_import_batches".* FROM "amazon_import_batches" WHERE "amazon_import_batches"."id" = ? LIMIT ?[0m  [["id", 3], ["LIMIT", 1]]
  Rendering layout layouts/application.html.erb
  Rendering amazon_import_batches/show.html.erb within layouts/application
  [1m[36mAmazonImportRow Load (0.3ms)[0m  [1m[34mSELECT "amazon_import_rows".* FROM "amazon_import_rows" WHERE "amazon_import_rows"."amazon_import_batch_id" = ? ORDER BY "amazon_import_rows"."source_row_number" ASC[0m  [["amazon_import_batch_id", 3]]
  Rendered amazon_import_batches/show.html.erb within layouts/application (Duration: 34.1ms | Allocations: 24576)
  Rendered layout layouts/application.html.erb (Duration: 34.7ms | Allocations: 24843)
Completed 200 OK in 36ms (Views: 35.0ms | ActiveRecord: 0.4ms | Allocations: 25386)


Started PATCH "/amazon-import-rows/8" for 100.108.203.87 at 2026-05-18 17:52:39 -0600
Processing by AmazonImportRowsController#update as HTML
  Parameters: {"authenticity_token"=>"7PItPrPMnknIPTsRA0E8ZhCo2aTsfEQicwN-H1-55L7w4phRNrvLSqR649Pc5u9dL2pOOUy2EUNRHVDaWZRQIg", "amazon_import_row"=>{"tax_category"=>"amazon_fees"}, "commit"=>"Accept", "id"=>"8"}
  [1m[36mAmazonImportRow Load (0.1ms)[0m  [1m[34mSELECT "amazon_import_rows".* FROM "amazon_import_rows" WHERE "amazon_import_rows"."id" = ? LIMIT ?[0m  [["id", 8], ["LIMIT", 1]]
  [1m[36mTRANSACTION (0.0ms)[0m  [1m[36mbegin transaction[0m
  [1m[36mAmazonImportBatch Load (0.0ms)[0m  [1m[34mSELECT "amazon_import_batches".* FROM "amazon_import_batches" WHERE "amazon_import_batches"."id" = ? LIMIT ?[0m  [["id", 3], ["LIMIT", 1]]
  [1m[36mAmazonImportRow Update (0.1ms)[0m  [1m[33mUPDATE "amazon_import_rows" SET "status" = ?, "updated_at" = ? WHERE "amazon_import_rows"."id" = ?[0m  [["status", 1], ["updated_at", "2026-05-18 23:52:39.841639"], ["id", 8]]
  [1m[36mTRANSACTION (4.1ms)[0m  [1m[36mcommit transaction[0m
  [1m[36mTRANSACTION (0.0ms)[0m  [1m[36mbegin transaction[0m
  [1m[36mExpense Create (0.1ms)[0m  [1m[32mINSERT INTO "expenses" ("vendor", "category", "spent_on", "amount_cents", "created_at", "updated_at") VALUES (?, ?, ?, ?, ?, ?)[0m  [["vendor", "Amazon"], ["category", "Amazon fees"], ["spent_on", "2026-01-30"], ["amount_cents", 832], ["created_at", "2026-05-18 23:52:39.846862"], ["updated_at", "2026-05-18 23:52:39.846862"]]
  [1m[36mTRANSACTION (1.2ms)[0m  [1m[36mcommit transaction[0m
  [1m[36mTRANSACTION (0.0ms)[0m  [1m[36mbegin transaction[0m
  [1m[36mAmazonImportRow Update (0.2ms)[0m  [1m[33mUPDATE "amazon_import_rows" SET "expense_id" = ?, "updated_at" = ? WHERE "amazon_import_rows"."id" = ?[0m  [["expense_id", 9], ["updated_at", "2026-05-18 23:52:39.849155"], ["id", 8]]
  [1m[36mTRANSACTION (1.4ms)[0m  [1m[36mcommit transaction[0m
  [1m[36mAmazonImportRow Count (0.1ms)[0m  [1m[34mSELECT COUNT(*) FROM "amazon_import_rows" WHERE "amazon_import_rows"."amazon_import_batch_id" = ?[0m  [["amazon_import_batch_id", 3]]
  [1m[36mAmazonImportRow Exists? (0.1ms)[0m  [1m[34mSELECT 1 AS one FROM "amazon_import_rows" WHERE "amazon_import_rows"."amazon_import_batch_id" = ? AND "amazon_import_rows"."status" = ? LIMIT ?[0m  [["amazon_import_batch_id", 3], ["status", 0], ["LIMIT", 1]]
Redirected to http://nas:3002/amazon-imports/3
Completed 302 Found in 13ms (ActiveRecord: 7.3ms | Allocations: 3293)


Started GET "/amazon-imports/3" for 100.108.203.87 at 2026-05-18 17:52:39 -0600
Processing by AmazonImportBatchesController#show as HTML
  Parameters: {"id"=>"3"}
  [1m[36mAmazonImportBatch Load (0.0ms)[0m  [1m[34mSELECT "amazon_import_batches".* FROM "amazon_import_batches" WHERE "amazon_import_batches"."id" = ? LIMIT ?[0m  [["id", 3], ["LIMIT", 1]]
  Rendering layout layouts/application.html.erb
  Rendering amazon_import_batches/show.html.erb within layouts/application
  [1m[36mAmazonImportRow Load (0.2ms)[0m  [1m[34mSELECT "amazon_import_rows".* FROM "amazon_import_rows" WHERE "amazon_import_rows"."amazon_import_batch_id" = ? ORDER BY "amazon_import_rows"."source_row_number" ASC[0m  [["amazon_import_batch_id", 3]]
  Rendered amazon_import_batches/show.html.erb within layouts/application (Duration: 14.9ms | Allocations: 23866)
  Rendered layout layouts/application.html.erb (Duration: 15.4ms | Allocations: 24132)
Completed 200 OK in 17ms (Views: 15.5ms | ActiveRecord: 0.3ms | Allocations: 24673)


Started PATCH "/amazon-import-rows/9" for 100.108.203.87 at 2026-05-18 17:52:40 -0600
Processing by AmazonImportRowsController#update as HTML
  Parameters: {"authenticity_token"=>"p0XT0TW1i5wc9Xm_Ts46dyskU8sRzDvyZtIoPsge_Mi5vj5zWF4JorZsBUgF6YCVNByBvAqs-nf_SoqXyI24Fw", "amazon_import_row"=>{"tax_category"=>"fba_fees"}, "commit"=>"Accept", "id"=>"9"}
  [1m[36mAmazonImportRow Load (0.1ms)[0m  [1m[34mSELECT "amazon_import_rows".* FROM "amazon_import_rows" WHERE "amazon_import_rows"."id" = ? LIMIT ?[0m  [["id", 9], ["LIMIT", 1]]
  [1m[36mTRANSACTION (0.0ms)[0m  [1m[36mbegin transaction[0m
  [1m[36mAmazonImportBatch Load (0.1ms)[0m  [1m[34mSELECT "amazon_import_batches".* FROM "amazon_import_batches" WHERE "amazon_import_batches"."id" = ? LIMIT ?[0m  [["id", 3], ["LIMIT", 1]]
  [1m[36mAmazonImportRow Update (0.1ms)[0m  [1m[33mUPDATE "amazon_import_rows" SET "status" = ?, "updated_at" = ? WHERE "amazon_import_rows"."id" = ?[0m  [["status", 1], ["updated_at", "2026-05-18 23:52:40.302574"], ["id", 9]]
  [1m[36mTRANSACTION (4.4ms)[0m  [1m[36mcommit transaction[0m
  [1m[36mTRANSACTION (0.0ms)[0m  [1m[36mbegin transaction[0m
  [1m[36mExpense Create (0.1ms)[0m  [1m[32mINSERT INTO "expenses" ("vendor", "category", "spent_on", "amount_cents", "created_at", "updated_at") VALUES (?, ?, ?, ?, ?, ?)[0m  [["vendor", "Amazon"], ["category", "FBA fees"], ["spent_on", "2026-01-30"], ["amount_cents", 538], ["created_at", "2026-05-18 23:52:40.308175"], ["updated_at", "2026-05-18 23:52:40.308175"]]
  [1m[36mTRANSACTION (1.2ms)[0m  [1m[36mcommit transaction[0m
  [1m[36mTRANSACTION (0.0ms)[0m  [1m[36mbegin transaction[0m
  [1m[36mAmazonImportRow Update (0.1ms)[0m  [1m[33mUPDATE "amazon_import_rows" SET "expense_id" = ?, "updated_at" = ? WHERE "amazon_import_rows"."id" = ?[0m  [["expense_id", 10], ["updated_at", "2026-05-18 23:52:40.310218"], ["id", 9]]
  [1m[36mTRANSACTION (1.2ms)[0m  [1m[36mcommit transaction[0m
  [1m[36mAmazonImportRow Count (0.1ms)[0m  [1m[34mSELECT COUNT(*) FROM "amazon_import_rows" WHERE "amazon_import_rows"."amazon_import_batch_id" = ?[0m  [["amazon_import_batch_id", 3]]
  [1m[36mAmazonImportRow Exists? (0.1ms)[0m  [1m[34mSELECT 1 AS one FROM "amazon_import_rows" WHERE "amazon_import_rows"."amazon_import_batch_id" = ? AND "amazon_import_rows"."status" = ? LIMIT ?[0m  [["amazon_import_batch_id", 3], ["status", 0], ["LIMIT", 1]]
Redirected to http://nas:3002/amazon-imports/3
Completed 302 Found in 14ms (ActiveRecord: 7.4ms | Allocations: 3289)


Started GET "/amazon-imports/3" for 100.108.203.87 at 2026-05-18 17:52:40 -0600
Processing by AmazonImportBatchesController#show as HTML
  Parameters: {"id"=>"3"}
  [1m[36mAmazonImportBatch Load (0.0ms)[0m  [1m[34mSELECT "amazon_import_batches".* FROM "amazon_import_batches" WHERE "amazon_import_batches"."id" = ? LIMIT ?[0m  [["id", 3], ["LIMIT", 1]]
  Rendering layout layouts/application.html.erb
  Rendering amazon_import_batches/show.html.erb within layouts/application
  [1m[36mAmazonImportRow Load (0.2ms)[0m  [1m[34mSELECT "amazon_import_rows".* FROM "amazon_import_rows" WHERE "amazon_import_rows"."amazon_import_batch_id" = ? ORDER BY "amazon_import_rows"."source_row_number" ASC[0m  [["amazon_import_batch_id", 3]]
  Rendered amazon_import_batches/show.html.erb within layouts/application (Duration: 15.9ms | Allocations: 23202)
  Rendered layout layouts/application.html.erb (Duration: 16.3ms | Allocations: 23468)
Completed 200 OK in 17ms (Views: 16.4ms | ActiveRecord: 0.2ms | Allocations: 24009)


Started PATCH "/amazon-import-rows/10" for 100.108.203.87 at 2026-05-18 17:52:40 -0600
Processing by AmazonImportRowsController#update as HTML
  Parameters: {"authenticity_token"=>"1JIn5Zw4v1EY-a-p-rEZoZqyS9bZHoE0PPgVJEnWRfIHjXucuMKbZ1QqI91z40qE7fONF8com_itRSfDvtkERw", "amazon_import_row"=>{"tax_category"=>"amazon_fees"}, "commit"=>"Accept", "id"=>"10"}
  [1m[36mAmazonImportRow Load (0.1ms)[0m  [1m[34mSELECT "amazon_import_rows".* FROM "amazon_import_rows" WHERE "amazon_import_rows"."id" = ? LIMIT ?[0m  [["id", 10], ["LIMIT", 1]]
  [1m[36mTRANSACTION (0.0ms)[0m  [1m[36mbegin transaction[0m
  [1m[36mAmazonImportBatch Load (0.1ms)[0m  [1m[34mSELECT "amazon_import_batches".* FROM "amazon_import_batches" WHERE "amazon_import_batches"."id" = ? LIMIT ?[0m  [["id", 3], ["LIMIT", 1]]
  [1m[36mAmazonImportRow Update (0.1ms)[0m  [1m[33mUPDATE "amazon_import_rows" SET "status" = ?, "updated_at" = ? WHERE "amazon_import_rows"."id" = ?[0m  [["status", 1], ["updated_at", "2026-05-18 23:52:40.710836"], ["id", 10]]
  [1m[36mTRANSACTION (4.4ms)[0m  [1m[36mcommit transaction[0m
  [1m[36mTRANSACTION (0.0ms)[0m  [1m[36mbegin transaction[0m
  [1m[36mExpense Create (0.1ms)[0m  [1m[32mINSERT INTO "expenses" ("vendor", "category", "spent_on", "amount_cents", "created_at", "updated_at") VALUES (?, ?, ?, ?, ?, ?)[0m  [["vendor", "Amazon"], ["category", "Amazon fees"], ["spent_on", "2026-01-30"], ["amount_cents", 240], ["created_at", "2026-05-18 23:52:40.716331"], ["updated_at", "2026-05-18 23:52:40.716331"]]
  [1m[36mTRANSACTION (1.5ms)[0m  [1m[36mcommit transaction[0m
  [1m[36mTRANSACTION (0.0ms)[0m  [1m[36mbegin transaction[0m
  [1m[36mAmazonImportRow Update (0.2ms)[0m  [1m[33mUPDATE "amazon_import_rows" SET "expense_id" = ?, "updated_at" = ? WHERE "amazon_import_rows"."id" = ?[0m  [["expense_id", 11], ["updated_at", "2026-05-18 23:52:40.718995"], ["id", 10]]
  [1m[36mTRANSACTION (1.3ms)[0m  [1m[36mcommit transaction[0m
  [1m[36mAmazonImportRow Count (0.1ms)[0m  [1m[34mSELECT COUNT(*) FROM "amazon_import_rows" WHERE "amazon_import_rows"."amazon_import_batch_id" = ?[0m  [["amazon_import_batch_id", 3]]
  [1m[36mAmazonImportRow Exists? (0.1ms)[0m  [1m[34mSELECT 1 AS one FROM "amazon_import_rows" WHERE "amazon_import_rows"."amazon_import_batch_id" = ? AND "amazon_import_rows"."status" = ? LIMIT ?[0m  [["amazon_import_batch_id", 3], ["status", 0], ["LIMIT", 1]]
Redirected to http://nas:3002/amazon-imports/3
Completed 302 Found in 14ms (ActiveRecord: 7.9ms | Allocations: 3271)


Started GET "/amazon-imports/3" for 100.108.203.87 at 2026-05-18 17:52:40 -0600
Processing by AmazonImportBatchesController#show as HTML
  Parameters: {"id"=>"3"}
  [1m[36mAmazonImportBatch Load (0.0ms)[0m  [1m[34mSELECT "amazon_import_batches".* FROM "amazon_import_batches" WHERE "amazon_import_batches"."id" = ? LIMIT ?[0m  [["id", 3], ["LIMIT", 1]]
  Rendering layout layouts/application.html.erb
  Rendering amazon_import_batches/show.html.erb within layouts/application
  [1m[36mAmazonImportRow Load (0.2ms)[0m  [1m[34mSELECT "amazon_import_rows".* FROM "amazon_import_rows" WHERE "amazon_import_rows"."amazon_import_batch_id" = ? ORDER BY "amazon_import_rows"."source_row_number" ASC[0m  [["amazon_import_batch_id", 3]]
  Rendered amazon_import_batches/show.html.erb within layouts/application (Duration: 13.6ms | Allocations: 22518)
  Rendered layout layouts/application.html.erb (Duration: 14.0ms | Allocations: 22784)
Completed 200 OK in 15ms (Views: 14.1ms | ActiveRecord: 0.3ms | Allocations: 23325)


Started PATCH "/amazon-import-rows/11" for 100.108.203.87 at 2026-05-18 17:52:41 -0600
Processing by AmazonImportRowsController#update as HTML
  Parameters: {"authenticity_token"=>"m9FNAOKnEKysuzK9wsEwRXLWPAasV2_kKAq5F23rRGCP9KC2QSqQA91xOtoXhY0GnbwP_UdTlZBXZC_T-kbuDg", "amazon_import_row"=>{"tax_category"=>"amazon_fees"}, "commit"=>"Accept", "id"=>"11"}
  [1m[36mAmazonImportRow Load (0.1ms)[0m  [1m[34mSELECT "amazon_import_rows".* FROM "amazon_import_rows" WHERE "amazon_import_rows"."id" = ? LIMIT ?[0m  [["id", 11], ["LIMIT", 1]]
  [1m[36mTRANSACTION (0.0ms)[0m  [1m[36mbegin transaction[0m
  [1m[36mAmazonImportBatch Load (0.1ms)[0m  [1m[34mSELECT "amazon_import_batches".* FROM "amazon_import_batches" WHERE "amazon_import_batches"."id" = ? LIMIT ?[0m  [["id", 3], ["LIMIT", 1]]
  [1m[36mAmazonImportRow Update (0.1ms)[0m  [1m[33mUPDATE "amazon_import_rows" SET "status" = ?, "updated_at" = ? WHERE "amazon_import_rows"."id" = ?[0m  [["status", 1], ["updated_at", "2026-05-18 23:52:41.946611"], ["id", 11]]
  [1m[36mTRANSACTION (1.7ms)[0m  [1m[36mcommit transaction[0m
  [1m[36mTRANSACTION (0.0ms)[0m  [1m[36mbegin transaction[0m
  [1m[36mExpense Create (0.2ms)[0m  [1m[32mINSERT INTO "expenses" ("vendor", "category", "spent_on", "amount_cents", "created_at", "updated_at") VALUES (?, ?, ?, ?, ?, ?)[0m  [["vendor", "Amazon"], ["category", "Amazon fees"], ["spent_on", "2026-01-30"], ["amount_cents", 99], ["created_at", "2026-05-18 23:52:41.949205"], ["updated_at", "2026-05-18 23:52:41.949205"]]
  [1m[36mTRANSACTION (1.5ms)[0m  [1m[36mcommit transaction[0m
  [1m[36mTRANSACTION (0.0ms)[0m  [1m[36mbegin transaction[0m
  [1m[36mAmazonImportRow Update (0.1ms)[0m  [1m[33mUPDATE "amazon_import_rows" SET "expense_id" = ?, "updated_at" = ? WHERE "amazon_import_rows"."id" = ?[0m  [["expense_id", 12], ["updated_at", "2026-05-18 23:52:41.951893"], ["id", 11]]
  [1m[36mTRANSACTION (1.5ms)[0m  [1m[36mcommit transaction[0m
  [1m[36mAmazonImportRow Count (0.1ms)[0m  [1m[34mSELECT COUNT(*) FROM "amazon_import_rows" WHERE "amazon_import_rows"."amazon_import_batch_id" = ?[0m  [["amazon_import_batch_id", 3]]
  [1m[36mAmazonImportRow Exists? (0.1ms)[0m  [1m[34mSELECT 1 AS one FROM "amazon_import_rows" WHERE "amazon_import_rows"."amazon_import_batch_id" = ? AND "amazon_import_rows"."status" = ? LIMIT ?[0m  [["amazon_import_batch_id", 3], ["status", 0], ["LIMIT", 1]]
Redirected to http://nas:3002/amazon-imports/3
Completed 302 Found in 11ms (ActiveRecord: 5.6ms | Allocations: 3295)


Started GET "/amazon-imports/3" for 100.108.203.87 at 2026-05-18 17:52:41 -0600
Processing by AmazonImportBatchesController#show as HTML
  Parameters: {"id"=>"3"}
  [1m[36mAmazonImportBatch Load (0.1ms)[0m  [1m[34mSELECT "amazon_import_batches".* FROM "amazon_import_batches" WHERE "amazon_import_batches"."id" = ? LIMIT ?[0m  [["id", 3], ["LIMIT", 1]]
  Rendering layout layouts/application.html.erb
  Rendering amazon_import_batches/show.html.erb within layouts/application
  [1m[36mAmazonImportRow Load (0.2ms)[0m  [1m[34mSELECT "amazon_import_rows".* FROM "amazon_import_rows" WHERE "amazon_import_rows"."amazon_import_batch_id" = ? ORDER BY "amazon_import_rows"."source_row_number" ASC[0m  [["amazon_import_batch_id", 3]]
  Rendered amazon_import_batches/show.html.erb within layouts/application (Duration: 13.6ms | Allocations: 21844)
  Rendered layout layouts/application.html.erb (Duration: 13.9ms | Allocations: 22110)
Completed 200 OK in 15ms (Views: 14.0ms | ActiveRecord: 0.3ms | Allocations: 22651)


Started PATCH "/amazon-import-rows/12" for 100.108.203.87 at 2026-05-18 17:52:43 -0600
Processing by AmazonImportRowsController#update as HTML
  Parameters: {"authenticity_token"=>"7jGYiThbepY033Cf0jI_RWDUhn4LaUBVhjWxRPVkz_Y1IXPT9RCbDLn1634bu2nbpNVWDHjV4jojmJFVKdT80g", "amazon_import_row"=>{"tax_category"=>"shipping"}, "commit"=>"Accept", "id"=>"12"}
  [1m[36mAmazonImportRow Load (0.1ms)[0m  [1m[34mSELECT "amazon_import_rows".* FROM "amazon_import_rows" WHERE "amazon_import_rows"."id" = ? LIMIT ?[0m  [["id", 12], ["LIMIT", 1]]
  [1m[36mTRANSACTION (0.0ms)[0m  [1m[36mbegin transaction[0m
  [1m[36mAmazonImportBatch Load (0.0ms)[0m  [1m[34mSELECT "amazon_import_batches".* FROM "amazon_import_batches" WHERE "amazon_import_batches"."id" = ? LIMIT ?[0m  [["id", 3], ["LIMIT", 1]]
  [1m[36mAmazonImportRow Update (0.1ms)[0m  [1m[33mUPDATE "amazon_import_rows" SET "tax_category" = ?, "status" = ?, "updated_at" = ? WHERE "amazon_import_rows"."id" = ?[0m  [["tax_category", "shipping"], ["status", 1], ["updated_at", "2026-05-18 23:52:43.949741"], ["id", 12]]
  [1m[36mTRANSACTION (4.9ms)[0m  [1m[36mcommit transaction[0m
  [1m[36mTRANSACTION (0.0ms)[0m  [1m[36mbegin transaction[0m
  [1m[36mExpense Create (0.1ms)[0m  [1m[32mINSERT INTO "expenses" ("vendor", "category", "spent_on", "amount_cents", "created_at", "updated_at") VALUES (?, ?, ?, ?, ?, ?)[0m  [["vendor", "Amazon"], ["category", "Shipping"], ["spent_on", "2026-01-30"], ["amount_cents", 30], ["created_at", "2026-05-18 23:52:43.955649"], ["updated_at", "2026-05-18 23:52:43.955649"]]
  [1m[36mTRANSACTION (1.7ms)[0m  [1m[36mcommit transaction[0m
  [1m[36mTRANSACTION (0.0ms)[0m  [1m[36mbegin transaction[0m
  [1m[36mAmazonImportRow Update (0.2ms)[0m  [1m[33mUPDATE "amazon_import_rows" SET "expense_id" = ?, "updated_at" = ? WHERE "amazon_import_rows"."id" = ?[0m  [["expense_id", 13], ["updated_at", "2026-05-18 23:52:43.958436"], ["id", 12]]
  [1m[36mTRANSACTION (2.0ms)[0m  [1m[36mcommit transaction[0m
  [1m[36mAmazonImportRow Count (0.1ms)[0m  [1m[34mSELECT COUNT(*) FROM "amazon_import_rows" WHERE "amazon_import_rows"."amazon_import_batch_id" = ?[0m  [["amazon_import_batch_id", 3]]
  [1m[36mAmazonImportRow Exists? (0.1ms)[0m  [1m[34mSELECT 1 AS one FROM "amazon_import_rows" WHERE "amazon_import_rows"."amazon_import_batch_id" = ? AND "amazon_import_rows"."status" = ? LIMIT ?[0m  [["amazon_import_batch_id", 3], ["status", 0], ["LIMIT", 1]]
Redirected to http://nas:3002/amazon-imports/3
Completed 302 Found in 16ms (ActiveRecord: 9.4ms | Allocations: 3292)


Started GET "/amazon-imports/3" for 100.108.203.87 at 2026-05-18 17:52:43 -0600
Processing by AmazonImportBatchesController#show as HTML
  Parameters: {"id"=>"3"}
  [1m[36mAmazonImportBatch Load (0.1ms)[0m  [1m[34mSELECT "amazon_import_batches".* FROM "amazon_import_batches" WHERE "amazon_import_batches"."id" = ? LIMIT ?[0m  [["id", 3], ["LIMIT", 1]]
  Rendering layout layouts/application.html.erb
  Rendering amazon_import_batches/show.html.erb within layouts/application
  [1m[36mAmazonImportRow Load (0.2ms)[0m  [1m[34mSELECT "amazon_import_rows".* FROM "amazon_import_rows" WHERE "amazon_import_rows"."amazon_import_batch_id" = ? ORDER BY "amazon_import_rows"."source_row_number" ASC[0m  [["amazon_import_batch_id", 3]]
  Rendered amazon_import_batches/show.html.erb within layouts/application (Duration: 14.7ms | Allocations: 21168)
  Rendered layout layouts/application.html.erb (Duration: 15.2ms | Allocations: 21434)
Completed 200 OK in 16ms (Views: 15.3ms | ActiveRecord: 0.3ms | Allocations: 21975)


Started PATCH "/amazon-import-rows/13" for 100.108.203.87 at 2026-05-18 17:52:45 -0600
Processing by AmazonImportRowsController#update as HTML
  Parameters: {"authenticity_token"=>"RXXI23iIxNPQV4_3GOCBR3CAHHyx3jorDy7xL-sQBa0jvDE0bCJ-wDnZUiqljsoJPyT8V6hgGHF5KfE9WdeDsQ", "amazon_import_row"=>{"tax_category"=>"reimbursements"}, "commit"=>"Accept", "id"=>"13"}
  [1m[36mAmazonImportRow Load (0.1ms)[0m  [1m[34mSELECT "amazon_import_rows".* FROM "amazon_import_rows" WHERE "amazon_import_rows"."id" = ? LIMIT ?[0m  [["id", 13], ["LIMIT", 1]]
  [1m[36mTRANSACTION (0.0ms)[0m  [1m[36mbegin transaction[0m
  [1m[36mAmazonImportBatch Load (0.0ms)[0m  [1m[34mSELECT "amazon_import_batches".* FROM "amazon_import_batches" WHERE "amazon_import_batches"."id" = ? LIMIT ?[0m  [["id", 3], ["LIMIT", 1]]
  [1m[36mAmazonImportRow Update (0.1ms)[0m  [1m[33mUPDATE "amazon_import_rows" SET "tax_category" = ?, "status" = ?, "updated_at" = ? WHERE "amazon_import_rows"."id" = ?[0m  [["tax_category", "reimbursements"], ["status", 1], ["updated_at", "2026-05-18 23:52:45.849180"], ["id", 13]]
  [1m[36mTRANSACTION (5.1ms)[0m  [1m[36mcommit transaction[0m
  [1m[36mAccount Load (0.1ms)[0m  [1m[34mSELECT "accounts".* FROM "accounts" WHERE "accounts"."name" = ? LIMIT ?[0m  [["name", "Amazon Clearing"], ["LIMIT", 1]]
  [1m[36mAccount Load (0.0ms)[0m  [1m[34mSELECT "accounts".* FROM "accounts" WHERE "accounts"."name" = ? LIMIT ?[0m  [["name", "Amazon Sales Revenue"], ["LIMIT", 1]]
  [1m[36mTRANSACTION (0.0ms)[0m  [1m[36mbegin transaction[0m
  [1m[36mTransaction Create (0.2ms)[0m  [1m[32mINSERT INTO "transactions" ("transacted_on", "description", "debit_account_id", "credit_account_id", "amount_cents", "created_at", "updated_at") VALUES (?, ?, ?, ?, ?, ?, ?)[0m  [["transacted_on", "2026-01-30"], ["description", "Order - Principal - 113-2002116-7002002"], ["debit_account_id", 4], ["credit_account_id", 5], ["amount_cents", 2450], ["created_at", "2026-05-18 23:52:45.856199"], ["updated_at", "2026-05-18 23:52:45.856199"]]
  [1m[36mTRANSACTION (1.8ms)[0m  [1m[36mcommit transaction[0m
  [1m[36mTRANSACTION (0.0ms)[0m  [1m[36mbegin transaction[0m
  [1m[36mAmazonImportRow Update (0.1ms)[0m  [1m[33mUPDATE "amazon_import_rows" SET "transaction_id" = ?, "updated_at" = ? WHERE "amazon_import_rows"."id" = ?[0m  [["transaction_id", 13], ["updated_at", "2026-05-18 23:52:45.859085"], ["id", 13]]
  [1m[36mTRANSACTION (1.4ms)[0m  [1m[36mcommit transaction[0m
  [1m[36mAmazonImportRow Count (0.1ms)[0m  [1m[34mSELECT COUNT(*) FROM "amazon_import_rows" WHERE "amazon_import_rows"."amazon_import_batch_id" = ?[0m  [["amazon_import_batch_id", 3]]
  [1m[36mAmazonImportRow Exists? (0.1ms)[0m  [1m[34mSELECT 1 AS one FROM "amazon_import_rows" WHERE "amazon_import_rows"."amazon_import_batch_id" = ? AND "amazon_import_rows"."status" = ? LIMIT ?[0m  [["amazon_import_batch_id", 3], ["status", 0], ["LIMIT", 1]]
Redirected to http://nas:3002/amazon-imports/3
Completed 302 Found in 15ms (ActiveRecord: 9.2ms | Allocations: 3698)


Started GET "/amazon-imports/3" for 100.108.203.87 at 2026-05-18 17:52:45 -0600
Processing by AmazonImportBatchesController#show as HTML
  Parameters: {"id"=>"3"}
  [1m[36mAmazonImportBatch Load (0.1ms)[0m  [1m[34mSELECT "amazon_import_batches".* FROM "amazon_import_batches" WHERE "amazon_import_batches"."id" = ? LIMIT ?[0m  [["id", 3], ["LIMIT", 1]]
  Rendering layout layouts/application.html.erb
  Rendering amazon_import_batches/show.html.erb within layouts/application
  [1m[36mAmazonImportRow Load (0.2ms)[0m  [1m[34mSELECT "amazon_import_rows".* FROM "amazon_import_rows" WHERE "amazon_import_rows"."amazon_import_batch_id" = ? ORDER BY "amazon_import_rows"."source_row_number" ASC[0m  [["amazon_import_batch_id", 3]]
  Rendered amazon_import_batches/show.html.erb within layouts/application (Duration: 16.7ms | Allocations: 20484)
  Rendered layout layouts/application.html.erb (Duration: 17.2ms | Allocations: 20750)
Completed 200 OK in 18ms (Views: 17.4ms | ActiveRecord: 0.2ms | Allocations: 21291)


Started PATCH "/amazon-import-rows/14" for 100.108.203.87 at 2026-05-18 17:52:50 -0600
Processing by AmazonImportRowsController#update as HTML
  Parameters: {"authenticity_token"=>"uP6l0pCqh8hI3N-RvdCOviObQBNDqJxaQlEvSVUY7-JM80xePf1GBx19MxMKjr5kiopoLTmp2GEiwqtkLczl2Q", "amazon_import_row"=>{"tax_category"=>"reimbursements"}, "commit"=>"Accept", "id"=>"14"}
  [1m[36mAmazonImportRow Load (0.1ms)[0m  [1m[34mSELECT "amazon_import_rows".* FROM "amazon_import_rows" WHERE "amazon_import_rows"."id" = ? LIMIT ?[0m  [["id", 14], ["LIMIT", 1]]
  [1m[36mTRANSACTION (0.0ms)[0m  [1m[36mbegin transaction[0m
  [1m[36mAmazonImportBatch Load (0.1ms)[0m  [1m[34mSELECT "amazon_import_batches".* FROM "amazon_import_batches" WHERE "amazon_import_batches"."id" = ? LIMIT ?[0m  [["id", 3], ["LIMIT", 1]]
  [1m[36mAmazonImportRow Update (0.2ms)[0m  [1m[33mUPDATE "amazon_import_rows" SET "tax_category" = ?, "status" = ?, "updated_at" = ? WHERE "amazon_import_rows"."id" = ?[0m  [["tax_category", "reimbursements"], ["status", 1], ["updated_at", "2026-05-18 23:52:50.161142"], ["id", 14]]
  [1m[36mTRANSACTION (4.7ms)[0m  [1m[36mcommit transaction[0m
  [1m[36mAccount Load (0.1ms)[0m  [1m[34mSELECT "accounts".* FROM "accounts" WHERE "accounts"."name" = ? LIMIT ?[0m  [["name", "Amazon Clearing"], ["LIMIT", 1]]
  [1m[36mAccount Load (0.0ms)[0m  [1m[34mSELECT "accounts".* FROM "accounts" WHERE "accounts"."name" = ? LIMIT ?[0m  [["name", "Amazon Sales Revenue"], ["LIMIT", 1]]
  [1m[36mTRANSACTION (0.0ms)[0m  [1m[36mbegin transaction[0m
  [1m[36mTransaction Create (0.1ms)[0m  [1m[32mINSERT INTO "transactions" ("transacted_on", "description", "debit_account_id", "credit_account_id", "amount_cents", "created_at", "updated_at") VALUES (?, ?, ?, ?, ?, ?, ?)[0m  [["transacted_on", "2026-01-30"], ["description", "Order - Tax - 113-2002116-7002002"], ["debit_account_id", 4], ["credit_account_id", 5], ["amount_cents", 165], ["created_at", "2026-05-18 23:52:50.168628"], ["updated_at", "2026-05-18 23:52:50.168628"]]
  [1m[36mTRANSACTION (1.9ms)[0m  [1m[36mcommit transaction[0m
  [1m[36mTRANSACTION (0.0ms)[0m  [1m[36mbegin transaction[0m
  [1m[36mAmazonImportRow Update (0.1ms)[0m  [1m[33mUPDATE "amazon_import_rows" SET "transaction_id" = ?, "updated_at" = ? WHERE "amazon_import_rows"."id" = ?[0m  [["transaction_id", 14], ["updated_at", "2026-05-18 23:52:50.171552"], ["id", 14]]
  [1m[36mTRANSACTION (1.6ms)[0m  [1m[36mcommit transaction[0m
  [1m[36mAmazonImportRow Count (0.1ms)[0m  [1m[34mSELECT COUNT(*) FROM "amazon_import_rows" WHERE "amazon_import_rows"."amazon_import_batch_id" = ?[0m  [["amazon_import_batch_id", 3]]
  [1m[36mAmazonImportRow Exists? (0.1ms)[0m  [1m[34mSELECT 1 AS one FROM "amazon_import_rows" WHERE "amazon_import_rows"."amazon_import_batch_id" = ? AND "amazon_import_rows"."status" = ? LIMIT ?[0m  [["amazon_import_batch_id", 3], ["status", 0], ["LIMIT", 1]]
Redirected to http://nas:3002/amazon-imports/3
Completed 302 Found in 16ms (ActiveRecord: 9.0ms | Allocations: 3710)


Started GET "/amazon-imports/3" for 100.108.203.87 at 2026-05-18 17:52:50 -0600
Processing by AmazonImportBatchesController#show as HTML
  Parameters: {"id"=>"3"}
  [1m[36mAmazonImportBatch Load (0.1ms)[0m  [1m[34mSELECT "amazon_import_batches".* FROM "amazon_import_batches" WHERE "amazon_import_batches"."id" = ? LIMIT ?[0m  [["id", 3], ["LIMIT", 1]]
  Rendering layout layouts/application.html.erb
  Rendering amazon_import_batches/show.html.erb within layouts/application
  [1m[36mAmazonImportRow Load (0.3ms)[0m  [1m[34mSELECT "amazon_import_rows".* FROM "amazon_import_rows" WHERE "amazon_import_rows"."amazon_import_batch_id" = ? ORDER BY "amazon_import_rows"."source_row_number" ASC[0m  [["amazon_import_batch_id", 3]]
  Rendered amazon_import_batches/show.html.erb within layouts/application (Duration: 15.2ms | Allocations: 19816)
  Rendered layout layouts/application.html.erb (Duration: 15.6ms | Allocations: 20082)
Completed 200 OK in 17ms (Views: 15.7ms | ActiveRecord: 0.4ms | Allocations: 20623)


Started PATCH "/amazon-import-rows/15" for 100.108.203.87 at 2026-05-18 17:52:52 -0600
Processing by AmazonImportRowsController#update as HTML
  Parameters: {"authenticity_token"=>"IPs4PSHLVJbxpeGWlVeJ1YAPjVv6SnUg-MYvTxbCqjVQklU-EL3a11smLJkJOkvy2RuCaIO1v5qqZpftOneACw", "amazon_import_row"=>{"tax_category"=>"reserves_adjustments"}, "commit"=>"Accept", "id"=>"15"}
  [1m[36mAmazonImportRow Load (0.1ms)[0m  [1m[34mSELECT "amazon_import_rows".* FROM "amazon_import_rows" WHERE "amazon_import_rows"."id" = ? LIMIT ?[0m  [["id", 15], ["LIMIT", 1]]
  [1m[36mTRANSACTION (0.0ms)[0m  [1m[36mbegin transaction[0m
  [1m[36mAmazonImportBatch Load (0.1ms)[0m  [1m[34mSELECT "amazon_import_batches".* FROM "amazon_import_batches" WHERE "amazon_import_batches"."id" = ? LIMIT ?[0m  [["id", 3], ["LIMIT", 1]]
  [1m[36mAmazonImportRow Update (0.2ms)[0m  [1m[33mUPDATE "amazon_import_rows" SET "tax_category" = ?, "status" = ?, "updated_at" = ? WHERE "amazon_import_rows"."id" = ?[0m  [["tax_category", "reserves_adjustments"], ["status", 1], ["updated_at", "2026-05-18 23:52:52.529429"], ["id", 15]]
  [1m[36mTRANSACTION (4.6ms)[0m  [1m[36mcommit transaction[0m
  [1m[36mTRANSACTION (0.0ms)[0m  [1m[36mbegin transaction[0m
  [1m[36mExpense Create (0.2ms)[0m  [1m[32mINSERT INTO "expenses" ("vendor", "category", "spent_on", "amount_cents", "created_at", "updated_at") VALUES (?, ?, ?, ?, ?, ?)[0m  [["vendor", "Amazon"], ["category", "Reserves and adjustments"], ["spent_on", "2026-01-30"], ["amount_cents", 599], ["created_at", "2026-05-18 23:52:52.535105"], ["updated_at", "2026-05-18 23:52:52.535105"]]
  [1m[36mTRANSACTION (1.8ms)[0m  [1m[36mcommit transaction[0m
  [1m[36mTRANSACTION (0.0ms)[0m  [1m[36mbegin transaction[0m
  [1m[36mAmazonImportRow Update (0.1ms)[0m  [1m[33mUPDATE "amazon_import_rows" SET "expense_id" = ?, "updated_at" = ? WHERE "amazon_import_rows"."id" = ?[0m  [["expense_id", 14], ["updated_at", "2026-05-18 23:52:52.538011"], ["id", 15]]
  [1m[36mTRANSACTION (1.7ms)[0m  [1m[36mcommit transaction[0m
  [1m[36mAmazonImportRow Count (0.1ms)[0m  [1m[34mSELECT COUNT(*) FROM "amazon_import_rows" WHERE "amazon_import_rows"."amazon_import_batch_id" = ?[0m  [["amazon_import_batch_id", 3]]
  [1m[36mAmazonImportRow Exists? (0.1ms)[0m  [1m[34mSELECT 1 AS one FROM "amazon_import_rows" WHERE "amazon_import_rows"."amazon_import_batch_id" = ? AND "amazon_import_rows"."status" = ? LIMIT ?[0m  [["amazon_import_batch_id", 3], ["status", 0], ["LIMIT", 1]]
Redirected to http://nas:3002/amazon-imports/3
Completed 302 Found in 15ms (ActiveRecord: 9.0ms | Allocations: 3290)


Started GET "/amazon-imports/3" for 100.108.203.87 at 2026-05-18 17:52:52 -0600
Processing by AmazonImportBatchesController#show as HTML
  Parameters: {"id"=>"3"}
  [1m[36mAmazonImportBatch Load (0.1ms)[0m  [1m[34mSELECT "amazon_import_batches".* FROM "amazon_import_batches" WHERE "amazon_import_batches"."id" = ? LIMIT ?[0m  [["id", 3], ["LIMIT", 1]]
  Rendering layout layouts/application.html.erb
  Rendering amazon_import_batches/show.html.erb within layouts/application
  [1m[36mAmazonImportRow Load (0.2ms)[0m  [1m[34mSELECT "amazon_import_rows".* FROM "amazon_import_rows" WHERE "amazon_import_rows"."amazon_import_batch_id" = ? ORDER BY "amazon_import_rows"."source_row_number" ASC[0m  [["amazon_import_batch_id", 3]]
  Rendered amazon_import_batches/show.html.erb within layouts/application (Duration: 12.5ms | Allocations: 19132)
  Rendered layout layouts/application.html.erb (Duration: 12.8ms | Allocations: 19398)
Completed 200 OK in 14ms (Views: 12.9ms | ActiveRecord: 0.2ms | Allocations: 19939)


Started PATCH "/amazon-import-rows/16" for 100.108.203.87 at 2026-05-18 17:52:58 -0600
Processing by AmazonImportRowsController#update as HTML
  Parameters: {"authenticity_token"=>"yjoFeN1tOnXqom14X69Wgj1URDo_as2qjoi6vjx7NEPBI-iqHrg44Wr4KH3Ox2A1W4z5nyYAGBVfG6lSFgcVMg", "amazon_import_row"=>{"tax_category"=>"refunds_returns"}, "commit"=>"Accept", "id"=>"16"}
  [1m[36mAmazonImportRow Load (0.1ms)[0m  [1m[34mSELECT "amazon_import_rows".* FROM "amazon_import_rows" WHERE "amazon_import_rows"."id" = ? LIMIT ?[0m  [["id", 16], ["LIMIT", 1]]
  [1m[36mTRANSACTION (0.0ms)[0m  [1m[36mbegin transaction[0m
  [1m[36mAmazonImportBatch Load (0.1ms)[0m  [1m[34mSELECT "amazon_import_batches".* FROM "amazon_import_batches" WHERE "amazon_import_batches"."id" = ? LIMIT ?[0m  [["id", 3], ["LIMIT", 1]]
  [1m[36mAmazonImportRow Update (0.1ms)[0m  [1m[33mUPDATE "amazon_import_rows" SET "status" = ?, "updated_at" = ? WHERE "amazon_import_rows"."id" = ?[0m  [["status", 1], ["updated_at", "2026-05-18 23:52:58.427588"], ["id", 16]]
  [1m[36mTRANSACTION (4.9ms)[0m  [1m[36mcommit transaction[0m
  [1m[36mTRANSACTION (0.0ms)[0m  [1m[36mbegin transaction[0m
  [1m[36mExpense Create (0.1ms)[0m  [1m[32mINSERT INTO "expenses" ("vendor", "category", "spent_on", "amount_cents", "created_at", "updated_at") VALUES (?, ?, ?, ?, ?, ?)[0m  [["vendor", "Amazon"], ["category", "Refunds and returns"], ["spent_on", "2026-01-30"], ["amount_cents", 200], ["created_at", "2026-05-18 23:52:58.433518"], ["updated_at", "2026-05-18 23:52:58.433518"]]
  [1m[36mTRANSACTION (1.7ms)[0m  [1m[36mcommit transaction[0m
  [1m[36mTRANSACTION (0.0ms)[0m  [1m[36mbegin transaction[0m
  [1m[36mAmazonImportRow Update (0.1ms)[0m  [1m[33mUPDATE "amazon_import_rows" SET "expense_id" = ?, "updated_at" = ? WHERE "amazon_import_rows"."id" = ?[0m  [["expense_id", 15], ["updated_at", "2026-05-18 23:52:58.436265"], ["id", 16]]
  [1m[36mTRANSACTION (2.0ms)[0m  [1m[36mcommit transaction[0m
  [1m[36mAmazonImportRow Count (0.1ms)[0m  [1m[34mSELECT COUNT(*) FROM "amazon_import_rows" WHERE "amazon_import_rows"."amazon_import_batch_id" = ?[0m  [["amazon_import_batch_id", 3]]
  [1m[36mAmazonImportRow Exists? (0.1ms)[0m  [1m[34mSELECT 1 AS one FROM "amazon_import_rows" WHERE "amazon_import_rows"."amazon_import_batch_id" = ? AND "amazon_import_rows"."status" = ? LIMIT ?[0m  [["amazon_import_batch_id", 3], ["status", 0], ["LIMIT", 1]]
Redirected to http://nas:3002/amazon-imports/3
Completed 302 Found in 15ms (ActiveRecord: 9.4ms | Allocations: 3289)


Started GET "/amazon-imports/3" for 100.108.203.87 at 2026-05-18 17:52:58 -0600
Processing by AmazonImportBatchesController#show as HTML
  Parameters: {"id"=>"3"}
  [1m[36mAmazonImportBatch Load (0.1ms)[0m  [1m[34mSELECT "amazon_import_batches".* FROM "amazon_import_batches" WHERE "amazon_import_batches"."id" = ? LIMIT ?[0m  [["id", 3], ["LIMIT", 1]]
  Rendering layout layouts/application.html.erb
  Rendering amazon_import_batches/show.html.erb within layouts/application
  [1m[36mAmazonImportRow Load (0.2ms)[0m  [1m[34mSELECT "amazon_import_rows".* FROM "amazon_import_rows" WHERE "amazon_import_rows"."amazon_import_batch_id" = ? ORDER BY "amazon_import_rows"."source_row_number" ASC[0m  [["amazon_import_batch_id", 3]]
  Rendered amazon_import_batches/show.html.erb within layouts/application (Duration: 12.6ms | Allocations: 18452)
  Rendered layout layouts/application.html.erb (Duration: 13.0ms | Allocations: 18718)
Completed 200 OK in 14ms (Views: 13.2ms | ActiveRecord: 0.2ms | Allocations: 19259)


Started PATCH "/amazon-import-rows/17" for 100.108.203.87 at 2026-05-18 17:52:58 -0600
Processing by AmazonImportRowsController#update as HTML
  Parameters: {"authenticity_token"=>"Z-GqSDCsXGqEoFbL3EknZgnk6yWmDMrGw2Rax6rUa_oV7ECA5i-JE4so2ABVfpreEb314XPRdmTa-V7d6_lyhQ", "amazon_import_row"=>{"tax_category"=>"amazon_fees"}, "commit"=>"Accept", "id"=>"17"}
  [1m[36mAmazonImportRow Load (0.1ms)[0m  [1m[34mSELECT "amazon_import_rows".* FROM "amazon_import_rows" WHERE "amazon_import_rows"."id" = ? LIMIT ?[0m  [["id", 17], ["LIMIT", 1]]
  [1m[36mTRANSACTION (0.0ms)[0m  [1m[36mbegin transaction[0m
  [1m[36mAmazonImportBatch Load (0.1ms)[0m  [1m[34mSELECT "amazon_import_batches".* FROM "amazon_import_batches" WHERE "amazon_import_batches"."id" = ? LIMIT ?[0m  [["id", 3], ["LIMIT", 1]]
  [1m[36mAmazonImportRow Update (0.1ms)[0m  [1m[33mUPDATE "amazon_import_rows" SET "status" = ?, "updated_at" = ? WHERE "amazon_import_rows"."id" = ?[0m  [["status", 1], ["updated_at", "2026-05-18 23:52:58.994493"], ["id", 17]]
  [1m[36mTRANSACTION (4.8ms)[0m  [1m[36mcommit transaction[0m
  [1m[36mTRANSACTION (0.1ms)[0m  [1m[36mbegin transaction[0m
  [1m[36mExpense Create (0.1ms)[0m  [1m[32mINSERT INTO "expenses" ("vendor", "category", "spent_on", "amount_cents", "created_at", "updated_at") VALUES (?, ?, ?, ?, ?, ?)[0m  [["vendor", "Amazon"], ["category", "Amazon fees"], ["spent_on", "2026-01-30"], ["amount_cents", 367], ["created_at", "2026-05-18 23:52:59.000605"], ["updated_at", "2026-05-18 23:52:59.000605"]]
  [1m[36mTRANSACTION (2.0ms)[0m  [1m[36mcommit transaction[0m
  [1m[36mTRANSACTION (0.0ms)[0m  [1m[36mbegin transaction[0m
  [1m[36mAmazonImportRow Update (0.1ms)[0m  [1m[33mUPDATE "amazon_import_rows" SET "expense_id" = ?, "updated_at" = ? WHERE "amazon_import_rows"."id" = ?[0m  [["expense_id", 16], ["updated_at", "2026-05-18 23:52:59.003770"], ["id", 17]]
  [1m[36mTRANSACTION (1.6ms)[0m  [1m[36mcommit transaction[0m
  [1m[36mAmazonImportRow Count (0.1ms)[0m  [1m[34mSELECT COUNT(*) FROM "amazon_import_rows" WHERE "amazon_import_rows"."amazon_import_batch_id" = ?[0m  [["amazon_import_batch_id", 3]]
  [1m[36mAmazonImportRow Exists? (0.1ms)[0m  [1m[34mSELECT 1 AS one FROM "amazon_import_rows" WHERE "amazon_import_rows"."amazon_import_batch_id" = ? AND "amazon_import_rows"."status" = ? LIMIT ?[0m  [["amazon_import_batch_id", 3], ["status", 0], ["LIMIT", 1]]
Redirected to http://nas:3002/amazon-imports/3
Completed 302 Found in 16ms (ActiveRecord: 9.3ms | Allocations: 3287)


Started GET "/amazon-imports/3" for 100.108.203.87 at 2026-05-18 17:52:59 -0600
Processing by AmazonImportBatchesController#show as HTML
  Parameters: {"id"=>"3"}
  [1m[36mAmazonImportBatch Load (0.1ms)[0m  [1m[34mSELECT "amazon_import_batches".* FROM "amazon_import_batches" WHERE "amazon_import_batches"."id" = ? LIMIT ?[0m  [["id", 3], ["LIMIT", 1]]
  Rendering layout layouts/application.html.erb
  Rendering amazon_import_batches/show.html.erb within layouts/application
  [1m[36mAmazonImportRow Load (0.2ms)[0m  [1m[34mSELECT "amazon_import_rows".* FROM "amazon_import_rows" WHERE "amazon_import_rows"."amazon_import_batch_id" = ? ORDER BY "amazon_import_rows"."source_row_number" ASC[0m  [["amazon_import_batch_id", 3]]
  Rendered amazon_import_batches/show.html.erb within layouts/application (Duration: 12.1ms | Allocations: 17776)
  Rendered layout layouts/application.html.erb (Duration: 12.5ms | Allocations: 18042)
Completed 200 OK in 14ms (Views: 12.7ms | ActiveRecord: 0.2ms | Allocations: 18583)


Started PATCH "/amazon-import-rows/18" for 100.108.203.87 at 2026-05-18 17:52:59 -0600
Processing by AmazonImportRowsController#update as HTML
  Parameters: {"authenticity_token"=>"LVZclRUPtQCAk-SLK1emqxCsJcPy8U18RpQyDo4kn6G5z4jG0EDs5vxAu5jQ7_q8pRZdJNNZvW30fMIprckH4w", "amazon_import_row"=>{"tax_category"=>"fba_fees"}, "commit"=>"Accept", "id"=>"18"}
  [1m[36mAmazonImportRow Load (0.1ms)[0m  [1m[34mSELECT "amazon_import_rows".* FROM "amazon_import_rows" WHERE "amazon_import_rows"."id" = ? LIMIT ?[0m  [["id", 18], ["LIMIT", 1]]
  [1m[36mTRANSACTION (0.0ms)[0m  [1m[36mbegin transaction[0m
  [1m[36mAmazonImportBatch Load (0.1ms)[0m  [1m[34mSELECT "amazon_import_batches".* FROM "amazon_import_batches" WHERE "amazon_import_batches"."id" = ? LIMIT ?[0m  [["id", 3], ["LIMIT", 1]]
  [1m[36mAmazonImportRow Update (0.1ms)[0m  [1m[33mUPDATE "amazon_import_rows" SET "status" = ?, "updated_at" = ? WHERE "amazon_import_rows"."id" = ?[0m  [["status", 1], ["updated_at", "2026-05-18 23:52:59.544594"], ["id", 18]]
  [1m[36mTRANSACTION (4.7ms)[0m  [1m[36mcommit transaction[0m
  [1m[36mTRANSACTION (0.0ms)[0m  [1m[36mbegin transaction[0m
  [1m[36mExpense Create (0.1ms)[0m  [1m[32mINSERT INTO "expenses" ("vendor", "category", "spent_on", "amount_cents", "created_at", "updated_at") VALUES (?, ?, ?, ?, ?, ?)[0m  [["vendor", "Amazon"], ["category", "FBA fees"], ["spent_on", "2026-01-30"], ["amount_cents", 322], ["created_at", "2026-05-18 23:52:59.550325"], ["updated_at", "2026-05-18 23:52:59.550325"]]
  [1m[36mTRANSACTION (1.7ms)[0m  [1m[36mcommit transaction[0m
  [1m[36mTRANSACTION (0.0ms)[0m  [1m[36mbegin transaction[0m
  [1m[36mAmazonImportRow Update (0.2ms)[0m  [1m[33mUPDATE "amazon_import_rows" SET "expense_id" = ?, "updated_at" = ? WHERE "amazon_import_rows"."id" = ?[0m  [["expense_id", 17], ["updated_at", "2026-05-18 23:52:59.553104"], ["id", 18]]
  [1m[36mTRANSACTION (2.0ms)[0m  [1m[36mcommit transaction[0m
  [1m[36mAmazonImportRow Count (0.1ms)[0m  [1m[34mSELECT COUNT(*) FROM "amazon_import_rows" WHERE "amazon_import_rows"."amazon_import_batch_id" = ?[0m  [["amazon_import_batch_id", 3]]
  [1m[36mAmazonImportRow Exists? (0.1ms)[0m  [1m[34mSELECT 1 AS one FROM "amazon_import_rows" WHERE "amazon_import_rows"."amazon_import_batch_id" = ? AND "amazon_import_rows"."status" = ? LIMIT ?[0m  [["amazon_import_batch_id", 3], ["status", 0], ["LIMIT", 1]]
Redirected to http://nas:3002/amazon-imports/3
Completed 302 Found in 15ms (ActiveRecord: 9.2ms | Allocations: 3289)


Started GET "/amazon-imports/3" for 100.108.203.87 at 2026-05-18 17:52:59 -0600
Processing by AmazonImportBatchesController#show as HTML
  Parameters: {"id"=>"3"}
  [1m[36mAmazonImportBatch Load (0.1ms)[0m  [1m[34mSELECT "amazon_import_batches".* FROM "amazon_import_batches" WHERE "amazon_import_batches"."id" = ? LIMIT ?[0m  [["id", 3], ["LIMIT", 1]]
  Rendering layout layouts/application.html.erb
  Rendering amazon_import_batches/show.html.erb within layouts/application
  [1m[36mAmazonImportRow Load (0.4ms)[0m  [1m[34mSELECT "amazon_import_rows".* FROM "amazon_import_rows" WHERE "amazon_import_rows"."amazon_import_batch_id" = ? ORDER BY "amazon_import_rows"."source_row_number" ASC[0m  [["amazon_import_batch_id", 3]]
  Rendered amazon_import_batches/show.html.erb within layouts/application (Duration: 11.4ms | Allocations: 17088)
  Rendered layout layouts/application.html.erb (Duration: 11.7ms | Allocations: 17354)
Completed 200 OK in 13ms (Views: 11.7ms | ActiveRecord: 0.5ms | Allocations: 17895)


Started PATCH "/amazon-import-rows/19" for 100.108.203.87 at 2026-05-18 17:53:00 -0600
Processing by AmazonImportRowsController#update as HTML
  Parameters: {"authenticity_token"=>"87FjXmdw7cSzlm8-8qO2IHL6NS1u2VouJhs823Aaq1XQGCUBaX26QSsxvmrT4ypHh2pTMHW7Pk8PdNsXBujykg", "amazon_import_row"=>{"tax_category"=>"amazon_fees"}, "commit"=>"Accept", "id"=>"19"}
  [1m[36mAmazonImportRow Load (0.1ms)[0m  [1m[34mSELECT "amazon_import_rows".* FROM "amazon_import_rows" WHERE "amazon_import_rows"."id" = ? LIMIT ?[0m  [["id", 19], ["LIMIT", 1]]
  [1m[36mTRANSACTION (0.0ms)[0m  [1m[36mbegin transaction[0m
  [1m[36mAmazonImportBatch Load (0.1ms)[0m  [1m[34mSELECT "amazon_import_batches".* FROM "amazon_import_batches" WHERE "amazon_import_batches"."id" = ? LIMIT ?[0m  [["id", 3], ["LIMIT", 1]]
  [1m[36mAmazonImportRow Update (0.1ms)[0m  [1m[33mUPDATE "amazon_import_rows" SET "status" = ?, "updated_at" = ? WHERE "amazon_import_rows"."id" = ?[0m  [["status", 1], ["updated_at", "2026-05-18 23:53:00.597519"], ["id", 19]]
  [1m[36mTRANSACTION (4.9ms)[0m  [1m[36mcommit transaction[0m
  [1m[36mTRANSACTION (0.0ms)[0m  [1m[36mbegin transaction[0m
  [1m[36mExpense Create (0.1ms)[0m  [1m[32mINSERT INTO "expenses" ("vendor", "category", "spent_on", "amount_cents", "created_at", "updated_at") VALUES (?, ?, ?, ?, ?, ?)[0m  [["vendor", "Amazon"], ["category", "Amazon fees"], ["spent_on", "2026-01-30"], ["amount_cents", 180], ["created_at", "2026-05-18 23:53:00.603890"], ["updated_at", "2026-05-18 23:53:00.603890"]]
  [1m[36mTRANSACTION (1.7ms)[0m  [1m[36mcommit transaction[0m
  [1m[36mTRANSACTION (0.0ms)[0m  [1m[36mbegin transaction[0m
  [1m[36mAmazonImportRow Update (0.2ms)[0m  [1m[33mUPDATE "amazon_import_rows" SET "expense_id" = ?, "updated_at" = ? WHERE "amazon_import_rows"."id" = ?[0m  [["expense_id", 18], ["updated_at", "2026-05-18 23:53:00.606682"], ["id", 19]]
  [1m[36mTRANSACTION (1.9ms)[0m  [1m[36mcommit transaction[0m
  [1m[36mAmazonImportRow Count (0.1ms)[0m  [1m[34mSELECT COUNT(*) FROM "amazon_import_rows" WHERE "amazon_import_rows"."amazon_import_batch_id" = ?[0m  [["amazon_import_batch_id", 3]]
  [1m[36mAmazonImportRow Exists? (0.1ms)[0m  [1m[34mSELECT 1 AS one FROM "amazon_import_rows" WHERE "amazon_import_rows"."amazon_import_batch_id" = ? AND "amazon_import_rows"."status" = ? LIMIT ?[0m  [["amazon_import_batch_id", 3], ["status", 0], ["LIMIT", 1]]
Redirected to http://nas:3002/amazon-imports/3
Completed 302 Found in 16ms (ActiveRecord: 9.3ms | Allocations: 3281)


Started GET "/amazon-imports/3" for 100.108.203.87 at 2026-05-18 17:53:00 -0600
Processing by AmazonImportBatchesController#show as HTML
  Parameters: {"id"=>"3"}
  [1m[36mAmazonImportBatch Load (0.1ms)[0m  [1m[34mSELECT "amazon_import_batches".* FROM "amazon_import_batches" WHERE "amazon_import_batches"."id" = ? LIMIT ?[0m  [["id", 3], ["LIMIT", 1]]
  Rendering layout layouts/application.html.erb
  Rendering amazon_import_batches/show.html.erb within layouts/application
  [1m[36mAmazonImportRow Load (0.3ms)[0m  [1m[34mSELECT "amazon_import_rows".* FROM "amazon_import_rows" WHERE "amazon_import_rows"."amazon_import_batch_id" = ? ORDER BY "amazon_import_rows"."source_row_number" ASC[0m  [["amazon_import_batch_id", 3]]
  Rendered amazon_import_batches/show.html.erb within layouts/application (Duration: 17.7ms | Allocations: 16416)
  Rendered layout layouts/application.html.erb (Duration: 18.3ms | Allocations: 16682)
Completed 200 OK in 20ms (Views: 18.5ms | ActiveRecord: 0.3ms | Allocations: 17223)


Started PATCH "/amazon-import-rows/20" for 100.108.203.87 at 2026-05-18 17:53:06 -0600
Processing by AmazonImportRowsController#update as HTML
  Parameters: {"authenticity_token"=>"9Kx-OQ6k56ltfkQd9z4dY9X13YSdJxkLwnA-pvcjatRF3ppAtyy3aZjbzSvDMWlCJuvrIbzyxBh9kqarF6lLow", "amazon_import_row"=>{"tax_category"=>"gross_sales"}, "commit"=>"Accept", "id"=>"20"}
  [1m[36mAmazonImportRow Load (0.1ms)[0m  [1m[34mSELECT "amazon_import_rows".* FROM "amazon_import_rows" WHERE "amazon_import_rows"."id" = ? LIMIT ?[0m  [["id", 20], ["LIMIT", 1]]
  [1m[36mTRANSACTION (0.0ms)[0m  [1m[36mbegin transaction[0m
  [1m[36mAmazonImportBatch Load (0.0ms)[0m  [1m[34mSELECT "amazon_import_batches".* FROM "amazon_import_batches" WHERE "amazon_import_batches"."id" = ? LIMIT ?[0m  [["id", 3], ["LIMIT", 1]]
  [1m[36mAmazonImportRow Update (0.1ms)[0m  [1m[33mUPDATE "amazon_import_rows" SET "status" = ?, "updated_at" = ? WHERE "amazon_import_rows"."id" = ?[0m  [["status", 1], ["updated_at", "2026-05-18 23:53:06.079332"], ["id", 20]]
  [1m[36mTRANSACTION (4.7ms)[0m  [1m[36mcommit transaction[0m
  [1m[36mAccount Load (0.0ms)[0m  [1m[34mSELECT "accounts".* FROM "accounts" WHERE "accounts"."name" = ? LIMIT ?[0m  [["name", "Amazon Clearing"], ["LIMIT", 1]]
  [1m[36mAccount Load (0.0ms)[0m  [1m[34mSELECT "accounts".* FROM "accounts" WHERE "accounts"."name" = ? LIMIT ?[0m  [["name", "Amazon Sales Revenue"], ["LIMIT", 1]]
  [1m[36mTRANSACTION (0.0ms)[0m  [1m[36mbegin transaction[0m
  [1m[36mTransaction Create (0.1ms)[0m  [1m[32mINSERT INTO "transactions" ("transacted_on", "description", "debit_account_id", "credit_account_id", "amount_cents", "created_at", "updated_at") VALUES (?, ?, ?, ?, ?, ?, ?)[0m  [["transacted_on", "2026-01-30"], ["description", "Order - Principal - 113-2003117-7002003"], ["debit_account_id", 4], ["credit_account_id", 5], ["amount_cents", 8400], ["created_at", "2026-05-18 23:53:06.085795"], ["updated_at", "2026-05-18 23:53:06.085795"]]
  [1m[36mTRANSACTION (2.3ms)[0m  [1m[36mcommit transaction[0m
  [1m[36mTRANSACTION (0.0ms)[0m  [1m[36mbegin transaction[0m
  [1m[36mAmazonImportRow Update (0.1ms)[0m  [1m[33mUPDATE "amazon_import_rows" SET "transaction_id" = ?, "updated_at" = ? WHERE "amazon_import_rows"."id" = ?[0m  [["transaction_id", 15], ["updated_at", "2026-05-18 23:53:06.088971"], ["id", 20]]
  [1m[36mTRANSACTION (1.5ms)[0m  [1m[36mcommit transaction[0m
  [1m[36mAmazonImportRow Count (0.1ms)[0m  [1m[34mSELECT COUNT(*) FROM "amazon_import_rows" WHERE "amazon_import_rows"."amazon_import_batch_id" = ?[0m  [["amazon_import_batch_id", 3]]
  [1m[36mAmazonImportRow Exists? (0.1ms)[0m  [1m[34mSELECT 1 AS one FROM "amazon_import_rows" WHERE "amazon_import_rows"."amazon_import_batch_id" = ? AND "amazon_import_rows"."status" = ? LIMIT ?[0m  [["amazon_import_batch_id", 3], ["status", 0], ["LIMIT", 1]]
Redirected to http://nas:3002/amazon-imports/3
Completed 302 Found in 15ms (ActiveRecord: 9.3ms | Allocations: 3698)


Started GET "/amazon-imports/3" for 100.108.203.87 at 2026-05-18 17:53:06 -0600
Processing by AmazonImportBatchesController#show as HTML
  Parameters: {"id"=>"3"}
  [1m[36mAmazonImportBatch Load (0.1ms)[0m  [1m[34mSELECT "amazon_import_batches".* FROM "amazon_import_batches" WHERE "amazon_import_batches"."id" = ? LIMIT ?[0m  [["id", 3], ["LIMIT", 1]]
  Rendering layout layouts/application.html.erb
  Rendering amazon_import_batches/show.html.erb within layouts/application
  [1m[36mAmazonImportRow Load (0.3ms)[0m  [1m[34mSELECT "amazon_import_rows".* FROM "amazon_import_rows" WHERE "amazon_import_rows"."amazon_import_batch_id" = ? ORDER BY "amazon_import_rows"."source_row_number" ASC[0m  [["amazon_import_batch_id", 3]]
  Rendered amazon_import_batches/show.html.erb within layouts/application (Duration: 11.4ms | Allocations: 15744)
  Rendered layout layouts/application.html.erb (Duration: 11.9ms | Allocations: 16010)
Completed 200 OK in 13ms (Views: 11.9ms | ActiveRecord: 0.4ms | Allocations: 16551)


Started PATCH "/amazon-import-rows/21" for 100.108.203.87 at 2026-05-18 17:53:08 -0600
Processing by AmazonImportRowsController#update as HTML
  Parameters: {"authenticity_token"=>"Dg889gGdIkCVOBmLfkerNwFj-XOfuHIgFDpJstWT-vKdpI1WJ4YIonZWW9Jd7zFqiu4hDq1a1Hv4vGfSTBtfUw", "amazon_import_row"=>{"tax_category"=>"gross_sales"}, "commit"=>"Accept", "id"=>"21"}
  [1m[36mAmazonImportRow Load (0.1ms)[0m  [1m[34mSELECT "amazon_import_rows".* FROM "amazon_import_rows" WHERE "amazon_import_rows"."id" = ? LIMIT ?[0m  [["id", 21], ["LIMIT", 1]]
  [1m[36mTRANSACTION (0.0ms)[0m  [1m[36mbegin transaction[0m
  [1m[36mAmazonImportBatch Load (0.1ms)[0m  [1m[34mSELECT "amazon_import_batches".* FROM "amazon_import_batches" WHERE "amazon_import_batches"."id" = ? LIMIT ?[0m  [["id", 3], ["LIMIT", 1]]
  [1m[36mAmazonImportRow Update (0.1ms)[0m  [1m[33mUPDATE "amazon_import_rows" SET "status" = ?, "updated_at" = ? WHERE "amazon_import_rows"."id" = ?[0m  [["status", 1], ["updated_at", "2026-05-18 23:53:08.642649"], ["id", 21]]
  [1m[36mTRANSACTION (5.0ms)[0m  [1m[36mcommit transaction[0m
  [1m[36mAccount Load (0.0ms)[0m  [1m[34mSELECT "accounts".* FROM "accounts" WHERE "accounts"."name" = ? LIMIT ?[0m  [["name", "Amazon Clearing"], ["LIMIT", 1]]
  [1m[36mAccount Load (0.0ms)[0m  [1m[34mSELECT "accounts".* FROM "accounts" WHERE "accounts"."name" = ? LIMIT ?[0m  [["name", "Amazon Sales Revenue"], ["LIMIT", 1]]
  [1m[36mTRANSACTION (0.0ms)[0m  [1m[36mbegin transaction[0m
  [1m[36mTransaction Create (0.2ms)[0m  [1m[32mINSERT INTO "transactions" ("transacted_on", "description", "debit_account_id", "credit_account_id", "amount_cents", "created_at", "updated_at") VALUES (?, ?, ?, ?, ?, ?, ?)[0m  [["transacted_on", "2026-01-30"], ["description", "Order - Tax - 113-2003117-7002003"], ["debit_account_id", 4], ["credit_account_id", 5], ["amount_cents", 567], ["created_at", "2026-05-18 23:53:08.649825"], ["updated_at", "2026-05-18 23:53:08.649825"]]
  [1m[36mTRANSACTION (2.4ms)[0m  [1m[36mcommit transaction[0m
  [1m[36mTRANSACTION (0.0ms)[0m  [1m[36mbegin transaction[0m
  [1m[36mAmazonImportRow Update (0.1ms)[0m  [1m[33mUPDATE "amazon_import_rows" SET "transaction_id" = ?, "updated_at" = ? WHERE "amazon_import_rows"."id" = ?[0m  [["transaction_id", 16], ["updated_at", "2026-05-18 23:53:08.653431"], ["id", 21]]
  [1m[36mTRANSACTION (1.6ms)[0m  [1m[36mcommit transaction[0m
  [1m[36mAmazonImportRow Count (0.1ms)[0m  [1m[34mSELECT COUNT(*) FROM "amazon_import_rows" WHERE "amazon_import_rows"."amazon_import_batch_id" = ?[0m  [["amazon_import_batch_id", 3]]
  [1m[36mAmazonImportRow Exists? (0.1ms)[0m  [1m[34mSELECT 1 AS one FROM "amazon_import_rows" WHERE "amazon_import_rows"."amazon_import_batch_id" = ? AND "amazon_import_rows"."status" = ? LIMIT ?[0m  [["amazon_import_batch_id", 3], ["status", 0], ["LIMIT", 1]]
Redirected to http://nas:3002/amazon-imports/3
Completed 302 Found in 18ms (ActiveRecord: 10.0ms | Allocations: 3697)


Started GET "/amazon-imports/3" for 100.108.203.87 at 2026-05-18 17:53:08 -0600
Processing by AmazonImportBatchesController#show as HTML
  Parameters: {"id"=>"3"}
  [1m[36mAmazonImportBatch Load (0.1ms)[0m  [1m[34mSELECT "amazon_import_batches".* FROM "amazon_import_batches" WHERE "amazon_import_batches"."id" = ? LIMIT ?[0m  [["id", 3], ["LIMIT", 1]]
  Rendering layout layouts/application.html.erb
  Rendering amazon_import_batches/show.html.erb within layouts/application
  [1m[36mAmazonImportRow Load (0.4ms)[0m  [1m[34mSELECT "amazon_import_rows".* FROM "amazon_import_rows" WHERE "amazon_import_rows"."amazon_import_batch_id" = ? ORDER BY "amazon_import_rows"."source_row_number" ASC[0m  [["amazon_import_batch_id", 3]]
  Rendered amazon_import_batches/show.html.erb within layouts/application (Duration: 22.8ms | Allocations: 15058)
  Rendered layout layouts/application.html.erb (Duration: 23.4ms | Allocations: 15324)
Completed 200 OK in 25ms (Views: 23.5ms | ActiveRecord: 0.5ms | Allocations: 15865)


Started PATCH "/amazon-import-rows/22" for 100.108.203.87 at 2026-05-18 17:53:10 -0600
Processing by AmazonImportRowsController#update as HTML
  Parameters: {"authenticity_token"=>"zieVH_zZKwiOqJ26MVnVuJ70ADLgVZtSInlBfolZ60ew54lE4MPKYc7U-vjSQz4mDyhqqc8tl3byA5ttBs_vUg", "amazon_import_row"=>{"tax_category"=>"shipping"}, "commit"=>"Accept", "id"=>"22"}
  [1m[36mAmazonImportRow Load (0.1ms)[0m  [1m[34mSELECT "amazon_import_rows".* FROM "amazon_import_rows" WHERE "amazon_import_rows"."id" = ? LIMIT ?[0m  [["id", 22], ["LIMIT", 1]]
  [1m[36mTRANSACTION (0.0ms)[0m  [1m[36mbegin transaction[0m
  [1m[36mAmazonImportBatch Load (0.1ms)[0m  [1m[34mSELECT "amazon_import_batches".* FROM "amazon_import_batches" WHERE "amazon_import_batches"."id" = ? LIMIT ?[0m  [["id", 3], ["LIMIT", 1]]
  [1m[36mAmazonImportRow Update (0.1ms)[0m  [1m[33mUPDATE "amazon_import_rows" SET "status" = ?, "updated_at" = ? WHERE "amazon_import_rows"."id" = ?[0m  [["status", 1], ["updated_at", "2026-05-18 23:53:10.391276"], ["id", 22]]
  [1m[36mTRANSACTION (4.2ms)[0m  [1m[36mcommit transaction[0m
  [1m[36mAmazonImportRow Count (0.1ms)[0m  [1m[34mSELECT COUNT(*) FROM "amazon_import_rows" WHERE "amazon_import_rows"."amazon_import_batch_id" = ?[0m  [["amazon_import_batch_id", 3]]
  [1m[36mAmazonImportRow Exists? (0.1ms)[0m  [1m[34mSELECT 1 AS one FROM "amazon_import_rows" WHERE "amazon_import_rows"."amazon_import_batch_id" = ? AND "amazon_import_rows"."status" = ? LIMIT ?[0m  [["amazon_import_batch_id", 3], ["status", 0], ["LIMIT", 1]]
Redirected to http://nas:3002/amazon-imports/3
Completed 302 Found in 9ms (ActiveRecord: 4.6ms | Allocations: 2245)


Started GET "/amazon-imports/3" for 100.108.203.87 at 2026-05-18 17:53:10 -0600
Processing by AmazonImportBatchesController#show as HTML
  Parameters: {"id"=>"3"}
  [1m[36mAmazonImportBatch Load (0.0ms)[0m  [1m[34mSELECT "amazon_import_batches".* FROM "amazon_import_batches" WHERE "amazon_import_batches"."id" = ? LIMIT ?[0m  [["id", 3], ["LIMIT", 1]]
  Rendering layout layouts/application.html.erb
  Rendering amazon_import_batches/show.html.erb within layouts/application
  [1m[36mAmazonImportRow Load (0.2ms)[0m  [1m[34mSELECT "amazon_import_rows".* FROM "amazon_import_rows" WHERE "amazon_import_rows"."amazon_import_batch_id" = ? ORDER BY "amazon_import_rows"."source_row_number" ASC[0m  [["amazon_import_batch_id", 3]]
  Rendered amazon_import_batches/show.html.erb within layouts/application (Duration: 9.7ms | Allocations: 14390)
  Rendered layout layouts/application.html.erb (Duration: 10.0ms | Allocations: 14656)
Completed 200 OK in 11ms (Views: 10.1ms | ActiveRecord: 0.2ms | Allocations: 15197)


Started PATCH "/amazon-import-rows/23" for 100.108.203.87 at 2026-05-18 17:53:11 -0600
Processing by AmazonImportRowsController#update as HTML
  Parameters: {"authenticity_token"=>"f-JULTxIUVhnef2DSEG8JXp69M-dp9D3IqhQ3OzGARXuWcEwfdhBfMd37emLLkwVgBBXJDvhxGRxLmYlpwedLg", "amazon_import_row"=>{"tax_category"=>"refunds_returns"}, "commit"=>"Accept", "id"=>"23"}
  [1m[36mAmazonImportRow Load (0.1ms)[0m  [1m[34mSELECT "amazon_import_rows".* FROM "amazon_import_rows" WHERE "amazon_import_rows"."id" = ? LIMIT ?[0m  [["id", 23], ["LIMIT", 1]]
  [1m[36mTRANSACTION (0.0ms)[0m  [1m[36mbegin transaction[0m
  [1m[36mAmazonImportBatch Load (0.1ms)[0m  [1m[34mSELECT "amazon_import_batches".* FROM "amazon_import_batches" WHERE "amazon_import_batches"."id" = ? LIMIT ?[0m  [["id", 3], ["LIMIT", 1]]
  [1m[36mAmazonImportRow Update (0.1ms)[0m  [1m[33mUPDATE "amazon_import_rows" SET "status" = ?, "updated_at" = ? WHERE "amazon_import_rows"."id" = ?[0m  [["status", 1], ["updated_at", "2026-05-18 23:53:11.979282"], ["id", 23]]
  [1m[36mTRANSACTION (4.3ms)[0m  [1m[36mcommit transaction[0m
  [1m[36mTRANSACTION (0.0ms)[0m  [1m[36mbegin transaction[0m
  [1m[36mExpense Create (0.1ms)[0m  [1m[32mINSERT INTO "expenses" ("vendor", "category", "spent_on", "amount_cents", "created_at", "updated_at") VALUES (?, ?, ?, ?, ?, ?)[0m  [["vendor", "Amazon"], ["category", "Refunds and returns"], ["spent_on", "2026-01-30"], ["amount_cents", 350], ["created_at", "2026-05-18 23:53:11.984686"], ["updated_at", "2026-05-18 23:53:11.984686"]]
  [1m[36mTRANSACTION (1.5ms)[0m  [1m[36mcommit transaction[0m
  [1m[36mTRANSACTION (0.0ms)[0m  [1m[36mbegin transaction[0m
  [1m[36mAmazonImportRow Update (0.2ms)[0m  [1m[33mUPDATE "amazon_import_rows" SET "expense_id" = ?, "updated_at" = ? WHERE "amazon_import_rows"."id" = ?[0m  [["expense_id", 19], ["updated_at", "2026-05-18 23:53:11.987200"], ["id", 23]]
  [1m[36mTRANSACTION (1.4ms)[0m  [1m[36mcommit transaction[0m
  [1m[36mAmazonImportRow Count (0.1ms)[0m  [1m[34mSELECT COUNT(*) FROM "amazon_import_rows" WHERE "amazon_import_rows"."amazon_import_batch_id" = ?[0m  [["amazon_import_batch_id", 3]]
  [1m[36mAmazonImportRow Exists? (0.1ms)[0m  [1m[34mSELECT 1 AS one FROM "amazon_import_rows" WHERE "amazon_import_rows"."amazon_import_batch_id" = ? AND "amazon_import_rows"."status" = ? LIMIT ?[0m  [["amazon_import_batch_id", 3], ["status", 0], ["LIMIT", 1]]
Redirected to http://nas:3002/amazon-imports/3
Completed 302 Found in 13ms (ActiveRecord: 7.9ms | Allocations: 3283)


Started GET "/amazon-imports/3" for 100.108.203.87 at 2026-05-18 17:53:11 -0600
Processing by AmazonImportBatchesController#show as HTML
  Parameters: {"id"=>"3"}
  [1m[36mAmazonImportBatch Load (0.0ms)[0m  [1m[34mSELECT "amazon_import_batches".* FROM "amazon_import_batches" WHERE "amazon_import_batches"."id" = ? LIMIT ?[0m  [["id", 3], ["LIMIT", 1]]
  Rendering layout layouts/application.html.erb
  Rendering amazon_import_batches/show.html.erb within layouts/application
  [1m[36mAmazonImportRow Load (0.2ms)[0m  [1m[34mSELECT "amazon_import_rows".* FROM "amazon_import_rows" WHERE "amazon_import_rows"."amazon_import_batch_id" = ? ORDER BY "amazon_import_rows"."source_row_number" ASC[0m  [["amazon_import_batch_id", 3]]
  Rendered amazon_import_batches/show.html.erb within layouts/application (Duration: 11.5ms | Allocations: 13714)
  Rendered layout layouts/application.html.erb (Duration: 11.9ms | Allocations: 13980)
Completed 200 OK in 13ms (Views: 12.0ms | ActiveRecord: 0.2ms | Allocations: 14521)


Started PATCH "/amazon-import-rows/24" for 100.108.203.87 at 2026-05-18 17:53:13 -0600
Processing by AmazonImportRowsController#update as HTML
  Parameters: {"authenticity_token"=>"pDia5JG-_7aL6t5FgactLoTlG2cT7gwjuFJbqDK11CaNka7QyfvDc1SjW28XbBedsQ8dDN_KO--1InMTq0c2vg", "amazon_import_row"=>{"tax_category"=>"amazon_fees"}, "commit"=>"Accept", "id"=>"24"}
  [1m[36mAmazonImportRow Load (0.1ms)[0m  [1m[34mSELECT "amazon_import_rows".* FROM "amazon_import_rows" WHERE "amazon_import_rows"."id" = ? LIMIT ?[0m  [["id", 24], ["LIMIT", 1]]
  [1m[36mTRANSACTION (0.0ms)[0m  [1m[36mbegin transaction[0m
  [1m[36mAmazonImportBatch Load (0.0ms)[0m  [1m[34mSELECT "amazon_import_batches".* FROM "amazon_import_batches" WHERE "amazon_import_batches"."id" = ? LIMIT ?[0m  [["id", 3], ["LIMIT", 1]]
  [1m[36mAmazonImportRow Update (0.1ms)[0m  [1m[33mUPDATE "amazon_import_rows" SET "status" = ?, "updated_at" = ? WHERE "amazon_import_rows"."id" = ?[0m  [["status", 1], ["updated_at", "2026-05-18 23:53:13.234946"], ["id", 24]]
  [1m[36mTRANSACTION (4.6ms)[0m  [1m[36mcommit transaction[0m
  [1m[36mTRANSACTION (0.0ms)[0m  [1m[36mbegin transaction[0m
  [1m[36mExpense Create (0.1ms)[0m  [1m[32mINSERT INTO "expenses" ("vendor", "category", "spent_on", "amount_cents", "created_at", "updated_at") VALUES (?, ?, ?, ?, ?, ?)[0m  [["vendor", "Amazon"], ["category", "Amazon fees"], ["spent_on", "2026-01-30"], ["amount_cents", 1260], ["created_at", "2026-05-18 23:53:13.240533"], ["updated_at", "2026-05-18 23:53:13.240533"]]
  [1m[36mTRANSACTION (1.6ms)[0m  [1m[36mcommit transaction[0m
  [1m[36mTRANSACTION (0.0ms)[0m  [1m[36mbegin transaction[0m
  [1m[36mAmazonImportRow Update (0.1ms)[0m  [1m[33mUPDATE "amazon_import_rows" SET "expense_id" = ?, "updated_at" = ? WHERE "amazon_import_rows"."id" = ?[0m  [["expense_id", 20], ["updated_at", "2026-05-18 23:53:13.243146"], ["id", 24]]
  [1m[36mTRANSACTION (1.6ms)[0m  [1m[36mcommit transaction[0m
  [1m[36mAmazonImportRow Count (0.1ms)[0m  [1m[34mSELECT COUNT(*) FROM "amazon_import_rows" WHERE "amazon_import_rows"."amazon_import_batch_id" = ?[0m  [["amazon_import_batch_id", 3]]
  [1m[36mAmazonImportRow Exists? (0.1ms)[0m  [1m[34mSELECT 1 AS one FROM "amazon_import_rows" WHERE "amazon_import_rows"."amazon_import_batch_id" = ? AND "amazon_import_rows"."status" = ? LIMIT ?[0m  [["amazon_import_batch_id", 3], ["status", 0], ["LIMIT", 1]]
Redirected to http://nas:3002/amazon-imports/3
Completed 302 Found in 14ms (ActiveRecord: 8.6ms | Allocations: 3280)


Started GET "/amazon-imports/3" for 100.108.203.87 at 2026-05-18 17:53:13 -0600
Processing by AmazonImportBatchesController#show as HTML
  Parameters: {"id"=>"3"}
  [1m[36mAmazonImportBatch Load (0.1ms)[0m  [1m[34mSELECT "amazon_import_batches".* FROM "amazon_import_batches" WHERE "amazon_import_batches"."id" = ? LIMIT ?[0m  [["id", 3], ["LIMIT", 1]]
  Rendering layout layouts/application.html.erb
  Rendering amazon_import_batches/show.html.erb within layouts/application
  [1m[36mAmazonImportRow Load (0.3ms)[0m  [1m[34mSELECT "amazon_import_rows".* FROM "amazon_import_rows" WHERE "amazon_import_rows"."amazon_import_batch_id" = ? ORDER BY "amazon_import_rows"."source_row_number" ASC[0m  [["amazon_import_batch_id", 3]]
  Rendered amazon_import_batches/show.html.erb within layouts/application (Duration: 14.9ms | Allocations: 13034)
  Rendered layout layouts/application.html.erb (Duration: 15.4ms | Allocations: 13300)
Completed 200 OK in 17ms (Views: 15.6ms | ActiveRecord: 0.4ms | Allocations: 13841)


Started PATCH "/amazon-import-rows/25" for 100.108.203.87 at 2026-05-18 17:53:14 -0600
Processing by AmazonImportRowsController#update as HTML
  Parameters: {"authenticity_token"=>"E_GaQ_-WTu-6C6OZvNHTFYbxR5UfC47UYrqXxhRw0RM4WOHHWZEuWRJ5oqk29bpg3-wVl21o4FwDN8sdXlZugA", "amazon_import_row"=>{"tax_category"=>"fba_fees"}, "commit"=>"Accept", "id"=>"25"}
  [1m[36mAmazonImportRow Load (0.1ms)[0m  [1m[34mSELECT "amazon_import_rows".* FROM "amazon_import_rows" WHERE "amazon_import_rows"."id" = ? LIMIT ?[0m  [["id", 25], ["LIMIT", 1]]
  [1m[36mTRANSACTION (0.0ms)[0m  [1m[36mbegin transaction[0m
  [1m[36mAmazonImportBatch Load (0.0ms)[0m  [1m[34mSELECT "amazon_import_batches".* FROM "amazon_import_batches" WHERE "amazon_import_batches"."id" = ? LIMIT ?[0m  [["id", 3], ["LIMIT", 1]]
  [1m[36mAmazonImportRow Update (0.1ms)[0m  [1m[33mUPDATE "amazon_import_rows" SET "status" = ?, "updated_at" = ? WHERE "amazon_import_rows"."id" = ?[0m  [["status", 1], ["updated_at", "2026-05-18 23:53:14.509920"], ["id", 25]]
  [1m[36mTRANSACTION (4.7ms)[0m  [1m[36mcommit transaction[0m
  [1m[36mTRANSACTION (0.0ms)[0m  [1m[36mbegin transaction[0m
  [1m[36mExpense Create (0.1ms)[0m  [1m[32mINSERT INTO "expenses" ("vendor", "category", "spent_on", "amount_cents", "created_at", "updated_at") VALUES (?, ?, ?, ?, ?, ?)[0m  [["vendor", "Amazon"], ["category", "FBA fees"], ["spent_on", "2026-01-30"], ["amount_cents", 619], ["created_at", "2026-05-18 23:53:14.515814"], ["updated_at", "2026-05-18 23:53:14.515814"]]
  [1m[36mTRANSACTION (1.5ms)[0m  [1m[36mcommit transaction[0m
  [1m[36mTRANSACTION (0.0ms)[0m  [1m[36mbegin transaction[0m
  [1m[36mAmazonImportRow Update (0.1ms)[0m  [1m[33mUPDATE "amazon_import_rows" SET "expense_id" = ?, "updated_at" = ? WHERE "amazon_import_rows"."id" = ?[0m  [["expense_id", 21], ["updated_at", "2026-05-18 23:53:14.518412"], ["id", 25]]
  [1m[36mTRANSACTION (1.8ms)[0m  [1m[36mcommit transaction[0m
  [1m[36mAmazonImportRow Count (0.1ms)[0m  [1m[34mSELECT COUNT(*) FROM "amazon_import_rows" WHERE "amazon_import_rows"."amazon_import_batch_id" = ?[0m  [["amazon_import_batch_id", 3]]
  [1m[36mAmazonImportRow Exists? (0.1ms)[0m  [1m[34mSELECT 1 AS one FROM "amazon_import_rows" WHERE "amazon_import_rows"."amazon_import_batch_id" = ? AND "amazon_import_rows"."status" = ? LIMIT ?[0m  [["amazon_import_batch_id", 3], ["status", 0], ["LIMIT", 1]]
Redirected to http://nas:3002/amazon-imports/3
Completed 302 Found in 15ms (ActiveRecord: 8.8ms | Allocations: 3295)


Started GET "/amazon-imports/3" for 100.108.203.87 at 2026-05-18 17:53:14 -0600
Processing by AmazonImportBatchesController#show as HTML
  Parameters: {"id"=>"3"}
  [1m[36mAmazonImportBatch Load (0.1ms)[0m  [1m[34mSELECT "amazon_import_batches".* FROM "amazon_import_batches" WHERE "amazon_import_batches"."id" = ? LIMIT ?[0m  [["id", 3], ["LIMIT", 1]]
  Rendering layout layouts/application.html.erb
  Rendering amazon_import_batches/show.html.erb within layouts/application
  [1m[36mAmazonImportRow Load (0.3ms)[0m  [1m[34mSELECT "amazon_import_rows".* FROM "amazon_import_rows" WHERE "amazon_import_rows"."amazon_import_batch_id" = ? ORDER BY "amazon_import_rows"."source_row_number" ASC[0m  [["amazon_import_batch_id", 3]]
  Rendered amazon_import_batches/show.html.erb within layouts/application (Duration: 14.0ms | Allocations: 12348)
  Rendered layout layouts/application.html.erb (Duration: 14.4ms | Allocations: 12614)
Completed 200 OK in 16ms (Views: 14.5ms | ActiveRecord: 0.4ms | Allocations: 13155)


Started PATCH "/amazon-import-rows/26" for 100.108.203.87 at 2026-05-18 17:53:15 -0600
Processing by AmazonImportRowsController#update as HTML
  Parameters: {"authenticity_token"=>"4nLXwAJQjxNklklC_hL9FZF9v2xcnbgT9rbPuX19gTRV53HxoopxHubsU0PD3Dmexsd9jA1jbmEe86hTPnmyeg", "amazon_import_row"=>{"tax_category"=>"amazon_fees"}, "commit"=>"Accept", "id"=>"26"}
  [1m[36mAmazonImportRow Load (0.1ms)[0m  [1m[34mSELECT "amazon_import_rows".* FROM "amazon_import_rows" WHERE "amazon_import_rows"."id" = ? LIMIT ?[0m  [["id", 26], ["LIMIT", 1]]
  [1m[36mTRANSACTION (0.0ms)[0m  [1m[36mbegin transaction[0m
  [1m[36mAmazonImportBatch Load (0.1ms)[0m  [1m[34mSELECT "amazon_import_batches".* FROM "amazon_import_batches" WHERE "amazon_import_batches"."id" = ? LIMIT ?[0m  [["id", 3], ["LIMIT", 1]]
  [1m[36mAmazonImportRow Update (0.1ms)[0m  [1m[33mUPDATE "amazon_import_rows" SET "status" = ?, "updated_at" = ? WHERE "amazon_import_rows"."id" = ?[0m  [["status", 1], ["updated_at", "2026-05-18 23:53:15.847397"], ["id", 26]]
  [1m[36mTRANSACTION (4.8ms)[0m  [1m[36mcommit transaction[0m
  [1m[36mTRANSACTION (0.0ms)[0m  [1m[36mbegin transaction[0m
  [1m[36mExpense Create (0.1ms)[0m  [1m[32mINSERT INTO "expenses" ("vendor", "category", "spent_on", "amount_cents", "created_at", "updated_at") VALUES (?, ?, ?, ?, ?, ?)[0m  [["vendor", "Amazon"], ["category", "Amazon fees"], ["spent_on", "2026-01-30"], ["amount_cents", 240], ["created_at", "2026-05-18 23:53:15.853219"], ["updated_at", "2026-05-18 23:53:15.853219"]]
  [1m[36mTRANSACTION (1.7ms)[0m  [1m[36mcommit transaction[0m
  [1m[36mTRANSACTION (0.0ms)[0m  [1m[36mbegin transaction[0m
  [1m[36mAmazonImportRow Update (0.2ms)[0m  [1m[33mUPDATE "amazon_import_rows" SET "expense_id" = ?, "updated_at" = ? WHERE "amazon_import_rows"."id" = ?[0m  [["expense_id", 22], ["updated_at", "2026-05-18 23:53:15.855879"], ["id", 26]]
  [1m[36mTRANSACTION (1.6ms)[0m  [1m[36mcommit transaction[0m
  [1m[36mAmazonImportRow Count (0.1ms)[0m  [1m[34mSELECT COUNT(*) FROM "amazon_import_rows" WHERE "amazon_import_rows"."amazon_import_batch_id" = ?[0m  [["amazon_import_batch_id", 3]]
  [1m[36mAmazonImportRow Exists? (0.1ms)[0m  [1m[34mSELECT 1 AS one FROM "amazon_import_rows" WHERE "amazon_import_rows"."amazon_import_batch_id" = ? AND "amazon_import_rows"."status" = ? LIMIT ?[0m  [["amazon_import_batch_id", 3], ["status", 0], ["LIMIT", 1]]
Redirected to http://nas:3002/amazon-imports/3
Completed 302 Found in 15ms (ActiveRecord: 8.8ms | Allocations: 3279)


Started GET "/amazon-imports/3" for 100.108.203.87 at 2026-05-18 17:53:15 -0600
Processing by AmazonImportBatchesController#show as HTML
  Parameters: {"id"=>"3"}
  [1m[36mAmazonImportBatch Load (0.1ms)[0m  [1m[34mSELECT "amazon_import_batches".* FROM "amazon_import_batches" WHERE "amazon_import_batches"."id" = ? LIMIT ?[0m  [["id", 3], ["LIMIT", 1]]
  Rendering layout layouts/application.html.erb
  Rendering amazon_import_batches/show.html.erb within layouts/application
  [1m[36mAmazonImportRow Load (0.2ms)[0m  [1m[34mSELECT "amazon_import_rows".* FROM "amazon_import_rows" WHERE "amazon_import_rows"."amazon_import_batch_id" = ? ORDER BY "amazon_import_rows"."source_row_number" ASC[0m  [["amazon_import_batch_id", 3]]
  Rendered amazon_import_batches/show.html.erb within layouts/application (Duration: 9.4ms | Allocations: 11660)
  Rendered layout layouts/application.html.erb (Duration: 9.7ms | Allocations: 11926)
Completed 200 OK in 11ms (Views: 10.0ms | ActiveRecord: 0.2ms | Allocations: 12467)


Started PATCH "/amazon-import-rows/27" for 100.108.203.87 at 2026-05-18 17:53:16 -0600
Processing by AmazonImportRowsController#update as HTML
  Parameters: {"authenticity_token"=>"lYE2TEvna4f47xWM9mZKPSHPwK_R0ga17zdJfkx3P6xG2nPPRNnzkZguJfWlkSABDYq3nGKgHR04oL162k9luQ", "amazon_import_row"=>{"tax_category"=>"refunds_returns"}, "commit"=>"Accept", "id"=>"27"}
  [1m[36mAmazonImportRow Load (0.1ms)[0m  [1m[34mSELECT "amazon_import_rows".* FROM "amazon_import_rows" WHERE "amazon_import_rows"."id" = ? LIMIT ?[0m  [["id", 27], ["LIMIT", 1]]
  [1m[36mTRANSACTION (0.1ms)[0m  [1m[36mbegin transaction[0m
  [1m[36mAmazonImportBatch Load (0.0ms)[0m  [1m[34mSELECT "amazon_import_batches".* FROM "amazon_import_batches" WHERE "amazon_import_batches"."id" = ? LIMIT ?[0m  [["id", 3], ["LIMIT", 1]]
  [1m[36mAmazonImportRow Update (0.1ms)[0m  [1m[33mUPDATE "amazon_import_rows" SET "status" = ?, "updated_at" = ? WHERE "amazon_import_rows"."id" = ?[0m  [["status", 1], ["updated_at", "2026-05-18 23:53:16.976901"], ["id", 27]]
  [1m[36mTRANSACTION (4.9ms)[0m  [1m[36mcommit transaction[0m
  [1m[36mTRANSACTION (0.0ms)[0m  [1m[36mbegin transaction[0m
  [1m[36mExpense Create (0.1ms)[0m  [1m[32mINSERT INTO "expenses" ("vendor", "category", "spent_on", "amount_cents", "created_at", "updated_at") VALUES (?, ?, ?, ?, ?, ?)[0m  [["vendor", "Amazon"], ["category", "Refunds and returns"], ["spent_on", "2026-01-30"], ["amount_cents", 2450], ["created_at", "2026-05-18 23:53:16.982869"], ["updated_at", "2026-05-18 23:53:16.982869"]]
  [1m[36mTRANSACTION (1.8ms)[0m  [1m[36mcommit transaction[0m
  [1m[36mTRANSACTION (0.0ms)[0m  [1m[36mbegin transaction[0m
  [1m[36mAmazonImportRow Update (0.1ms)[0m  [1m[33mUPDATE "amazon_import_rows" SET "expense_id" = ?, "updated_at" = ? WHERE "amazon_import_rows"."id" = ?[0m  [["expense_id", 23], ["updated_at", "2026-05-18 23:53:16.985663"], ["id", 27]]
  [1m[36mTRANSACTION (1.8ms)[0m  [1m[36mcommit transaction[0m
  [1m[36mAmazonImportRow Count (0.1ms)[0m  [1m[34mSELECT COUNT(*) FROM "amazon_import_rows" WHERE "amazon_import_rows"."amazon_import_batch_id" = ?[0m  [["amazon_import_batch_id", 3]]
  [1m[36mAmazonImportRow Exists? (0.1ms)[0m  [1m[34mSELECT 1 AS one FROM "amazon_import_rows" WHERE "amazon_import_rows"."amazon_import_batch_id" = ? AND "amazon_import_rows"."status" = ? LIMIT ?[0m  [["amazon_import_batch_id", 3], ["status", 0], ["LIMIT", 1]]
Redirected to http://nas:3002/amazon-imports/3
Completed 302 Found in 15ms (ActiveRecord: 9.2ms | Allocations: 3281)


Started GET "/amazon-imports/3" for 100.108.203.87 at 2026-05-18 17:53:16 -0600
Processing by AmazonImportBatchesController#show as HTML
  Parameters: {"id"=>"3"}
  [1m[36mAmazonImportBatch Load (0.1ms)[0m  [1m[34mSELECT "amazon_import_batches".* FROM "amazon_import_batches" WHERE "amazon_import_batches"."id" = ? LIMIT ?[0m  [["id", 3], ["LIMIT", 1]]
  Rendering layout layouts/application.html.erb
  Rendering amazon_import_batches/show.html.erb within layouts/application
  [1m[36mAmazonImportRow Load (0.2ms)[0m  [1m[34mSELECT "amazon_import_rows".* FROM "amazon_import_rows" WHERE "amazon_import_rows"."amazon_import_batch_id" = ? ORDER BY "amazon_import_rows"."source_row_number" ASC[0m  [["amazon_import_batch_id", 3]]
  Rendered amazon_import_batches/show.html.erb within layouts/application (Duration: 7.9ms | Allocations: 11006)
  Rendered layout layouts/application.html.erb (Duration: 8.3ms | Allocations: 11272)
Completed 200 OK in 9ms (Views: 8.4ms | ActiveRecord: 0.2ms | Allocations: 11813)


Started PATCH "/amazon-import-rows/28" for 100.108.203.87 at 2026-05-18 17:53:18 -0600
Processing by AmazonImportRowsController#update as HTML
  Parameters: {"authenticity_token"=>"EsOPB0J_y5eN5wkTslDwFDAuWrTSshqKKWvzI566P_UPhB8TEbaLknsM8CV0dcguWZ_iDB3znfDzed6s21_sBg", "amazon_import_row"=>{"tax_category"=>"refunds_returns"}, "commit"=>"Accept", "id"=>"28"}
  [1m[36mAmazonImportRow Load (0.1ms)[0m  [1m[34mSELECT "amazon_import_rows".* FROM "amazon_import_rows" WHERE "amazon_import_rows"."id" = ? LIMIT ?[0m  [["id", 28], ["LIMIT", 1]]
  [1m[36mTRANSACTION (0.0ms)[0m  [1m[36mbegin transaction[0m
  [1m[36mAmazonImportBatch Load (0.1ms)[0m  [1m[34mSELECT "amazon_import_batches".* FROM "amazon_import_batches" WHERE "amazon_import_batches"."id" = ? LIMIT ?[0m  [["id", 3], ["LIMIT", 1]]
  [1m[36mAmazonImportRow Update (0.1ms)[0m  [1m[33mUPDATE "amazon_import_rows" SET "status" = ?, "updated_at" = ? WHERE "amazon_import_rows"."id" = ?[0m  [["status", 1], ["updated_at", "2026-05-18 23:53:18.108923"], ["id", 28]]
  [1m[36mTRANSACTION (4.6ms)[0m  [1m[36mcommit transaction[0m
  [1m[36mTRANSACTION (0.0ms)[0m  [1m[36mbegin transaction[0m
  [1m[36mExpense Create (0.1ms)[0m  [1m[32mINSERT INTO "expenses" ("vendor", "category", "spent_on", "amount_cents", "created_at", "updated_at") VALUES (?, ?, ?, ?, ?, ?)[0m  [["vendor", "Amazon"], ["category", "Refunds and returns"], ["spent_on", "2026-01-30"], ["amount_cents", 165], ["created_at", "2026-05-18 23:53:18.114847"], ["updated_at", "2026-05-18 23:53:18.114847"]]
  [1m[36mTRANSACTION (1.8ms)[0m  [1m[36mcommit transaction[0m
  [1m[36mTRANSACTION (0.0ms)[0m  [1m[36mbegin transaction[0m
  [1m[36mAmazonImportRow Update (0.1ms)[0m  [1m[33mUPDATE "amazon_import_rows" SET "expense_id" = ?, "updated_at" = ? WHERE "amazon_import_rows"."id" = ?[0m  [["expense_id", 24], ["updated_at", "2026-05-18 23:53:18.117805"], ["id", 28]]
  [1m[36mTRANSACTION (1.6ms)[0m  [1m[36mcommit transaction[0m
  [1m[36mAmazonImportRow Count (0.1ms)[0m  [1m[34mSELECT COUNT(*) FROM "amazon_import_rows" WHERE "amazon_import_rows"."amazon_import_batch_id" = ?[0m  [["amazon_import_batch_id", 3]]
  [1m[36mAmazonImportRow Exists? (0.1ms)[0m  [1m[34mSELECT 1 AS one FROM "amazon_import_rows" WHERE "amazon_import_rows"."amazon_import_batch_id" = ? AND "amazon_import_rows"."status" = ? LIMIT ?[0m  [["amazon_import_batch_id", 3], ["status", 0], ["LIMIT", 1]]
Redirected to http://nas:3002/amazon-imports/3
Completed 302 Found in 16ms (ActiveRecord: 8.8ms | Allocations: 3285)


Started GET "/amazon-imports/3" for 100.108.203.87 at 2026-05-18 17:53:18 -0600
Processing by AmazonImportBatchesController#show as HTML
  Parameters: {"id"=>"3"}
  [1m[36mAmazonImportBatch Load (0.1ms)[0m  [1m[34mSELECT "amazon_import_batches".* FROM "amazon_import_batches" WHERE "amazon_import_batches"."id" = ? LIMIT ?[0m  [["id", 3], ["LIMIT", 1]]
  Rendering layout layouts/application.html.erb
  Rendering amazon_import_batches/show.html.erb within layouts/application
  [1m[36mAmazonImportRow Load (0.3ms)[0m  [1m[34mSELECT "amazon_import_rows".* FROM "amazon_import_rows" WHERE "amazon_import_rows"."amazon_import_batch_id" = ? ORDER BY "amazon_import_rows"."source_row_number" ASC[0m  [["amazon_import_batch_id", 3]]
  Rendered amazon_import_batches/show.html.erb within layouts/application (Duration: 12.7ms | Allocations: 10322)
  Rendered layout layouts/application.html.erb (Duration: 13.2ms | Allocations: 10588)
Completed 200 OK in 15ms (Views: 13.3ms | ActiveRecord: 0.4ms | Allocations: 11129)


Started PATCH "/amazon-import-rows/29" for 100.108.203.87 at 2026-05-18 17:53:19 -0600
Processing by AmazonImportRowsController#update as HTML
  Parameters: {"authenticity_token"=>"FDS_8SQ2KFuO1UhKC__sAiUPCvXzS6F9h03nqb2nIblCsvAaAAmCoID3YnsVhrmJeg-X5rIFZlKPD4yPmvhGAg", "amazon_import_row"=>{"tax_category"=>"refunds_returns"}, "commit"=>"Accept", "id"=>"29"}
  [1m[36mAmazonImportRow Load (0.1ms)[0m  [1m[34mSELECT "amazon_import_rows".* FROM "amazon_import_rows" WHERE "amazon_import_rows"."id" = ? LIMIT ?[0m  [["id", 29], ["LIMIT", 1]]
  [1m[36mTRANSACTION (0.0ms)[0m  [1m[36mbegin transaction[0m
  [1m[36mAmazonImportBatch Load (0.1ms)[0m  [1m[34mSELECT "amazon_import_batches".* FROM "amazon_import_batches" WHERE "amazon_import_batches"."id" = ? LIMIT ?[0m  [["id", 3], ["LIMIT", 1]]
  [1m[36mAmazonImportRow Update (0.1ms)[0m  [1m[33mUPDATE "amazon_import_rows" SET "status" = ?, "updated_at" = ? WHERE "amazon_import_rows"."id" = ?[0m  [["status", 1], ["updated_at", "2026-05-18 23:53:19.077731"], ["id", 29]]
  [1m[36mTRANSACTION (4.7ms)[0m  [1m[36mcommit transaction[0m
  [1m[36mTRANSACTION (0.0ms)[0m  [1m[36mbegin transaction[0m
  [1m[36mExpense Create (0.1ms)[0m  [1m[32mINSERT INTO "expenses" ("vendor", "category", "spent_on", "amount_cents", "created_at", "updated_at") VALUES (?, ?, ?, ?, ?, ?)[0m  [["vendor", "Amazon"], ["category", "Refunds and returns"], ["spent_on", "2026-01-30"], ["amount_cents", 367], ["created_at", "2026-05-18 23:53:19.083882"], ["updated_at", "2026-05-18 23:53:19.083882"]]
  [1m[36mTRANSACTION (1.6ms)[0m  [1m[36mcommit transaction[0m
  [1m[36mTRANSACTION (0.0ms)[0m  [1m[36mbegin transaction[0m
  [1m[36mAmazonImportRow Update (0.1ms)[0m  [1m[33mUPDATE "amazon_import_rows" SET "expense_id" = ?, "updated_at" = ? WHERE "amazon_import_rows"."id" = ?[0m  [["expense_id", 25], ["updated_at", "2026-05-18 23:53:19.086417"], ["id", 29]]
  [1m[36mTRANSACTION (1.6ms)[0m  [1m[36mcommit transaction[0m
  [1m[36mAmazonImportRow Count (0.1ms)[0m  [1m[34mSELECT COUNT(*) FROM "amazon_import_rows" WHERE "amazon_import_rows"."amazon_import_batch_id" = ?[0m  [["amazon_import_batch_id", 3]]
  [1m[36mAmazonImportRow Exists? (0.1ms)[0m  [1m[34mSELECT 1 AS one FROM "amazon_import_rows" WHERE "amazon_import_rows"."amazon_import_batch_id" = ? AND "amazon_import_rows"."status" = ? LIMIT ?[0m  [["amazon_import_batch_id", 3], ["status", 0], ["LIMIT", 1]]
Redirected to http://nas:3002/amazon-imports/3
Completed 302 Found in 15ms (ActiveRecord: 8.6ms | Allocations: 3285)


Started GET "/amazon-imports/3" for 100.108.203.87 at 2026-05-18 17:53:19 -0600
Processing by AmazonImportBatchesController#show as HTML
  Parameters: {"id"=>"3"}
  [1m[36mAmazonImportBatch Load (0.1ms)[0m  [1m[34mSELECT "amazon_import_batches".* FROM "amazon_import_batches" WHERE "amazon_import_batches"."id" = ? LIMIT ?[0m  [["id", 3], ["LIMIT", 1]]
  Rendering layout layouts/application.html.erb
  Rendering amazon_import_batches/show.html.erb within layouts/application
  [1m[36mAmazonImportRow Load (0.3ms)[0m  [1m[34mSELECT "amazon_import_rows".* FROM "amazon_import_rows" WHERE "amazon_import_rows"."amazon_import_batch_id" = ? ORDER BY "amazon_import_rows"."source_row_number" ASC[0m  [["amazon_import_batch_id", 3]]
  Rendered amazon_import_batches/show.html.erb within layouts/application (Duration: 8.5ms | Allocations: 9630)
  Rendered layout layouts/application.html.erb (Duration: 8.9ms | Allocations: 9896)
Completed 200 OK in 10ms (Views: 9.0ms | ActiveRecord: 0.3ms | Allocations: 10437)


Started PATCH "/amazon-import-rows/30" for 100.108.203.87 at 2026-05-18 17:53:20 -0600
Processing by AmazonImportRowsController#update as HTML
  Parameters: {"authenticity_token"=>"DWu0uL8CZMDoKuPQTLlqZT774mkBYVtIySkHj0_MLSvG9lLaCXcAyeJBdZe3OqUfNlwi09WoXsaQY6HrQqsmqg", "amazon_import_row"=>{"tax_category"=>"refunds_returns"}, "commit"=>"Accept", "id"=>"30"}
  [1m[36mAmazonImportRow Load (0.1ms)[0m  [1m[34mSELECT "amazon_import_rows".* FROM "amazon_import_rows" WHERE "amazon_import_rows"."id" = ? LIMIT ?[0m  [["id", 30], ["LIMIT", 1]]
  [1m[36mTRANSACTION (0.0ms)[0m  [1m[36mbegin transaction[0m
  [1m[36mAmazonImportBatch Load (0.0ms)[0m  [1m[34mSELECT "amazon_import_batches".* FROM "amazon_import_batches" WHERE "amazon_import_batches"."id" = ? LIMIT ?[0m  [["id", 3], ["LIMIT", 1]]
  [1m[36mAmazonImportRow Update (0.1ms)[0m  [1m[33mUPDATE "amazon_import_rows" SET "status" = ?, "updated_at" = ? WHERE "amazon_import_rows"."id" = ?[0m  [["status", 1], ["updated_at", "2026-05-18 23:53:20.063483"], ["id", 30]]
  [1m[36mTRANSACTION (4.8ms)[0m  [1m[36mcommit transaction[0m
  [1m[36mTRANSACTION (0.0ms)[0m  [1m[36mbegin transaction[0m
  [1m[36mExpense Create (0.1ms)[0m  [1m[32mINSERT INTO "expenses" ("vendor", "category", "spent_on", "amount_cents", "created_at", "updated_at") VALUES (?, ?, ?, ?, ?, ?)[0m  [["vendor", "Amazon"], ["category", "Refunds and returns"], ["spent_on", "2026-01-30"], ["amount_cents", 125], ["created_at", "2026-05-18 23:53:20.069309"], ["updated_at", "2026-05-18 23:53:20.069309"]]
  [1m[36mTRANSACTION (1.6ms)[0m  [1m[36mcommit transaction[0m
  [1m[36mTRANSACTION (0.0ms)[0m  [1m[36mbegin transaction[0m
  [1m[36mAmazonImportRow Update (0.1ms)[0m  [1m[33mUPDATE "amazon_import_rows" SET "expense_id" = ?, "updated_at" = ? WHERE "amazon_import_rows"."id" = ?[0m  [["expense_id", 26], ["updated_at", "2026-05-18 23:53:20.072071"], ["id", 30]]
  [1m[36mTRANSACTION (1.6ms)[0m  [1m[36mcommit transaction[0m
  [1m[36mAmazonImportRow Count (0.1ms)[0m  [1m[34mSELECT COUNT(*) FROM "amazon_import_rows" WHERE "amazon_import_rows"."amazon_import_batch_id" = ?[0m  [["amazon_import_batch_id", 3]]
  [1m[36mAmazonImportRow Exists? (0.1ms)[0m  [1m[34mSELECT 1 AS one FROM "amazon_import_rows" WHERE "amazon_import_rows"."amazon_import_batch_id" = ? AND "amazon_import_rows"."status" = ? LIMIT ?[0m  [["amazon_import_batch_id", 3], ["status", 0], ["LIMIT", 1]]
Redirected to http://nas:3002/amazon-imports/3
Completed 302 Found in 14ms (ActiveRecord: 8.7ms | Allocations: 3284)


Started GET "/amazon-imports/3" for 100.108.203.87 at 2026-05-18 17:53:20 -0600
Processing by AmazonImportBatchesController#show as HTML
  Parameters: {"id"=>"3"}
  [1m[36mAmazonImportBatch Load (0.1ms)[0m  [1m[34mSELECT "amazon_import_batches".* FROM "amazon_import_batches" WHERE "amazon_import_batches"."id" = ? LIMIT ?[0m  [["id", 3], ["LIMIT", 1]]
  Rendering layout layouts/application.html.erb
  Rendering amazon_import_batches/show.html.erb within layouts/application
  [1m[36mAmazonImportRow Load (0.3ms)[0m  [1m[34mSELECT "amazon_import_rows".* FROM "amazon_import_rows" WHERE "amazon_import_rows"."amazon_import_batch_id" = ? ORDER BY "amazon_import_rows"."source_row_number" ASC[0m  [["amazon_import_batch_id", 3]]
  Rendered amazon_import_batches/show.html.erb within layouts/application (Duration: 7.4ms | Allocations: 8964)
  Rendered layout layouts/application.html.erb (Duration: 7.7ms | Allocations: 9230)
Completed 200 OK in 9ms (Views: 7.7ms | ActiveRecord: 0.4ms | Allocations: 9771)


Started PATCH "/amazon-import-rows/31" for 100.108.203.87 at 2026-05-18 17:53:21 -0600
Processing by AmazonImportRowsController#update as HTML
  Parameters: {"authenticity_token"=>"46f8nDdYOUGeXntGwPXjFDSD4mypF_bpJaJ4_wmiSAjpXx6S1Gyz0KS47ehkJl0JpuIQfFNiVxENTE5RGdy4DA", "amazon_import_row"=>{"tax_category"=>"reimbursements"}, "commit"=>"Accept", "id"=>"31"}
  [1m[36mAmazonImportRow Load (0.1ms)[0m  [1m[34mSELECT "amazon_import_rows".* FROM "amazon_import_rows" WHERE "amazon_import_rows"."id" = ? LIMIT ?[0m  [["id", 31], ["LIMIT", 1]]
  [1m[36mTRANSACTION (0.0ms)[0m  [1m[36mbegin transaction[0m
  [1m[36mAmazonImportBatch Load (0.1ms)[0m  [1m[34mSELECT "amazon_import_batches".* FROM "amazon_import_batches" WHERE "amazon_import_batches"."id" = ? LIMIT ?[0m  [["id", 3], ["LIMIT", 1]]
  [1m[36mAmazonImportRow Update (0.1ms)[0m  [1m[33mUPDATE "amazon_import_rows" SET "status" = ?, "updated_at" = ? WHERE "amazon_import_rows"."id" = ?[0m  [["status", 1], ["updated_at", "2026-05-18 23:53:21.083423"], ["id", 31]]
  [1m[36mTRANSACTION (2.0ms)[0m  [1m[36mcommit transaction[0m
  [1m[36mAccount Load (0.0ms)[0m  [1m[34mSELECT "accounts".* FROM "accounts" WHERE "accounts"."name" = ? LIMIT ?[0m  [["name", "Amazon Clearing"], ["LIMIT", 1]]
  [1m[36mAccount Load (0.1ms)[0m  [1m[34mSELECT "accounts".* FROM "accounts" WHERE "accounts"."name" = ? LIMIT ?[0m  [["name", "Amazon Sales Revenue"], ["LIMIT", 1]]
  [1m[36mTRANSACTION (0.0ms)[0m  [1m[36mbegin transaction[0m
  [1m[36mTransaction Create (0.1ms)[0m  [1m[32mINSERT INTO "transactions" ("transacted_on", "description", "debit_account_id", "credit_account_id", "amount_cents", "created_at", "updated_at") VALUES (?, ?, ?, ?, ?, ?, ?)[0m  [["transacted_on", "2026-01-30"], ["description", "Adjustment - Inventory Reimbursement"], ["debit_account_id", 4], ["credit_account_id", 5], ["amount_cents", 1250], ["created_at", "2026-05-18 23:53:21.087331"], ["updated_at", "2026-05-18 23:53:21.087331"]]
  [1m[36mTRANSACTION (7.5ms)[0m  [1m[36mcommit transaction[0m
  [1m[36mTRANSACTION (0.0ms)[0m  [1m[36mbegin transaction[0m
  [1m[36mAmazonImportRow Update (0.1ms)[0m  [1m[33mUPDATE "amazon_import_rows" SET "transaction_id" = ?, "updated_at" = ? WHERE "amazon_import_rows"."id" = ?[0m  [["transaction_id", 17], ["updated_at", "2026-05-18 23:53:21.095958"], ["id", 31]]
  [1m[36mTRANSACTION (1.7ms)[0m  [1m[36mcommit transaction[0m
  [1m[36mAmazonImportRow Count (0.1ms)[0m  [1m[34mSELECT COUNT(*) FROM "amazon_import_rows" WHERE "amazon_import_rows"."amazon_import_batch_id" = ?[0m  [["amazon_import_batch_id", 3]]
  [1m[36mAmazonImportRow Exists? (0.1ms)[0m  [1m[34mSELECT 1 AS one FROM "amazon_import_rows" WHERE "amazon_import_rows"."amazon_import_batch_id" = ? AND "amazon_import_rows"."status" = ? LIMIT ?[0m  [["amazon_import_batch_id", 3], ["status", 0], ["LIMIT", 1]]
Redirected to http://nas:3002/amazon-imports/3
Completed 302 Found in 19ms (ActiveRecord: 12.1ms | Allocations: 3673)


Started GET "/amazon-imports/3" for 100.108.203.87 at 2026-05-18 17:53:21 -0600
Processing by AmazonImportBatchesController#show as HTML
  Parameters: {"id"=>"3"}
  [1m[36mAmazonImportBatch Load (0.1ms)[0m  [1m[34mSELECT "amazon_import_batches".* FROM "amazon_import_batches" WHERE "amazon_import_batches"."id" = ? LIMIT ?[0m  [["id", 3], ["LIMIT", 1]]
  Rendering layout layouts/application.html.erb
  Rendering amazon_import_batches/show.html.erb within layouts/application
  [1m[36mAmazonImportRow Load (0.2ms)[0m  [1m[34mSELECT "amazon_import_rows".* FROM "amazon_import_rows" WHERE "amazon_import_rows"."amazon_import_batch_id" = ? ORDER BY "amazon_import_rows"."source_row_number" ASC[0m  [["amazon_import_batch_id", 3]]
  Rendered amazon_import_batches/show.html.erb within layouts/application (Duration: 6.9ms | Allocations: 8274)
  Rendered layout layouts/application.html.erb (Duration: 7.2ms | Allocations: 8540)
Completed 200 OK in 8ms (Views: 7.3ms | ActiveRecord: 0.2ms | Allocations: 9081)


Started PATCH "/amazon-import-rows/35" for 100.108.203.87 at 2026-05-18 17:53:21 -0600
Processing by AmazonImportRowsController#update as HTML
  Parameters: {"authenticity_token"=>"CGVl5YrPkeeqOm8PQVAdjueESe3Ri37KiDfVF2eptJhvvkyZsJdT6LsY3AM6jR2nzjpM_DaC3bnbSy9R-5iFNA", "amazon_import_row"=>{"tax_category"=>"shipping"}, "commit"=>"Accept", "id"=>"35"}
  [1m[36mAmazonImportRow Load (0.1ms)[0m  [1m[34mSELECT "amazon_import_rows".* FROM "amazon_import_rows" WHERE "amazon_import_rows"."id" = ? LIMIT ?[0m  [["id", 35], ["LIMIT", 1]]
  [1m[36mTRANSACTION (0.1ms)[0m  [1m[36mbegin transaction[0m
  [1m[36mAmazonImportBatch Load (0.1ms)[0m  [1m[34mSELECT "amazon_import_batches".* FROM "amazon_import_batches" WHERE "amazon_import_batches"."id" = ? LIMIT ?[0m  [["id", 3], ["LIMIT", 1]]
  [1m[36mAmazonImportRow Update (0.2ms)[0m  [1m[33mUPDATE "amazon_import_rows" SET "status" = ?, "updated_at" = ? WHERE "amazon_import_rows"."id" = ?[0m  [["status", 1], ["updated_at", "2026-05-18 23:53:21.878994"], ["id", 35]]
  [1m[36mTRANSACTION (4.9ms)[0m  [1m[36mcommit transaction[0m
  [1m[36mTRANSACTION (0.0ms)[0m  [1m[36mbegin transaction[0m
  [1m[36mExpense Create (0.2ms)[0m  [1m[32mINSERT INTO "expenses" ("vendor", "category", "spent_on", "amount_cents", "created_at", "updated_at") VALUES (?, ?, ?, ?, ?, ?)[0m  [["vendor", "Amazon"], ["category", "Shipping"], ["spent_on", "2026-01-30"], ["amount_cents", 499], ["created_at", "2026-05-18 23:53:21.885589"], ["updated_at", "2026-05-18 23:53:21.885589"]]
  [1m[36mTRANSACTION (2.1ms)[0m  [1m[36mcommit transaction[0m
  [1m[36mTRANSACTION (0.0ms)[0m  [1m[36mbegin transaction[0m
  [1m[36mAmazonImportRow Update (0.2ms)[0m  [1m[33mUPDATE "amazon_import_rows" SET "expense_id" = ?, "updated_at" = ? WHERE "amazon_import_rows"."id" = ?[0m  [["expense_id", 27], ["updated_at", "2026-05-18 23:53:21.889276"], ["id", 35]]
  [1m[36mTRANSACTION (2.9ms)[0m  [1m[36mcommit transaction[0m
  [1m[36mAmazonImportRow Count (0.1ms)[0m  [1m[34mSELECT COUNT(*) FROM "amazon_import_rows" WHERE "amazon_import_rows"."amazon_import_batch_id" = ?[0m  [["amazon_import_batch_id", 3]]
  [1m[36mAmazonImportRow Exists? (0.1ms)[0m  [1m[34mSELECT 1 AS one FROM "amazon_import_rows" WHERE "amazon_import_rows"."amazon_import_batch_id" = ? AND "amazon_import_rows"."status" = ? LIMIT ?[0m  [["amazon_import_batch_id", 3], ["status", 0], ["LIMIT", 1]]
Redirected to http://nas:3002/amazon-imports/3
Completed 302 Found in 20ms (ActiveRecord: 11.0ms | Allocations: 3275)


Started GET "/amazon-imports/3" for 100.108.203.87 at 2026-05-18 17:53:21 -0600
Processing by AmazonImportBatchesController#show as HTML
  Parameters: {"id"=>"3"}
  [1m[36mAmazonImportBatch Load (0.1ms)[0m  [1m[34mSELECT "amazon_import_batches".* FROM "amazon_import_batches" WHERE "amazon_import_batches"."id" = ? LIMIT ?[0m  [["id", 3], ["LIMIT", 1]]
  Rendering layout layouts/application.html.erb
  Rendering amazon_import_batches/show.html.erb within layouts/application
  [1m[36mAmazonImportRow Load (0.3ms)[0m  [1m[34mSELECT "amazon_import_rows".* FROM "amazon_import_rows" WHERE "amazon_import_rows"."amazon_import_batch_id" = ? ORDER BY "amazon_import_rows"."source_row_number" ASC[0m  [["amazon_import_batch_id", 3]]
  Rendered amazon_import_batches/show.html.erb within layouts/application (Duration: 12.5ms | Allocations: 7616)
  Rendered layout layouts/application.html.erb (Duration: 13.1ms | Allocations: 7882)
Completed 200 OK in 14ms (Views: 13.2ms | ActiveRecord: 0.4ms | Allocations: 8423)


Started PATCH "/amazon-import-rows/32" for 100.108.203.87 at 2026-05-18 17:53:23 -0600
Processing by AmazonImportRowsController#update as HTML
  Parameters: {"authenticity_token"=>"00G12x4m7irPPVpGbRlHLdJfIdShVa82bUAoeoCPSxlF5ImVGfekPYEosBtojf7et_LJPLLCfZA5vYtx4FD8EA", "amazon_import_row"=>{"tax_category"=>"reserves_adjustments"}, "commit"=>"Accept", "id"=>"32"}
  [1m[36mAmazonImportRow Load (0.1ms)[0m  [1m[34mSELECT "amazon_import_rows".* FROM "amazon_import_rows" WHERE "amazon_import_rows"."id" = ? LIMIT ?[0m  [["id", 32], ["LIMIT", 1]]
  [1m[36mTRANSACTION (0.0ms)[0m  [1m[36mbegin transaction[0m
  [1m[36mAmazonImportBatch Load (0.1ms)[0m  [1m[34mSELECT "amazon_import_batches".* FROM "amazon_import_batches" WHERE "amazon_import_batches"."id" = ? LIMIT ?[0m  [["id", 3], ["LIMIT", 1]]
  [1m[36mAmazonImportRow Update (0.1ms)[0m  [1m[33mUPDATE "amazon_import_rows" SET "status" = ?, "updated_at" = ? WHERE "amazon_import_rows"."id" = ?[0m  [["status", 1], ["updated_at", "2026-05-18 23:53:23.643831"], ["id", 32]]
  [1m[36mTRANSACTION (4.9ms)[0m  [1m[36mcommit transaction[0m
  [1m[36mTRANSACTION (0.0ms)[0m  [1m[36mbegin transaction[0m
  [1m[36mExpense Create (0.1ms)[0m  [1m[32mINSERT INTO "expenses" ("vendor", "category", "spent_on", "amount_cents", "created_at", "updated_at") VALUES (?, ?, ?, ?, ?, ?)[0m  [["vendor", "Amazon"], ["category", "Reserves and adjustments"], ["spent_on", "2026-01-30"], ["amount_cents", 4000], ["created_at", "2026-05-18 23:53:23.649656"], ["updated_at", "2026-05-18 23:53:23.649656"]]
  [1m[36mTRANSACTION (1.7ms)[0m  [1m[36mcommit transaction[0m
  [1m[36mTRANSACTION (0.0ms)[0m  [1m[36mbegin transaction[0m
  [1m[36mAmazonImportRow Update (0.1ms)[0m  [1m[33mUPDATE "amazon_import_rows" SET "expense_id" = ?, "updated_at" = ? WHERE "amazon_import_rows"."id" = ?[0m  [["expense_id", 28], ["updated_at", "2026-05-18 23:53:23.652518"], ["id", 32]]
  [1m[36mTRANSACTION (1.7ms)[0m  [1m[36mcommit transaction[0m
  [1m[36mAmazonImportRow Count (0.1ms)[0m  [1m[34mSELECT COUNT(*) FROM "amazon_import_rows" WHERE "amazon_import_rows"."amazon_import_batch_id" = ?[0m  [["amazon_import_batch_id", 3]]
  [1m[36mAmazonImportRow Exists? (0.1ms)[0m  [1m[34mSELECT 1 AS one FROM "amazon_import_rows" WHERE "amazon_import_rows"."amazon_import_batch_id" = ? AND "amazon_import_rows"."status" = ? LIMIT ?[0m  [["amazon_import_batch_id", 3], ["status", 0], ["LIMIT", 1]]
Redirected to http://nas:3002/amazon-imports/3
Completed 302 Found in 14ms (ActiveRecord: 8.9ms | Allocations: 3255)


Started GET "/amazon-imports/3" for 100.108.203.87 at 2026-05-18 17:53:23 -0600
Processing by AmazonImportBatchesController#show as HTML
  Parameters: {"id"=>"3"}
  [1m[36mAmazonImportBatch Load (0.1ms)[0m  [1m[34mSELECT "amazon_import_batches".* FROM "amazon_import_batches" WHERE "amazon_import_batches"."id" = ? LIMIT ?[0m  [["id", 3], ["LIMIT", 1]]
  Rendering layout layouts/application.html.erb
  Rendering amazon_import_batches/show.html.erb within layouts/application
  [1m[36mAmazonImportRow Load (0.2ms)[0m  [1m[34mSELECT "amazon_import_rows".* FROM "amazon_import_rows" WHERE "amazon_import_rows"."amazon_import_batch_id" = ? ORDER BY "amazon_import_rows"."source_row_number" ASC[0m  [["amazon_import_batch_id", 3]]
  Rendered amazon_import_batches/show.html.erb within layouts/application (Duration: 6.0ms | Allocations: 6946)
  Rendered layout layouts/application.html.erb (Duration: 6.3ms | Allocations: 7212)
Completed 200 OK in 7ms (Views: 6.4ms | ActiveRecord: 0.2ms | Allocations: 7753)


Started PATCH "/amazon-import-rows/33" for 100.108.203.87 at 2026-05-18 17:53:24 -0600
Processing by AmazonImportRowsController#update as HTML
  Parameters: {"authenticity_token"=>"Ynp41fKWTgIrHrcctCLkiJBiSuzDGAgrfWGNn6mL_WcHXryRdkCad84ui_jF89XipcAVs7g9Pnv2hS416-VTLQ", "amazon_import_row"=>{"tax_category"=>"reserves_adjustments"}, "commit"=>"Accept", "id"=>"33"}
  [1m[36mAmazonImportRow Load (0.1ms)[0m  [1m[34mSELECT "amazon_import_rows".* FROM "amazon_import_rows" WHERE "amazon_import_rows"."id" = ? LIMIT ?[0m  [["id", 33], ["LIMIT", 1]]
  [1m[36mTRANSACTION (0.1ms)[0m  [1m[36mbegin transaction[0m
  [1m[36mAmazonImportBatch Load (0.1ms)[0m  [1m[34mSELECT "amazon_import_batches".* FROM "amazon_import_batches" WHERE "amazon_import_batches"."id" = ? LIMIT ?[0m  [["id", 3], ["LIMIT", 1]]
  [1m[36mAmazonImportRow Update (0.1ms)[0m  [1m[33mUPDATE "amazon_import_rows" SET "status" = ?, "updated_at" = ? WHERE "amazon_import_rows"."id" = ?[0m  [["status", 1], ["updated_at", "2026-05-18 23:53:24.919106"], ["id", 33]]
  [1m[36mTRANSACTION (5.9ms)[0m  [1m[36mcommit transaction[0m
  [1m[36mTRANSACTION (0.0ms)[0m  [1m[36mbegin transaction[0m
  [1m[36mExpense Create (0.1ms)[0m  [1m[32mINSERT INTO "expenses" ("vendor", "category", "spent_on", "amount_cents", "created_at", "updated_at") VALUES (?, ?, ?, ?, ?, ?)[0m  [["vendor", "Amazon"], ["category", "Reserves and adjustments"], ["spent_on", "2026-01-30"], ["amount_cents", 7500], ["created_at", "2026-05-18 23:53:24.926555"], ["updated_at", "2026-05-18 23:53:24.926555"]]
  [1m[36mTRANSACTION (1.6ms)[0m  [1m[36mcommit transaction[0m
  [1m[36mTRANSACTION (0.0ms)[0m  [1m[36mbegin transaction[0m
  [1m[36mAmazonImportRow Update (0.1ms)[0m  [1m[33mUPDATE "amazon_import_rows" SET "expense_id" = ?, "updated_at" = ? WHERE "amazon_import_rows"."id" = ?[0m  [["expense_id", 29], ["updated_at", "2026-05-18 23:53:24.929321"], ["id", 33]]
  [1m[36mTRANSACTION (1.7ms)[0m  [1m[36mcommit transaction[0m
  [1m[36mAmazonImportRow Count (0.1ms)[0m  [1m[34mSELECT COUNT(*) FROM "amazon_import_rows" WHERE "amazon_import_rows"."amazon_import_batch_id" = ?[0m  [["amazon_import_batch_id", 3]]
  [1m[36mAmazonImportRow Exists? (0.1ms)[0m  [1m[34mSELECT 1 AS one FROM "amazon_import_rows" WHERE "amazon_import_rows"."amazon_import_batch_id" = ? AND "amazon_import_rows"."status" = ? LIMIT ?[0m  [["amazon_import_batch_id", 3], ["status", 0], ["LIMIT", 1]]
Redirected to http://nas:3002/amazon-imports/3
Completed 302 Found in 17ms (ActiveRecord: 10.0ms | Allocations: 3240)


Started GET "/amazon-imports/3" for 100.108.203.87 at 2026-05-18 17:53:24 -0600
Processing by AmazonImportBatchesController#show as HTML
  Parameters: {"id"=>"3"}
  [1m[36mAmazonImportBatch Load (0.1ms)[0m  [1m[34mSELECT "amazon_import_batches".* FROM "amazon_import_batches" WHERE "amazon_import_batches"."id" = ? LIMIT ?[0m  [["id", 3], ["LIMIT", 1]]
  Rendering layout layouts/application.html.erb
  Rendering amazon_import_batches/show.html.erb within layouts/application
  [1m[36mAmazonImportRow Load (0.3ms)[0m  [1m[34mSELECT "amazon_import_rows".* FROM "amazon_import_rows" WHERE "amazon_import_rows"."amazon_import_batch_id" = ? ORDER BY "amazon_import_rows"."source_row_number" ASC[0m  [["amazon_import_batch_id", 3]]
  Rendered amazon_import_batches/show.html.erb within layouts/application (Duration: 6.9ms | Allocations: 6244)
  Rendered layout layouts/application.html.erb (Duration: 7.4ms | Allocations: 6510)
Completed 200 OK in 9ms (Views: 7.5ms | ActiveRecord: 0.4ms | Allocations: 7051)


Started PATCH "/amazon-import-rows/34" for 100.108.203.87 at 2026-05-18 17:53:26 -0600
Processing by AmazonImportRowsController#update as HTML
  Parameters: {"authenticity_token"=>"kYU6RsbxPASnIfi_MGB_U2GkWa_VkwwkEwU2zyE3yjYnIzdz457AlVEpMm8aXm90qFoKBAxcqAxve4fmZrGWGQ", "amazon_import_row"=>{"tax_category"=>"reserves_adjustments"}, "commit"=>"Accept", "id"=>"34"}
  [1m[36mAmazonImportRow Load (0.1ms)[0m  [1m[34mSELECT "amazon_import_rows".* FROM "amazon_import_rows" WHERE "amazon_import_rows"."id" = ? LIMIT ?[0m  [["id", 34], ["LIMIT", 1]]
  [1m[36mTRANSACTION (0.0ms)[0m  [1m[36mbegin transaction[0m
  [1m[36mAmazonImportBatch Load (0.1ms)[0m  [1m[34mSELECT "amazon_import_batches".* FROM "amazon_import_batches" WHERE "amazon_import_batches"."id" = ? LIMIT ?[0m  [["id", 3], ["LIMIT", 1]]
  [1m[36mAmazonImportRow Update (0.1ms)[0m  [1m[33mUPDATE "amazon_import_rows" SET "status" = ?, "updated_at" = ? WHERE "amazon_import_rows"."id" = ?[0m  [["status", 1], ["updated_at", "2026-05-18 23:53:26.348893"], ["id", 34]]
  [1m[36mTRANSACTION (4.9ms)[0m  [1m[36mcommit transaction[0m
  [1m[36mAmazonImportRow Count (0.1ms)[0m  [1m[34mSELECT COUNT(*) FROM "amazon_import_rows" WHERE "amazon_import_rows"."amazon_import_batch_id" = ?[0m  [["amazon_import_batch_id", 3]]
  [1m[36mAmazonImportRow Exists? (0.1ms)[0m  [1m[34mSELECT 1 AS one FROM "amazon_import_rows" WHERE "amazon_import_rows"."amazon_import_batch_id" = ? AND "amazon_import_rows"."status" = ? LIMIT ?[0m  [["amazon_import_batch_id", 3], ["status", 0], ["LIMIT", 1]]
  [1m[36mTRANSACTION (0.0ms)[0m  [1m[36mbegin transaction[0m
  [1m[36mAmazonImportBatch Update (0.1ms)[0m  [1m[33mUPDATE "amazon_import_batches" SET "status" = ?, "updated_at" = ? WHERE "amazon_import_batches"."id" = ?[0m  [["status", 1], ["updated_at", "2026-05-18 23:53:26.356281"], ["id", 3]]
  [1m[36mTRANSACTION (1.5ms)[0m  [1m[36mcommit transaction[0m
Redirected to http://nas:3002/amazon-imports/3
Completed 302 Found in 12ms (ActiveRecord: 7.1ms | Allocations: 2499)


Started GET "/amazon-imports/3" for 100.108.203.87 at 2026-05-18 17:53:26 -0600
Processing by AmazonImportBatchesController#show as HTML
  Parameters: {"id"=>"3"}
  [1m[36mAmazonImportBatch Load (0.1ms)[0m  [1m[34mSELECT "amazon_import_batches".* FROM "amazon_import_batches" WHERE "amazon_import_batches"."id" = ? LIMIT ?[0m  [["id", 3], ["LIMIT", 1]]
  Rendering layout layouts/application.html.erb
  Rendering amazon_import_batches/show.html.erb within layouts/application
  [1m[36mAmazonImportRow Load (0.2ms)[0m  [1m[34mSELECT "amazon_import_rows".* FROM "amazon_import_rows" WHERE "amazon_import_rows"."amazon_import_batch_id" = ? ORDER BY "amazon_import_rows"."source_row_number" ASC[0m  [["amazon_import_batch_id", 3]]
  Rendered amazon_import_batches/show.html.erb within layouts/application (Duration: 8.1ms | Allocations: 5382)
  Rendered layout layouts/application.html.erb (Duration: 9.0ms | Allocations: 5840)
Completed 200 OK in 11ms (Views: 9.2ms | ActiveRecord: 0.3ms | Allocations: 6379)


Started GET "/" for 100.108.203.87 at 2026-05-18 17:53:29 -0600
Processing by DashboardController#index as HTML
  [1m[36mAccount Sum (0.1ms)[0m  [1m[34mSELECT SUM("accounts"."balance_cents") FROM "accounts" WHERE "accounts"."kind" = ?[0m  [["kind", 0]]
  [1m[36mTransaction Sum (0.1ms)[0m  [1m[34mSELECT SUM("transactions"."amount_cents") FROM "transactions" INNER JOIN "accounts" ON "accounts"."id" = "transactions"."credit_account_id" WHERE "transactions"."transacted_on" BETWEEN ? AND ? AND "accounts"."kind" = ?[0m  [["transacted_on", "2026-05-01"], ["transacted_on", "2026-05-31"], ["kind", 3]]
  [1m[36mTransaction Sum (0.1ms)[0m  [1m[34mSELECT SUM("transactions"."amount_cents") FROM "transactions" INNER JOIN "accounts" ON "accounts"."id" = "transactions"."debit_account_id" WHERE "transactions"."transacted_on" BETWEEN ? AND ? AND "accounts"."kind" = ?[0m  [["transacted_on", "2026-05-01"], ["transacted_on", "2026-05-31"], ["kind", 4]]
  [1m[36mInvoice Sum (0.1ms)[0m  [1m[34mSELECT SUM("invoices"."total_cents") FROM "invoices" WHERE "invoices"."status" IN (?, ?)[0m  [["status", 1], ["status", 3]]
  [1m[36mExpense Sum (0.1ms)[0m  [1m[34mSELECT SUM("expenses"."amount_cents") AS "sum_amount_cents", "expenses"."category" AS "expenses_category" FROM "expenses" WHERE "expenses"."spent_on" BETWEEN ? AND ? GROUP BY "expenses"."category"[0m  [["spent_on", "2026-05-01"], ["spent_on", "2026-05-31"]]
  [1m[36mAmazonImportRow Load (0.3ms)[0m  [1m[34mSELECT "amazon_import_rows".* FROM "amazon_import_rows" WHERE "amazon_import_rows"."status" = ? AND "amazon_import_rows"."posted_on" BETWEEN ? AND ?[0m  [["status", 1], ["posted_on", "2026-01-01"], ["posted_on", "2026-12-31"]]
  [1m[36mAmazonImportRow Count (0.1ms)[0m  [1m[34mSELECT COUNT(*) FROM "amazon_import_rows" WHERE "amazon_import_rows"."status" = ? AND "amazon_import_rows"."tax_category" = ?[0m  [["status", 0], ["tax_category", "uncategorized"]]
  [1m[36mAmazonImportRow Count (0.1ms)[0m  [1m[34mSELECT COUNT(*) FROM "amazon_import_rows" WHERE "amazon_import_rows"."status" = ?[0m  [["status", 0]]
  Rendering layout layouts/application.html.erb
  Rendering dashboard/index.html.erb within layouts/application
  [1m[36mTransaction Load (0.1ms)[0m  [1m[34mSELECT "transactions".* FROM "transactions" ORDER BY "transactions"."transacted_on" DESC LIMIT ?[0m  [["LIMIT", 8]]
  [1m[36mAccount Load (0.1ms)[0m  [1m[34mSELECT "accounts".* FROM "accounts" WHERE "accounts"."id" = ?[0m  [["id", 1]]
  [1m[36mAccount Load (0.0ms)[0m  [1m[34mSELECT "accounts".* FROM "accounts" WHERE "accounts"."id" = ?[0m  [["id", 2]]
  Rendered dashboard/index.html.erb within layouts/application (Duration: 3.1ms | Allocations: 2747)
  Rendered layout layouts/application.html.erb (Duration: 3.7ms | Allocations: 3173)
Completed 200 OK in 10ms (Views: 3.7ms | ActiveRecord: 1.1ms | Allocations: 7299)


Started GET "/tax-packet" for 100.108.203.87 at 2026-05-18 17:53:32 -0600
Processing by TaxPacketsController#show as HTML
  [1m[36mAmazonImportRow Load (0.4ms)[0m  [1m[34mSELECT "amazon_import_rows".* FROM "amazon_import_rows" WHERE "amazon_import_rows"."status" = ? AND "amazon_import_rows"."posted_on" BETWEEN ? AND ?[0m  [["status", 1], ["posted_on", "2026-01-01"], ["posted_on", "2026-12-31"]]
  [1m[36mAmazonImportRow Count (0.1ms)[0m  [1m[34mSELECT COUNT(*) FROM "amazon_import_rows" WHERE "amazon_import_rows"."status" = ? AND "amazon_import_rows"."tax_category" = ?[0m  [["status", 0], ["tax_category", "uncategorized"]]
  Rendering layout layouts/application.html.erb
  Rendering tax_packets/show.html.erb within layouts/application
  [1m[36mAmazonImportRow Load (0.4ms)[0m  [1m[34mSELECT "amazon_import_rows".* FROM "amazon_import_rows" WHERE "amazon_import_rows"."status" = ? AND "amazon_import_rows"."posted_on" BETWEEN ? AND ? ORDER BY "amazon_import_rows"."posted_on" ASC, "amazon_import_rows"."source_row_number" ASC[0m  [["status", 1], ["posted_on", "2026-01-01"], ["posted_on", "2026-12-31"]]
  Rendered tax_packets/show.html.erb within layouts/application (Duration: 8.3ms | Allocations: 6503)
  Rendered layout layouts/application.html.erb (Duration: 9.1ms | Allocations: 7041)
Completed 200 OK in 13ms (Views: 9.6ms | ActiveRecord: 0.9ms | Allocations: 9617)


Started GET "/tax-packet?year=2024&commit=Update" for 100.108.203.87 at 2026-05-18 17:53:41 -0600
Processing by TaxPacketsController#show as HTML
  Parameters: {"year"=>"2024", "commit"=>"Update"}
  [1m[36mAmazonImportRow Load (0.1ms)[0m  [1m[34mSELECT "amazon_import_rows".* FROM "amazon_import_rows" WHERE "amazon_import_rows"."status" = ? AND "amazon_import_rows"."posted_on" BETWEEN ? AND ?[0m  [["status", 1], ["posted_on", "2024-01-01"], ["posted_on", "2024-12-31"]]
  [1m[36mAmazonImportRow Count (0.1ms)[0m  [1m[34mSELECT COUNT(*) FROM "amazon_import_rows" WHERE "amazon_import_rows"."status" = ? AND "amazon_import_rows"."tax_category" = ?[0m  [["status", 0], ["tax_category", "uncategorized"]]
  Rendering layout layouts/application.html.erb
  Rendering tax_packets/show.html.erb within layouts/application
  [1m[36mAmazonImportRow Load (0.1ms)[0m  [1m[34mSELECT "amazon_import_rows".* FROM "amazon_import_rows" WHERE "amazon_import_rows"."status" = ? AND "amazon_import_rows"."posted_on" BETWEEN ? AND ? ORDER BY "amazon_import_rows"."posted_on" ASC, "amazon_import_rows"."source_row_number" ASC[0m  [["status", 1], ["posted_on", "2024-01-01"], ["posted_on", "2024-12-31"]]
  Rendered tax_packets/show.html.erb within layouts/application (Duration: 1.4ms | Allocations: 1359)
  Rendered layout layouts/application.html.erb (Duration: 1.9ms | Allocations: 1782)
Completed 200 OK in 4ms (Views: 2.2ms | ActiveRecord: 0.2ms | Allocations: 3014)


Started GET "/tax-packet?year=2027&commit=Update" for 100.108.203.87 at 2026-05-18 17:53:46 -0600
Processing by TaxPacketsController#show as HTML
  Parameters: {"year"=>"2027", "commit"=>"Update"}
  [1m[36mAmazonImportRow Load (0.1ms)[0m  [1m[34mSELECT "amazon_import_rows".* FROM "amazon_import_rows" WHERE "amazon_import_rows"."status" = ? AND "amazon_import_rows"."posted_on" BETWEEN ? AND ?[0m  [["status", 1], ["posted_on", "2027-01-01"], ["posted_on", "2027-12-31"]]
  [1m[36mAmazonImportRow Count (0.1ms)[0m  [1m[34mSELECT COUNT(*) FROM "amazon_import_rows" WHERE "amazon_import_rows"."status" = ? AND "amazon_import_rows"."tax_category" = ?[0m  [["status", 0], ["tax_category", "uncategorized"]]
  Rendering layout layouts/application.html.erb
  Rendering tax_packets/show.html.erb within layouts/application
  [1m[36mAmazonImportRow Load (0.1ms)[0m  [1m[34mSELECT "amazon_import_rows".* FROM "amazon_import_rows" WHERE "amazon_import_rows"."status" = ? AND "amazon_import_rows"."posted_on" BETWEEN ? AND ? ORDER BY "amazon_import_rows"."posted_on" ASC, "amazon_import_rows"."source_row_number" ASC[0m  [["status", 1], ["posted_on", "2027-01-01"], ["posted_on", "2027-12-31"]]
  Rendered tax_packets/show.html.erb within layouts/application (Duration: 2.0ms | Allocations: 1351)
  Rendered layout layouts/application.html.erb (Duration: 2.6ms | Allocations: 1777)
Completed 200 OK in 5ms (Views: 3.1ms | ActiveRecord: 0.3ms | Allocations: 2896)


Started GET "/tax-packet?year=2026&commit=Update" for 100.108.203.87 at 2026-05-18 17:53:47 -0600
Processing by TaxPacketsController#show as HTML
  Parameters: {"year"=>"2026", "commit"=>"Update"}
  [1m[36mAmazonImportRow Load (0.4ms)[0m  [1m[34mSELECT "amazon_import_rows".* FROM "amazon_import_rows" WHERE "amazon_import_rows"."status" = ? AND "amazon_import_rows"."posted_on" BETWEEN ? AND ?[0m  [["status", 1], ["posted_on", "2026-01-01"], ["posted_on", "2026-12-31"]]
  [1m[36mAmazonImportRow Count (5.3ms)[0m  [1m[34mSELECT COUNT(*) FROM "amazon_import_rows" WHERE "amazon_import_rows"."status" = ? AND "amazon_import_rows"."tax_category" = ?[0m  [["status", 0], ["tax_category", "uncategorized"]]
  Rendering layout layouts/application.html.erb
  Rendering tax_packets/show.html.erb within layouts/application
  [1m[36mAmazonImportRow Load (0.3ms)[0m  [1m[34mSELECT "amazon_import_rows".* FROM "amazon_import_rows" WHERE "amazon_import_rows"."status" = ? AND "amazon_import_rows"."posted_on" BETWEEN ? AND ? ORDER BY "amazon_import_rows"."posted_on" ASC, "amazon_import_rows"."source_row_number" ASC[0m  [["status", 1], ["posted_on", "2026-01-01"], ["posted_on", "2026-12-31"]]
  Rendered tax_packets/show.html.erb within layouts/application (Duration: 7.6ms | Allocations: 5341)
  Rendered layout layouts/application.html.erb (Duration: 8.3ms | Allocations: 5775)
Completed 200 OK in 17ms (Views: 8.3ms | ActiveRecord: 6.1ms | Allocations: 7513)


Started GET "/tax-packet" for 100.108.203.87 at 2026-05-18 17:53:51 -0600
Processing by TaxPacketsController#show as HTML
  [1m[36mAmazonImportRow Load (0.2ms)[0m  [1m[34mSELECT "amazon_import_rows".* FROM "amazon_import_rows" WHERE "amazon_import_rows"."status" = ? AND "amazon_import_rows"."posted_on" BETWEEN ? AND ?[0m  [["status", 1], ["posted_on", "2026-01-01"], ["posted_on", "2026-12-31"]]
  [1m[36mAmazonImportRow Count (0.1ms)[0m  [1m[34mSELECT COUNT(*) FROM "amazon_import_rows" WHERE "amazon_import_rows"."status" = ? AND "amazon_import_rows"."tax_category" = ?[0m  [["status", 0], ["tax_category", "uncategorized"]]
  Rendering layout layouts/application.html.erb
  Rendering tax_packets/show.html.erb within layouts/application
  [1m[36mAmazonImportRow Load (0.3ms)[0m  [1m[34mSELECT "amazon_import_rows".* FROM "amazon_import_rows" WHERE "amazon_import_rows"."status" = ? AND "amazon_import_rows"."posted_on" BETWEEN ? AND ? ORDER BY "amazon_import_rows"."posted_on" ASC, "amazon_import_rows"."source_row_number" ASC[0m  [["status", 1], ["posted_on", "2026-01-01"], ["posted_on", "2026-12-31"]]
  Rendered tax_packets/show.html.erb within layouts/application (Duration: 4.7ms | Allocations: 5339)
  Rendered layout layouts/application.html.erb (Duration: 5.3ms | Allocations: 5771)
Completed 200 OK in 8ms (Views: 5.5ms | ActiveRecord: 0.6ms | Allocations: 7506)


Started GET "/amazon-imports" for 100.108.203.87 at 2026-05-18 17:53:52 -0600
Processing by AmazonImportBatchesController#index as HTML
  Rendering layout layouts/application.html.erb
  Rendering amazon_import_batches/index.html.erb within layouts/application
  [1m[36mAmazonImportBatch Load (0.1ms)[0m  [1m[34mSELECT "amazon_import_batches".* FROM "amazon_import_batches" ORDER BY "amazon_import_batches"."imported_at" DESC[0m
  Rendered amazon_import_batches/index.html.erb within layouts/application (Duration: 13.8ms | Allocations: 824)
  Rendered layout layouts/application.html.erb (Duration: 14.4ms | Allocations: 1262)
Completed 200 OK in 15ms (Views: 14.7ms | ActiveRecord: 0.1ms | Allocations: 1683)


Started GET "/amazon-imports/3" for 100.108.203.87 at 2026-05-18 17:53:54 -0600
Processing by AmazonImportBatchesController#show as HTML
  Parameters: {"id"=>"3"}
  [1m[36mAmazonImportBatch Load (0.1ms)[0m  [1m[34mSELECT "amazon_import_batches".* FROM "amazon_import_batches" WHERE "amazon_import_batches"."id" = ? LIMIT ?[0m  [["id", 3], ["LIMIT", 1]]
  Rendering layout layouts/application.html.erb
  Rendering amazon_import_batches/show.html.erb within layouts/application
  [1m[36mAmazonImportRow Load (0.2ms)[0m  [1m[34mSELECT "amazon_import_rows".* FROM "amazon_import_rows" WHERE "amazon_import_rows"."amazon_import_batch_id" = ? ORDER BY "amazon_import_rows"."source_row_number" ASC[0m  [["amazon_import_batch_id", 3]]
  Rendered amazon_import_batches/show.html.erb within layouts/application (Duration: 4.9ms | Allocations: 5385)
  Rendered layout layouts/application.html.erb (Duration: 5.5ms | Allocations: 5811)
Completed 200 OK in 7ms (Views: 5.6ms | ActiveRecord: 0.2ms | Allocations: 6383)


Started GET "/" for 100.108.203.87 at 2026-05-18 17:53:56 -0600
Processing by DashboardController#index as HTML
  [1m[36mAccount Sum (0.1ms)[0m  [1m[34mSELECT SUM("accounts"."balance_cents") FROM "accounts" WHERE "accounts"."kind" = ?[0m  [["kind", 0]]
  [1m[36mTransaction Sum (0.0ms)[0m  [1m[34mSELECT SUM("transactions"."amount_cents") FROM "transactions" INNER JOIN "accounts" ON "accounts"."id" = "transactions"."credit_account_id" WHERE "transactions"."transacted_on" BETWEEN ? AND ? AND "accounts"."kind" = ?[0m  [["transacted_on", "2026-05-01"], ["transacted_on", "2026-05-31"], ["kind", 3]]
  [1m[36mTransaction Sum (0.0ms)[0m  [1m[34mSELECT SUM("transactions"."amount_cents") FROM "transactions" INNER JOIN "accounts" ON "accounts"."id" = "transactions"."debit_account_id" WHERE "transactions"."transacted_on" BETWEEN ? AND ? AND "accounts"."kind" = ?[0m  [["transacted_on", "2026-05-01"], ["transacted_on", "2026-05-31"], ["kind", 4]]
  [1m[36mInvoice Sum (0.1ms)[0m  [1m[34mSELECT SUM("invoices"."total_cents") FROM "invoices" WHERE "invoices"."status" IN (?, ?)[0m  [["status", 1], ["status", 3]]
  [1m[36mExpense Sum (0.1ms)[0m  [1m[34mSELECT SUM("expenses"."amount_cents") AS "sum_amount_cents", "expenses"."category" AS "expenses_category" FROM "expenses" WHERE "expenses"."spent_on" BETWEEN ? AND ? GROUP BY "expenses"."category"[0m  [["spent_on", "2026-05-01"], ["spent_on", "2026-05-31"]]
  [1m[36mAmazonImportRow Load (0.2ms)[0m  [1m[34mSELECT "amazon_import_rows".* FROM "amazon_import_rows" WHERE "amazon_import_rows"."status" = ? AND "amazon_import_rows"."posted_on" BETWEEN ? AND ?[0m  [["status", 1], ["posted_on", "2026-01-01"], ["posted_on", "2026-12-31"]]
  [1m[36mAmazonImportRow Count (0.1ms)[0m  [1m[34mSELECT COUNT(*) FROM "amazon_import_rows" WHERE "amazon_import_rows"."status" = ? AND "amazon_import_rows"."tax_category" = ?[0m  [["status", 0], ["tax_category", "uncategorized"]]
  [1m[36mAmazonImportRow Count (0.1ms)[0m  [1m[34mSELECT COUNT(*) FROM "amazon_import_rows" WHERE "amazon_import_rows"."status" = ?[0m  [["status", 0]]
  Rendering layout layouts/application.html.erb
  Rendering dashboard/index.html.erb within layouts/application
  [1m[36mTransaction Load (0.1ms)[0m  [1m[34mSELECT "transactions".* FROM "transactions" ORDER BY "transactions"."transacted_on" DESC LIMIT ?[0m  [["LIMIT", 8]]
  [1m[36mAccount Load (0.0ms)[0m  [1m[34mSELECT "accounts".* FROM "accounts" WHERE "accounts"."id" = ?[0m  [["id", 1]]
  [1m[36mAccount Load (0.0ms)[0m  [1m[34mSELECT "accounts".* FROM "accounts" WHERE "accounts"."id" = ?[0m  [["id", 2]]
  Rendered dashboard/index.html.erb within layouts/application (Duration: 2.8ms | Allocations: 2686)
  Rendered layout layouts/application.html.erb (Duration: 3.4ms | Allocations: 3110)
Completed 200 OK in 8ms (Views: 3.5ms | ActiveRecord: 0.8ms | Allocations: 7117)


Started GET "/amazon-imports" for 100.108.203.87 at 2026-05-18 17:53:57 -0600
Processing by AmazonImportBatchesController#index as HTML
  Rendering layout layouts/application.html.erb
  Rendering amazon_import_batches/index.html.erb within layouts/application
  [1m[36mAmazonImportBatch Load (0.1ms)[0m  [1m[34mSELECT "amazon_import_batches".* FROM "amazon_import_batches" ORDER BY "amazon_import_batches"."imported_at" DESC[0m
  Rendered amazon_import_batches/index.html.erb within layouts/application (Duration: 0.8ms | Allocations: 277)
  Rendered layout layouts/application.html.erb (Duration: 1.4ms | Allocations: 703)
Completed 200 OK in 2ms (Views: 1.7ms | ActiveRecord: 0.1ms | Allocations: 1021)


Started GET "/" for 100.108.203.87 at 2026-05-18 17:53:57 -0600
Processing by DashboardController#index as HTML
  [1m[36mAccount Sum (0.1ms)[0m  [1m[34mSELECT SUM("accounts"."balance_cents") FROM "accounts" WHERE "accounts"."kind" = ?[0m  [["kind", 0]]
  [1m[36mTransaction Sum (0.0ms)[0m  [1m[34mSELECT SUM("transactions"."amount_cents") FROM "transactions" INNER JOIN "accounts" ON "accounts"."id" = "transactions"."credit_account_id" WHERE "transactions"."transacted_on" BETWEEN ? AND ? AND "accounts"."kind" = ?[0m  [["transacted_on", "2026-05-01"], ["transacted_on", "2026-05-31"], ["kind", 3]]
  [1m[36mTransaction Sum (0.0ms)[0m  [1m[34mSELECT SUM("transactions"."amount_cents") FROM "transactions" INNER JOIN "accounts" ON "accounts"."id" = "transactions"."debit_account_id" WHERE "transactions"."transacted_on" BETWEEN ? AND ? AND "accounts"."kind" = ?[0m  [["transacted_on", "2026-05-01"], ["transacted_on", "2026-05-31"], ["kind", 4]]
  [1m[36mInvoice Sum (0.1ms)[0m  [1m[34mSELECT SUM("invoices"."total_cents") FROM "invoices" WHERE "invoices"."status" IN (?, ?)[0m  [["status", 1], ["status", 3]]
  [1m[36mExpense Sum (0.2ms)[0m  [1m[34mSELECT SUM("expenses"."amount_cents") AS "sum_amount_cents", "expenses"."category" AS "expenses_category" FROM "expenses" WHERE "expenses"."spent_on" BETWEEN ? AND ? GROUP BY "expenses"."category"[0m  [["spent_on", "2026-05-01"], ["spent_on", "2026-05-31"]]
  [1m[36mAmazonImportRow Load (0.2ms)[0m  [1m[34mSELECT "amazon_import_rows".* FROM "amazon_import_rows" WHERE "amazon_import_rows"."status" = ? AND "amazon_import_rows"."posted_on" BETWEEN ? AND ?[0m  [["status", 1], ["posted_on", "2026-01-01"], ["posted_on", "2026-12-31"]]
  [1m[36mAmazonImportRow Count (0.1ms)[0m  [1m[34mSELECT COUNT(*) FROM "amazon_import_rows" WHERE "amazon_import_rows"."status" = ? AND "amazon_import_rows"."tax_category" = ?[0m  [["status", 0], ["tax_category", "uncategorized"]]
  [1m[36mAmazonImportRow Count (0.1ms)[0m  [1m[34mSELECT COUNT(*) FROM "amazon_import_rows" WHERE "amazon_import_rows"."status" = ?[0m  [["status", 0]]
  Rendering layout layouts/application.html.erb
  Rendering dashboard/index.html.erb within layouts/application
  [1m[36mTransaction Load (0.1ms)[0m  [1m[34mSELECT "transactions".* FROM "transactions" ORDER BY "transactions"."transacted_on" DESC LIMIT ?[0m  [["LIMIT", 8]]
  [1m[36mAccount Load (0.0ms)[0m  [1m[34mSELECT "accounts".* FROM "accounts" WHERE "accounts"."id" = ?[0m  [["id", 1]]
  [1m[36mAccount Load (0.1ms)[0m  [1m[34mSELECT "accounts".* FROM "accounts" WHERE "accounts"."id" = ?[0m  [["id", 2]]
  Rendered dashboard/index.html.erb within layouts/application (Duration: 2.9ms | Allocations: 2670)
  Rendered layout layouts/application.html.erb (Duration: 3.6ms | Allocations: 3100)
Completed 200 OK in 9ms (Views: 3.8ms | ActiveRecord: 0.9ms | Allocations: 7025)


Started GET "/amazon-imports/new" for 100.108.203.87 at 2026-05-18 20:48:25 -0600
Processing by AmazonImportBatchesController#new as HTML
  Rendering layout layouts/application.html.erb
  Rendering amazon_import_batches/new.html.erb within layouts/application
  Rendered amazon_import_batches/new.html.erb within layouts/application (Duration: 0.7ms | Allocations: 601)
  Rendered layout layouts/application.html.erb (Duration: 1.0ms | Allocations: 863)
Completed 200 OK in 2ms (Views: 1.5ms | ActiveRecord: 0.0ms | Allocations: 1142)


Started GET "/amazon-imports" for 100.108.203.87 at 2026-05-18 20:48:58 -0600
Processing by AmazonImportBatchesController#index as HTML
  Rendering layout layouts/application.html.erb
  Rendering amazon_import_batches/index.html.erb within layouts/application
  [1m[36mAmazonImportBatch Load (0.1ms)[0m  [1m[34mSELECT "amazon_import_batches".* FROM "amazon_import_batches" ORDER BY "amazon_import_batches"."imported_at" DESC[0m
  Rendered amazon_import_batches/index.html.erb within layouts/application (Duration: 0.8ms | Allocations: 311)
  Rendered layout layouts/application.html.erb (Duration: 1.4ms | Allocations: 731)
Completed 200 OK in 3ms (Views: 1.7ms | ActiveRecord: 0.3ms | Allocations: 1186)


Started GET "/amazon-imports/3" for 100.108.203.87 at 2026-05-18 20:49:09 -0600
Processing by AmazonImportBatchesController#show as HTML
  Parameters: {"id"=>"3"}
  [1m[36mAmazonImportBatch Load (0.1ms)[0m  [1m[34mSELECT "amazon_import_batches".* FROM "amazon_import_batches" WHERE "amazon_import_batches"."id" = ? LIMIT ?[0m  [["id", 3], ["LIMIT", 1]]
  Rendering layout layouts/application.html.erb
  Rendering amazon_import_batches/show.html.erb within layouts/application
  [1m[36mAmazonImportRow Load (0.2ms)[0m  [1m[34mSELECT "amazon_import_rows".* FROM "amazon_import_rows" WHERE "amazon_import_rows"."amazon_import_batch_id" = ? ORDER BY "amazon_import_rows"."source_row_number" ASC[0m  [["amazon_import_batch_id", 3]]
  Rendered amazon_import_batches/show.html.erb within layouts/application (Duration: 4.8ms | Allocations: 5463)
  Rendered layout layouts/application.html.erb (Duration: 5.3ms | Allocations: 5889)
Completed 200 OK in 7ms (Views: 5.4ms | ActiveRecord: 0.3ms | Allocations: 6461)


Started GET "/amazon-imports" for 100.108.203.87 at 2026-05-18 20:49:23 -0600
Processing by AmazonImportBatchesController#index as HTML
  Rendering layout layouts/application.html.erb
  Rendering amazon_import_batches/index.html.erb within layouts/application
  [1m[36mAmazonImportBatch Load (0.1ms)[0m  [1m[34mSELECT "amazon_import_batches".* FROM "amazon_import_batches" ORDER BY "amazon_import_batches"."imported_at" DESC[0m
  Rendered amazon_import_batches/index.html.erb within layouts/application (Duration: 0.9ms | Allocations: 277)
  Rendered layout layouts/application.html.erb (Duration: 1.5ms | Allocations: 705)
Completed 200 OK in 2ms (Views: 1.8ms | ActiveRecord: 0.1ms | Allocations: 1023)


Started GET "/amazon-imports/new" for 100.108.203.87 at 2026-05-18 20:49:24 -0600
Processing by AmazonImportBatchesController#new as HTML
  Rendering layout layouts/application.html.erb
  Rendering amazon_import_batches/new.html.erb within layouts/application
  Rendered amazon_import_batches/new.html.erb within layouts/application (Duration: 0.7ms | Allocations: 599)
  Rendered layout layouts/application.html.erb (Duration: 1.1ms | Allocations: 861)
Completed 200 OK in 2ms (Views: 1.4ms | ActiveRecord: 0.0ms | Allocations: 1140)


Started POST "/amazon-imports" for 100.108.203.87 at 2026-05-18 20:49:29 -0600
Processing by AmazonImportBatchesController#create as HTML
  Parameters: {"authenticity_token"=>"PI-8esgY-gIzcp8I7fr4wbV2_IQnpzGWNffaBqJFr87fDrq0m2y1iMT5Gb69Z36EfkOra8B2AmnwJZoLQO7kHg", "file"=>#<ActionDispatch::Http::UploadedFile:0x00007f13e8585658 @tempfile=#<Tempfile:/tmp/RackMultipart20260518-3252277-oilad9.csv>, @content_type="text/csv", @original_filename="settlement_2026_02.csv", @headers="Content-Disposition: form-data; name=\"file\"; filename=\"settlement_2026_02.csv\"\r\nContent-Type: text/csv\r\n">, "commit"=>"Import for review"}
  [1m[36mTRANSACTION (0.0ms)[0m  [1m[36mbegin transaction[0m
  [1m[36mAmazonImportBatch Create (0.1ms)[0m  [1m[32mINSERT INTO "amazon_import_batches" ("filename", "status", "row_count", "imported_at", "created_at", "updated_at") VALUES (?, ?, ?, ?, ?, ?)[0m  [["filename", "settlement_2026_02.csv"], ["status", 0], ["row_count", 0], ["imported_at", "2026-05-19 02:49:29.269292"], ["created_at", "2026-05-19 02:49:29.269691"], ["updated_at", "2026-05-19 02:49:29.269691"]]
  [1m[36mTRANSACTION (4.6ms)[0m  [1m[36mcommit transaction[0m
  [1m[36mTRANSACTION (0.0ms)[0m  [1m[36mbegin transaction[0m
  [1m[36mAmazonImportRow Create (0.1ms)[0m  [1m[32mINSERT INTO "amazon_import_rows" ("amazon_import_batch_id", "source_row_number", "posted_on", "settlement_id", "order_id", "transaction_type", "amount_type", "amount_description", "description", "marketplace", "amount_cents", "tax_category", "status", "raw_data", "transaction_id", "expense_id", "created_at", "updated_at") VALUES (?, ?, ?, ?, ?, ?, ?, ?, ?, ?, ?, ?, ?, ?, ?, ?, ?, ?)[0m  [["amazon_import_batch_id", 4], ["source_row_number", 2], ["posted_on", "2026-02-17"], ["settlement_id", "100000000103"], ["order_id", "113-3001122-7003001"], ["transaction_type", "Order"], ["amount_type", "ItemPrice"], ["amount_description", "Principal"], ["description", "Order - ItemPrice - Principal"], ["marketplace", "Amazon.com"], ["amount_cents", 3495], ["tax_category", "gross_sales"], ["status", 0], ["raw_data", "{\"settlement-id\":\"100000000103\",\"settlement-start-date\":\"2026-02-01\",\"settlement-end-date\":\"2026-02-14\",\"deposit-date\":\"2026-02-17\",\"total-amount\":\"61.29\",\"currency\":\"USD\",\"transaction-type\":\"Order\",\"order-id\":\"113-3001122-7003001\",\"merchant-order-id\":\"M-202602-001\",\"adjustment-id\":null,\"shipment-id\":\"SH-30001\",\"marketplace-name\":\"Amazon.com\",\"amount-type\":\"ItemPrice\",\"amount-description\":\"Principal\",\"amount\":\"34.95\"}"], ["transaction_id", nil], ["expense_id", nil], ["created_at", "2026-05-19 02:49:29.276195"], ["updated_at", "2026-05-19 02:49:29.276195"]]
  [1m[36mTRANSACTION (2.0ms)[0m  [1m[36mcommit transaction[0m
  [1m[36mTRANSACTION (0.0ms)[0m  [1m[36mbegin transaction[0m
  [1m[36mAmazonImportRow Create (0.1ms)[0m  [1m[32mINSERT INTO "amazon_import_rows" ("amazon_import_batch_id", "source_row_number", "posted_on", "settlement_id", "order_id", "transaction_type", "amount_type", "amount_description", "description", "marketplace", "amount_cents", "tax_category", "status", "raw_data", "transaction_id", "expense_id", "created_at", "updated_at") VALUES (?, ?, ?, ?, ?, ?, ?, ?, ?, ?, ?, ?, ?, ?, ?, ?, ?, ?)[0m  [["amazon_import_batch_id", 4], ["source_row_number", 3], ["posted_on", "2026-02-17"], ["settlement_id", "100000000103"], ["order_id", "113-3001122-7003001"], ["transaction_type", "Order"], ["amount_type", "ItemPrice"], ["amount_description", "Tax"], ["description", "Order - ItemPrice - Tax"], ["marketplace", "Amazon.com"], ["amount_cents", 236], ["tax_category", "gross_sales"], ["status", 0], ["raw_data", "{\"settlement-id\":\"100000000103\",\"settlement-start-date\":\"2026-02-01\",\"settlement-end-date\":\"2026-02-14\",\"deposit-date\":\"2026-02-17\",\"total-amount\":\"61.29\",\"currency\":\"USD\",\"transaction-type\":\"Order\",\"order-id\":\"113-3001122-7003001\",\"merchant-order-id\":\"M-202602-001\",\"adjustment-id\":null,\"shipment-id\":\"SH-30001\",\"marketplace-name\":\"Amazon.com\",\"amount-type\":\"ItemPrice\",\"amount-description\":\"Tax\",\"amount\":\"2.36\"}"], ["transaction_id", nil], ["expense_id", nil], ["created_at", "2026-05-19 02:49:29.280064"], ["updated_at", "2026-05-19 02:49:29.280064"]]
  [1m[36mTRANSACTION (1.7ms)[0m  [1m[36mcommit transaction[0m
  [1m[36mTRANSACTION (0.0ms)[0m  [1m[36mbegin transaction[0m
  [1m[36mAmazonImportRow Create (0.1ms)[0m  [1m[32mINSERT INTO "amazon_import_rows" ("amazon_import_batch_id", "source_row_number", "posted_on", "settlement_id", "order_id", "transaction_type", "amount_type", "amount_description", "description", "marketplace", "amount_cents", "tax_category", "status", "raw_data", "transaction_id", "expense_id", "created_at", "updated_at") VALUES (?, ?, ?, ?, ?, ?, ?, ?, ?, ?, ?, ?, ?, ?, ?, ?, ?, ?)[0m  [["amazon_import_batch_id", 4], ["source_row_number", 4], ["posted_on", "2026-02-17"], ["settlement_id", "100000000103"], ["order_id", "113-3001122-7003001"], ["transaction_type", "Order"], ["amount_type", "ItemFees"], ["amount_description", "Shipping"], ["description", "Order - ItemFees - Shipping"], ["marketplace", "Amazon.com"], ["amount_cents", 599], ["tax_category", "shipping"], ["status", 0], ["raw_data", "{\"settlement-id\":\"100000000103\",\"settlement-start-date\":\"2026-02-01\",\"settlement-end-date\":\"2026-02-14\",\"deposit-date\":\"2026-02-17\",\"total-amount\":\"61.29\",\"currency\":\"USD\",\"transaction-type\":\"Order\",\"order-id\":\"113-3001122-7003001\",\"merchant-order-id\":\"M-202602-001\",\"adjustment-id\":null,\"shipment-id\":\"SH-30001\",\"marketplace-name\":\"Amazon.com\",\"amount-type\":\"ItemFees\",\"amount-description\":\"Shipping\",\"amount\":\"5.99\"}"], ["transaction_id", nil], ["expense_id", nil], ["created_at", "2026-05-19 02:49:29.283573"], ["updated_at", "2026-05-19 02:49:29.283573"]]
  [1m[36mTRANSACTION (1.4ms)[0m  [1m[36mcommit transaction[0m
  [1m[36mTRANSACTION (0.0ms)[0m  [1m[36mbegin transaction[0m
  [1m[36mAmazonImportRow Create (0.1ms)[0m  [1m[32mINSERT INTO "amazon_import_rows" ("amazon_import_batch_id", "source_row_number", "posted_on", "settlement_id", "order_id", "transaction_type", "amount_type", "amount_description", "description", "marketplace", "amount_cents", "tax_category", "status", "raw_data", "transaction_id", "expense_id", "created_at", "updated_at") VALUES (?, ?, ?, ?, ?, ?, ?, ?, ?, ?, ?, ?, ?, ?, ?, ?, ?, ?)[0m  [["amazon_import_batch_id", 4], ["source_row_number", 5], ["posted_on", "2026-02-17"], ["settlement_id", "100000000103"], ["order_id", "113-3001122-7003001"], ["transaction_type", "Order"], ["amount_type", "Promotion"], ["amount_description", "Principal Promo"], ["description", "Order - Promotion - Principal Promo"], ["marketplace", "Amazon.com"], ["amount_cents", -200], ["tax_category", "refunds_returns"], ["status", 0], ["raw_data", "{\"settlement-id\":\"100000000103\",\"settlement-start-date\":\"2026-02-01\",\"settlement-end-date\":\"2026-02-14\",\"deposit-date\":\"2026-02-17\",\"total-amount\":\"61.29\",\"currency\":\"USD\",\"transaction-type\":\"Order\",\"order-id\":\"113-3001122-7003001\",\"merchant-order-id\":\"M-202602-001\",\"adjustment-id\":null,\"shipment-id\":\"SH-30001\",\"marketplace-name\":\"Amazon.com\",\"amount-type\":\"Promotion\",\"amount-description\":\"Principal Promo\",\"amount\":\"-2.00\"}"], ["transaction_id", nil], ["expense_id", nil], ["created_at", "2026-05-19 02:49:29.286574"], ["updated_at", "2026-05-19 02:49:29.286574"]]
  [1m[36mTRANSACTION (1.2ms)[0m  [1m[36mcommit transaction[0m
  [1m[36mTRANSACTION (0.0ms)[0m  [1m[36mbegin transaction[0m
  [1m[36mAmazonImportRow Create (0.1ms)[0m  [1m[32mINSERT INTO "amazon_import_rows" ("amazon_import_batch_id", "source_row_number", "posted_on", "settlement_id", "order_id", "transaction_type", "amount_type", "amount_description", "description", "marketplace", "amount_cents", "tax_category", "status", "raw_data", "transaction_id", "expense_id", "created_at", "updated_at") VALUES (?, ?, ?, ?, ?, ?, ?, ?, ?, ?, ?, ?, ?, ?, ?, ?, ?, ?)[0m  [["amazon_import_batch_id", 4], ["source_row_number", 6], ["posted_on", "2026-02-17"], ["settlement_id", "100000000103"], ["order_id", "113-3001122-7003001"], ["transaction_type", "Order"], ["amount_type", "ItemFees"], ["amount_description", "Commission"], ["description", "Order - ItemFees - Commission"], ["marketplace", "Amazon.com"], ["amount_cents", -524], ["tax_category", "amazon_fees"], ["status", 0], ["raw_data", "{\"settlement-id\":\"100000000103\",\"settlement-start-date\":\"2026-02-01\",\"settlement-end-date\":\"2026-02-14\",\"deposit-date\":\"2026-02-17\",\"total-amount\":\"61.29\",\"currency\":\"USD\",\"transaction-type\":\"Order\",\"order-id\":\"113-3001122-7003001\",\"merchant-order-id\":\"M-202602-001\",\"adjustment-id\":null,\"shipment-id\":\"SH-30001\",\"marketplace-name\":\"Amazon.com\",\"amount-type\":\"ItemFees\",\"amount-description\":\"Commission\",\"amount\":\"-5.24\"}"], ["transaction_id", nil], ["expense_id", nil], ["created_at", "2026-05-19 02:49:29.289759"], ["updated_at", "2026-05-19 02:49:29.289759"]]
  [1m[36mTRANSACTION (2.8ms)[0m  [1m[36mcommit transaction[0m
  [1m[36mTRANSACTION (0.0ms)[0m  [1m[36mbegin transaction[0m
  [1m[36mAmazonImportRow Create (0.1ms)[0m  [1m[32mINSERT INTO "amazon_import_rows" ("amazon_import_batch_id", "source_row_number", "posted_on", "settlement_id", "order_id", "transaction_type", "amount_type", "amount_description", "description", "marketplace", "amount_cents", "tax_category", "status", "raw_data", "transaction_id", "expense_id", "created_at", "updated_at") VALUES (?, ?, ?, ?, ?, ?, ?, ?, ?, ?, ?, ?, ?, ?, ?, ?, ?, ?)[0m  [["amazon_import_batch_id", 4], ["source_row_number", 7], ["posted_on", "2026-02-17"], ["settlement_id", "100000000103"], ["order_id", "113-3001122-7003001"], ["transaction_type", "Order"], ["amount_type", "FBAFees"], ["amount_description", "FBA Pick & Pack Fee"], ["description", "Order - FBAFees - FBA Pick & Pack Fee"], ["marketplace", "Amazon.com"], ["amount_cents", -411], ["tax_category", "fba_fees"], ["status", 0], ["raw_data", "{\"settlement-id\":\"100000000103\",\"settlement-start-date\":\"2026-02-01\",\"settlement-end-date\":\"2026-02-14\",\"deposit-date\":\"2026-02-17\",\"total-amount\":\"61.29\",\"currency\":\"USD\",\"transaction-type\":\"Order\",\"order-id\":\"113-3001122-7003001\",\"merchant-order-id\":\"M-202602-001\",\"adjustment-id\":null,\"shipment-id\":\"SH-30001\",\"marketplace-name\":\"Amazon.com\",\"amount-type\":\"FBAFees\",\"amount-description\":\"FBA Pick \\u0026 Pack Fee\",\"amount\":\"-4.11\"}"], ["transaction_id", nil], ["expense_id", nil], ["created_at", "2026-05-19 02:49:29.294573"], ["updated_at", "2026-05-19 02:49:29.294573"]]
  [1m[36mTRANSACTION (1.1ms)[0m  [1m[36mcommit transaction[0m
  [1m[36mTRANSACTION (0.0ms)[0m  [1m[36mbegin transaction[0m
  [1m[36mAmazonImportRow Create (0.1ms)[0m  [1m[32mINSERT INTO "amazon_import_rows" ("amazon_import_batch_id", "source_row_number", "posted_on", "settlement_id", "order_id", "transaction_type", "amount_type", "amount_description", "description", "marketplace", "amount_cents", "tax_category", "status", "raw_data", "transaction_id", "expense_id", "created_at", "updated_at") VALUES (?, ?, ?, ?, ?, ?, ?, ?, ?, ?, ?, ?, ?, ?, ?, ?, ?, ?)[0m  [["amazon_import_batch_id", 4], ["source_row_number", 8], ["posted_on", "2026-02-17"], ["settlement_id", "100000000103"], ["order_id", "113-3001122-7003001"], ["transaction_type", "Order"], ["amount_type", "ItemFees"], ["amount_description", "Fixed Closing Fee"], ["description", "Order - ItemFees - Fixed Closing Fee"], ["marketplace", "Amazon.com"], ["amount_cents", -180], ["tax_category", "amazon_fees"], ["status", 0], ["raw_data", "{\"settlement-id\":\"100000000103\",\"settlement-start-date\":\"2026-02-01\",\"settlement-end-date\":\"2026-02-14\",\"deposit-date\":\"2026-02-17\",\"total-amount\":\"61.29\",\"currency\":\"USD\",\"transaction-type\":\"Order\",\"order-id\":\"113-3001122-7003001\",\"merchant-order-id\":\"M-202602-001\",\"adjustment-id\":null,\"shipment-id\":\"SH-30001\",\"marketplace-name\":\"Amazon.com\",\"amount-type\":\"ItemFees\",\"amount-description\":\"Fixed Closing Fee\",\"amount\":\"-1.80\"}"], ["transaction_id", nil], ["expense_id", nil], ["created_at", "2026-05-19 02:49:29.297653"], ["updated_at", "2026-05-19 02:49:29.297653"]]
  [1m[36mTRANSACTION (2.2ms)[0m  [1m[36mcommit transaction[0m
  [1m[36mTRANSACTION (0.0ms)[0m  [1m[36mbegin transaction[0m
  [1m[36mAmazonImportRow Create (0.1ms)[0m  [1m[32mINSERT INTO "amazon_import_rows" ("amazon_import_batch_id", "source_row_number", "posted_on", "settlement_id", "order_id", "transaction_type", "amount_type", "amount_description", "description", "marketplace", "amount_cents", "tax_category", "status", "raw_data", "transaction_id", "expense_id", "created_at", "updated_at") VALUES (?, ?, ?, ?, ?, ?, ?, ?, ?, ?, ?, ?, ?, ?, ?, ?, ?, ?)[0m  [["amazon_import_batch_id", 4], ["source_row_number", 9], ["posted_on", "2026-02-17"], ["settlement_id", "100000000103"], ["order_id", "113-3001122-7003001"], ["transaction_type", "Order"], ["amount_type", "ItemFees"], ["amount_description", "Variable Closing Fee"], ["description", "Order - ItemFees - Variable Closing Fee"], ["marketplace", "Amazon.com"], ["amount_cents", -99], ["tax_category", "amazon_fees"], ["status", 0], ["raw_data", "{\"settlement-id\":\"100000000103\",\"settlement-start-date\":\"2026-02-01\",\"settlement-end-date\":\"2026-02-14\",\"deposit-date\":\"2026-02-17\",\"total-amount\":\"61.29\",\"currency\":\"USD\",\"transaction-type\":\"Order\",\"order-id\":\"113-3001122-7003001\",\"merchant-order-id\":\"M-202602-001\",\"adjustment-id\":null,\"shipment-id\":\"SH-30001\",\"marketplace-name\":\"Amazon.com\",\"amount-type\":\"ItemFees\",\"amount-description\":\"Variable Closing Fee\",\"amount\":\"-0.99\"}"], ["transaction_id", nil], ["expense_id", nil], ["created_at", "2026-05-19 02:49:29.302257"], ["updated_at", "2026-05-19 02:49:29.302257"]]
  [1m[36mTRANSACTION (1.9ms)[0m  [1m[36mcommit transaction[0m
  [1m[36mTRANSACTION (0.0ms)[0m  [1m[36mbegin transaction[0m
  [1m[36mAmazonImportRow Create (0.2ms)[0m  [1m[32mINSERT INTO "amazon_import_rows" ("amazon_import_batch_id", "source_row_number", "posted_on", "settlement_id", "order_id", "transaction_type", "amount_type", "amount_description", "description", "marketplace", "amount_cents", "tax_category", "status", "raw_data", "transaction_id", "expense_id", "created_at", "updated_at") VALUES (?, ?, ?, ?, ?, ?, ?, ?, ?, ?, ?, ?, ?, ?, ?, ?, ?, ?)[0m  [["amazon_import_batch_id", 4], ["source_row_number", 10], ["posted_on", "2026-02-17"], ["settlement_id", "100000000103"], ["order_id", "113-3001122-7003001"], ["transaction_type", "Order"], ["amount_type", "ItemFees"], ["amount_description", "Per Item Fee"], ["description", "Order - ItemFees - Per Item Fee"], ["marketplace", "Amazon.com"], ["amount_cents", -30], ["tax_category", "amazon_fees"], ["status", 0], ["raw_data", "{\"settlement-id\":\"100000000103\",\"settlement-start-date\":\"2026-02-01\",\"settlement-end-date\":\"2026-02-14\",\"deposit-date\":\"2026-02-17\",\"total-amount\":\"61.29\",\"currency\":\"USD\",\"transaction-type\":\"Order\",\"order-id\":\"113-3001122-7003001\",\"merchant-order-id\":\"M-202602-001\",\"adjustment-id\":null,\"shipment-id\":\"SH-30001\",\"marketplace-name\":\"Amazon.com\",\"amount-type\":\"ItemFees\",\"amount-description\":\"Per Item Fee\",\"amount\":\"-0.30\"}"], ["transaction_id", nil], ["expense_id", nil], ["created_at", "2026-05-19 02:49:29.306159"], ["updated_at", "2026-05-19 02:49:29.306159"]]
  [1m[36mTRANSACTION (2.0ms)[0m  [1m[36mcommit transaction[0m
  [1m[36mTRANSACTION (0.0ms)[0m  [1m[36mbegin transaction[0m
  [1m[36mAmazonImportRow Create (0.1ms)[0m  [1m[32mINSERT INTO "amazon_import_rows" ("amazon_import_batch_id", "source_row_number", "posted_on", "settlement_id", "order_id", "transaction_type", "amount_type", "amount_description", "description", "marketplace", "amount_cents", "tax_category", "status", "raw_data", "transaction_id", "expense_id", "created_at", "updated_at") VALUES (?, ?, ?, ?, ?, ?, ?, ?, ?, ?, ?, ?, ?, ?, ?, ?, ?, ?)[0m  [["amazon_import_batch_id", 4], ["source_row_number", 11], ["posted_on", "2026-02-17"], ["settlement_id", "100000000103"], ["order_id", "113-3002123-7003002"], ["transaction_type", "Order"], ["amount_type", "ItemPrice"], ["amount_description", "Principal"], ["description", "Order - ItemPrice - Principal"], ["marketplace", "Amazon.com"], ["amount_cents", 6875], ["tax_category", "gross_sales"], ["status", 0], ["raw_data", "{\"settlement-id\":\"100000000103\",\"settlement-start-date\":\"2026-02-01\",\"settlement-end-date\":\"2026-02-14\",\"deposit-date\":\"2026-02-17\",\"total-amount\":\"61.29\",\"currency\":\"USD\",\"transaction-type\":\"Order\",\"order-id\":\"113-3002123-7003002\",\"merchant-order-id\":\"M-202602-002\",\"adjustment-id\":null,\"shipment-id\":\"SH-30002\",\"marketplace-name\":\"Amazon.com\",\"amount-type\":\"ItemPrice\",\"amount-description\":\"Principal\",\"amount\":\"68.75\"}"], ["transaction_id", nil], ["expense_id", nil], ["created_at", "2026-05-19 02:49:29.310040"], ["updated_at", "2026-05-19 02:49:29.310040"]]
  [1m[36mTRANSACTION (1.5ms)[0m  [1m[36mcommit transaction[0m
  [1m[36mTRANSACTION (0.0ms)[0m  [1m[36mbegin transaction[0m
  [1m[36mAmazonImportRow Create (0.2ms)[0m  [1m[32mINSERT INTO "amazon_import_rows" ("amazon_import_batch_id", "source_row_number", "posted_on", "settlement_id", "order_id", "transaction_type", "amount_type", "amount_description", "description", "marketplace", "amount_cents", "tax_category", "status", "raw_data", "transaction_id", "expense_id", "created_at", "updated_at") VALUES (?, ?, ?, ?, ?, ?, ?, ?, ?, ?, ?, ?, ?, ?, ?, ?, ?, ?)[0m  [["amazon_import_batch_id", 4], ["source_row_number", 12], ["posted_on", "2026-02-17"], ["settlement_id", "100000000103"], ["order_id", "113-3002123-7003002"], ["transaction_type", "Order"], ["amount_type", "ItemPrice"], ["amount_description", "Tax"], ["description", "Order - ItemPrice - Tax"], ["marketplace", "Amazon.com"], ["amount_cents", 464], ["tax_category", "gross_sales"], ["status", 0], ["raw_data", "{\"settlement-id\":\"100000000103\",\"settlement-start-date\":\"2026-02-01\",\"settlement-end-date\":\"2026-02-14\",\"deposit-date\":\"2026-02-17\",\"total-amount\":\"61.29\",\"currency\":\"USD\",\"transaction-type\":\"Order\",\"order-id\":\"113-3002123-7003002\",\"merchant-order-id\":\"M-202602-002\",\"adjustment-id\":null,\"shipment-id\":\"SH-30002\",\"marketplace-name\":\"Amazon.com\",\"amount-type\":\"ItemPrice\",\"amount-description\":\"Tax\",\"amount\":\"4.64\"}"], ["transaction_id", nil], ["expense_id", nil], ["created_at", "2026-05-19 02:49:29.313533"], ["updated_at", "2026-05-19 02:49:29.313533"]]
  [1m[36mTRANSACTION (2.1ms)[0m  [1m[36mcommit transaction[0m
  [1m[36mTRANSACTION (0.0ms)[0m  [1m[36mbegin transaction[0m
  [1m[36mAmazonImportRow Create (0.2ms)[0m  [1m[32mINSERT INTO "amazon_import_rows" ("amazon_import_batch_id", "source_row_number", "posted_on", "settlement_id", "order_id", "transaction_type", "amount_type", "amount_description", "description", "marketplace", "amount_cents", "tax_category", "status", "raw_data", "transaction_id", "expense_id", "created_at", "updated_at") VALUES (?, ?, ?, ?, ?, ?, ?, ?, ?, ?, ?, ?, ?, ?, ?, ?, ?, ?)[0m  [["amazon_import_batch_id", 4], ["source_row_number", 13], ["posted_on", "2026-02-17"], ["settlement_id", "100000000103"], ["order_id", "113-3002123-7003002"], ["transaction_type", "Order"], ["amount_type", "ItemFees"], ["amount_description", "Shipping"], ["description", "Order - ItemFees - Shipping"], ["marketplace", "Amazon.com"], ["amount_cents", 799], ["tax_category", "shipping"], ["status", 0], ["raw_data", "{\"settlement-id\":\"100000000103\",\"settlement-start-date\":\"2026-02-01\",\"settlement-end-date\":\"2026-02-14\",\"deposit-date\":\"2026-02-17\",\"total-amount\":\"61.29\",\"currency\":\"USD\",\"transaction-type\":\"Order\",\"order-id\":\"113-3002123-7003002\",\"merchant-order-id\":\"M-202602-002\",\"adjustment-id\":null,\"shipment-id\":\"SH-30002\",\"marketplace-name\":\"Amazon.com\",\"amount-type\":\"ItemFees\",\"amount-description\":\"Shipping\",\"amount\":\"7.99\"}"], ["transaction_id", nil], ["expense_id", nil], ["created_at", "2026-05-19 02:49:29.317611"], ["updated_at", "2026-05-19 02:49:29.317611"]]
  [1m[36mTRANSACTION (1.0ms)[0m  [1m[36mcommit transaction[0m
  [1m[36mTRANSACTION (0.0ms)[0m  [1m[36mbegin transaction[0m
  [1m[36mAmazonImportRow Create (0.1ms)[0m  [1m[32mINSERT INTO "amazon_import_rows" ("amazon_import_batch_id", "source_row_number", "posted_on", "settlement_id", "order_id", "transaction_type", "amount_type", "amount_description", "description", "marketplace", "amount_cents", "tax_category", "status", "raw_data", "transaction_id", "expense_id", "created_at", "updated_at") VALUES (?, ?, ?, ?, ?, ?, ?, ?, ?, ?, ?, ?, ?, ?, ?, ?, ?, ?)[0m  [["amazon_import_batch_id", 4], ["source_row_number", 14], ["posted_on", "2026-02-17"], ["settlement_id", "100000000103"], ["order_id", "113-3002123-7003002"], ["transaction_type", "Order"], ["amount_type", "Promotion"], ["amount_description", "Principal Promo"], ["description", "Order - Promotion - Principal Promo"], ["marketplace", "Amazon.com"], ["amount_cents", -500], ["tax_category", "refunds_returns"], ["status", 0], ["raw_data", "{\"settlement-id\":\"100000000103\",\"settlement-start-date\":\"2026-02-01\",\"settlement-end-date\":\"2026-02-14\",\"deposit-date\":\"2026-02-17\",\"total-amount\":\"61.29\",\"currency\":\"USD\",\"transaction-type\":\"Order\",\"order-id\":\"113-3002123-7003002\",\"merchant-order-id\":\"M-202602-002\",\"adjustment-id\":null,\"shipment-id\":\"SH-30002\",\"marketplace-name\":\"Amazon.com\",\"amount-type\":\"Promotion\",\"amount-description\":\"Principal Promo\",\"amount\":\"-5.00\"}"], ["transaction_id", nil], ["expense_id", nil], ["created_at", "2026-05-19 02:49:29.320444"], ["updated_at", "2026-05-19 02:49:29.320444"]]
  [1m[36mTRANSACTION (1.3ms)[0m  [1m[36mcommit transaction[0m
  [1m[36mTRANSACTION (0.0ms)[0m  [1m[36mbegin transaction[0m
  [1m[36mAmazonImportRow Create (0.2ms)[0m  [1m[32mINSERT INTO "amazon_import_rows" ("amazon_import_batch_id", "source_row_number", "posted_on", "settlement_id", "order_id", "transaction_type", "amount_type", "amount_description", "description", "marketplace", "amount_cents", "tax_category", "status", "raw_data", "transaction_id", "expense_id", "created_at", "updated_at") VALUES (?, ?, ?, ?, ?, ?, ?, ?, ?, ?, ?, ?, ?, ?, ?, ?, ?, ?)[0m  [["amazon_import_batch_id", 4], ["source_row_number", 15], ["posted_on", "2026-02-17"], ["settlement_id", "100000000103"], ["order_id", "113-3002123-7003002"], ["transaction_type", "Order"], ["amount_type", "ItemFees"], ["amount_description", "Commission"], ["description", "Order - ItemFees - Commission"], ["marketplace", "Amazon.com"], ["amount_cents", -1031], ["tax_category", "amazon_fees"], ["status", 0], ["raw_data", "{\"settlement-id\":\"100000000103\",\"settlement-start-date\":\"2026-02-01\",\"settlement-end-date\":\"2026-02-14\",\"deposit-date\":\"2026-02-17\",\"total-amount\":\"61.29\",\"currency\":\"USD\",\"transaction-type\":\"Order\",\"order-id\":\"113-3002123-7003002\",\"merchant-order-id\":\"M-202602-002\",\"adjustment-id\":null,\"shipment-id\":\"SH-30002\",\"marketplace-name\":\"Amazon.com\",\"amount-type\":\"ItemFees\",\"amount-description\":\"Commission\",\"amount\":\"-10.31\"}"], ["transaction_id", nil], ["expense_id", nil], ["created_at", "2026-05-19 02:49:29.323782"], ["updated_at", "2026-05-19 02:49:29.323782"]]
  [1m[36mTRANSACTION (1.9ms)[0m  [1m[36mcommit transaction[0m
  [1m[36mTRANSACTION (0.0ms)[0m  [1m[36mbegin transaction[0m
  [1m[36mAmazonImportRow Create (0.1ms)[0m  [1m[32mINSERT INTO "amazon_import_rows" ("amazon_import_batch_id", "source_row_number", "posted_on", "settlement_id", "order_id", "transaction_type", "amount_type", "amount_description", "description", "marketplace", "amount_cents", "tax_category", "status", "raw_data", "transaction_id", "expense_id", "created_at", "updated_at") VALUES (?, ?, ?, ?, ?, ?, ?, ?, ?, ?, ?, ?, ?, ?, ?, ?, ?, ?)[0m  [["amazon_import_batch_id", 4], ["source_row_number", 16], ["posted_on", "2026-02-17"], ["settlement_id", "100000000103"], ["order_id", "113-3002123-7003002"], ["transaction_type", "Order"], ["amount_type", "FBAFees"], ["amount_description", "FBA Pick & Pack Fee"], ["description", "Order - FBAFees - FBA Pick & Pack Fee"], ["marketplace", "Amazon.com"], ["amount_cents", -619], ["tax_category", "fba_fees"], ["status", 0], ["raw_data", "{\"settlement-id\":\"100000000103\",\"settlement-start-date\":\"2026-02-01\",\"settlement-end-date\":\"2026-02-14\",\"deposit-date\":\"2026-02-17\",\"total-amount\":\"61.29\",\"currency\":\"USD\",\"transaction-type\":\"Order\",\"order-id\":\"113-3002123-7003002\",\"merchant-order-id\":\"M-202602-002\",\"adjustment-id\":null,\"shipment-id\":\"SH-30002\",\"marketplace-name\":\"Amazon.com\",\"amount-type\":\"FBAFees\",\"amount-description\":\"FBA Pick \\u0026 Pack Fee\",\"amount\":\"-6.19\"}"], ["transaction_id", nil], ["expense_id", nil], ["created_at", "2026-05-19 02:49:29.327602"], ["updated_at", "2026-05-19 02:49:29.327602"]]
  [1m[36mTRANSACTION (1.8ms)[0m  [1m[36mcommit transaction[0m
  [1m[36mTRANSACTION (0.0ms)[0m  [1m[36mbegin transaction[0m
  [1m[36mAmazonImportRow Create (0.1ms)[0m  [1m[32mINSERT INTO "amazon_import_rows" ("amazon_import_batch_id", "source_row_number", "posted_on", "settlement_id", "order_id", "transaction_type", "amount_type", "amount_description", "description", "marketplace", "amount_cents", "tax_category", "status", "raw_data", "transaction_id", "expense_id", "created_at", "updated_at") VALUES (?, ?, ?, ?, ?, ?, ?, ?, ?, ?, ?, ?, ?, ?, ?, ?, ?, ?)[0m  [["amazon_import_batch_id", 4], ["source_row_number", 17], ["posted_on", "2026-02-17"], ["settlement_id", "100000000103"], ["order_id", "113-3002123-7003002"], ["transaction_type", "Order"], ["amount_type", "ItemFees"], ["amount_description", "Fixed Closing Fee"], ["description", "Order - ItemFees - Fixed Closing Fee"], ["marketplace", "Amazon.com"], ["amount_cents", -240], ["tax_category", "amazon_fees"], ["status", 0], ["raw_data", "{\"settlement-id\":\"100000000103\",\"settlement-start-date\":\"2026-02-01\",\"settlement-end-date\":\"2026-02-14\",\"deposit-date\":\"2026-02-17\",\"total-amount\":\"61.29\",\"currency\":\"USD\",\"transaction-type\":\"Order\",\"order-id\":\"113-3002123-7003002\",\"merchant-order-id\":\"M-202602-002\",\"adjustment-id\":null,\"shipment-id\":\"SH-30002\",\"marketplace-name\":\"Amazon.com\",\"amount-type\":\"ItemFees\",\"amount-description\":\"Fixed Closing Fee\",\"amount\":\"-2.40\"}"], ["transaction_id", nil], ["expense_id", nil], ["created_at", "2026-05-19 02:49:29.331142"], ["updated_at", "2026-05-19 02:49:29.331142"]]
  [1m[36mTRANSACTION (2.2ms)[0m  [1m[36mcommit transaction[0m
  [1m[36mTRANSACTION (0.0ms)[0m  [1m[36mbegin transaction[0m
  [1m[36mAmazonImportRow Create (0.1ms)[0m  [1m[32mINSERT INTO "amazon_import_rows" ("amazon_import_batch_id", "source_row_number", "posted_on", "settlement_id", "order_id", "transaction_type", "amount_type", "amount_description", "description", "marketplace", "amount_cents", "tax_category", "status", "raw_data", "transaction_id", "expense_id", "created_at", "updated_at") VALUES (?, ?, ?, ?, ?, ?, ?, ?, ?, ?, ?, ?, ?, ?, ?, ?, ?, ?)[0m  [["amazon_import_batch_id", 4], ["source_row_number", 18], ["posted_on", "2026-02-17"], ["settlement_id", "100000000103"], ["order_id", "113-3003124-7003003"], ["transaction_type", "Order"], ["amount_type", "ItemPrice"], ["amount_description", "Principal"], ["description", "Order - ItemPrice - Principal"], ["marketplace", "Amazon.com"], ["amount_cents", 4900], ["tax_category", "gross_sales"], ["status", 0], ["raw_data", "{\"settlement-id\":\"100000000103\",\"settlement-start-date\":\"2026-02-01\",\"settlement-end-date\":\"2026-02-14\",\"deposit-date\":\"2026-02-17\",\"total-amount\":\"61.29\",\"currency\":\"USD\",\"transaction-type\":\"Order\",\"order-id\":\"113-3003124-7003003\",\"merchant-order-id\":\"M-202602-003\",\"adjustment-id\":null,\"shipment-id\":\"SH-30003\",\"marketplace-name\":\"Amazon.com\",\"amount-type\":\"ItemPrice\",\"amount-description\":\"Principal\",\"amount\":\"49.00\"}"], ["transaction_id", nil], ["expense_id", nil], ["created_at", "2026-05-19 02:49:29.335339"], ["updated_at", "2026-05-19 02:49:29.335339"]]
  [1m[36mTRANSACTION (3.7ms)[0m  [1m[36mcommit transaction[0m
  [1m[36mTRANSACTION (0.0ms)[0m  [1m[36mbegin transaction[0m
  [1m[36mAmazonImportRow Create (0.1ms)[0m  [1m[32mINSERT INTO "amazon_import_rows" ("amazon_import_batch_id", "source_row_number", "posted_on", "settlement_id", "order_id", "transaction_type", "amount_type", "amount_description", "description", "marketplace", "amount_cents", "tax_category", "status", "raw_data", "transaction_id", "expense_id", "created_at", "updated_at") VALUES (?, ?, ?, ?, ?, ?, ?, ?, ?, ?, ?, ?, ?, ?, ?, ?, ?, ?)[0m  [["amazon_import_batch_id", 4], ["source_row_number", 19], ["posted_on", "2026-02-17"], ["settlement_id", "100000000103"], ["order_id", "113-3003124-7003003"], ["transaction_type", "Order"], ["amount_type", "ItemPrice"], ["amount_description", "Tax"], ["description", "Order - ItemPrice - Tax"], ["marketplace", "Amazon.com"], ["amount_cents", 331], ["tax_category", "gross_sales"], ["status", 0], ["raw_data", "{\"settlement-id\":\"100000000103\",\"settlement-start-date\":\"2026-02-01\",\"settlement-end-date\":\"2026-02-14\",\"deposit-date\":\"2026-02-17\",\"total-amount\":\"61.29\",\"currency\":\"USD\",\"transaction-type\":\"Order\",\"order-id\":\"113-3003124-7003003\",\"merchant-order-id\":\"M-202602-003\",\"adjustment-id\":null,\"shipment-id\":\"SH-30003\",\"marketplace-name\":\"Amazon.com\",\"amount-type\":\"ItemPrice\",\"amount-description\":\"Tax\",\"amount\":\"3.31\"}"], ["transaction_id", nil], ["expense_id", nil], ["created_at", "2026-05-19 02:49:29.340993"], ["updated_at", "2026-05-19 02:49:29.340993"]]
  [1m[36mTRANSACTION (1.5ms)[0m  [1m[36mcommit transaction[0m
  [1m[36mTRANSACTION (0.0ms)[0m  [1m[36mbegin transaction[0m
  [1m[36mAmazonImportRow Create (0.1ms)[0m  [1m[32mINSERT INTO "amazon_import_rows" ("amazon_import_batch_id", "source_row_number", "posted_on", "settlement_id", "order_id", "transaction_type", "amount_type", "amount_description", "description", "marketplace", "amount_cents", "tax_category", "status", "raw_data", "transaction_id", "expense_id", "created_at", "updated_at") VALUES (?, ?, ?, ?, ?, ?, ?, ?, ?, ?, ?, ?, ?, ?, ?, ?, ?, ?)[0m  [["amazon_import_batch_id", 4], ["source_row_number", 20], ["posted_on", "2026-02-17"], ["settlement_id", "100000000103"], ["order_id", "113-3003124-7003003"], ["transaction_type", "Order"], ["amount_type", "ItemFees"], ["amount_description", "Shipping"], ["description", "Order - ItemFees - Shipping"], ["marketplace", "Amazon.com"], ["amount_cents", 399], ["tax_category", "shipping"], ["status", 0], ["raw_data", "{\"settlement-id\":\"100000000103\",\"settlement-start-date\":\"2026-02-01\",\"settlement-end-date\":\"2026-02-14\",\"deposit-date\":\"2026-02-17\",\"total-amount\":\"61.29\",\"currency\":\"USD\",\"transaction-type\":\"Order\",\"order-id\":\"113-3003124-7003003\",\"merchant-order-id\":\"M-202602-003\",\"adjustment-id\":null,\"shipment-id\":\"SH-30003\",\"marketplace-name\":\"Amazon.com\",\"amount-type\":\"ItemFees\",\"amount-description\":\"Shipping\",\"amount\":\"3.99\"}"], ["transaction_id", nil], ["expense_id", nil], ["created_at", "2026-05-19 02:49:29.344244"], ["updated_at", "2026-05-19 02:49:29.344244"]]
  [1m[36mTRANSACTION (1.9ms)[0m  [1m[36mcommit transaction[0m
  [1m[36mTRANSACTION (0.0ms)[0m  [1m[36mbegin transaction[0m
  [1m[36mAmazonImportRow Create (0.1ms)[0m  [1m[32mINSERT INTO "amazon_import_rows" ("amazon_import_batch_id", "source_row_number", "posted_on", "settlement_id", "order_id", "transaction_type", "amount_type", "amount_description", "description", "marketplace", "amount_cents", "tax_category", "status", "raw_data", "transaction_id", "expense_id", "created_at", "updated_at") VALUES (?, ?, ?, ?, ?, ?, ?, ?, ?, ?, ?, ?, ?, ?, ?, ?, ?, ?)[0m  [["amazon_import_batch_id", 4], ["source_row_number", 21], ["posted_on", "2026-02-17"], ["settlement_id", "100000000103"], ["order_id", "113-3003124-7003003"], ["transaction_type", "Order"], ["amount_type", "Promotion"], ["amount_description", "Principal Promo"], ["description", "Order - Promotion - Principal Promo"], ["marketplace", "Amazon.com"], ["amount_cents", 0], ["tax_category", "gross_sales"], ["status", 0], ["raw_data", "{\"settlement-id\":\"100000000103\",\"settlement-start-date\":\"2026-02-01\",\"settlement-end-date\":\"2026-02-14\",\"deposit-date\":\"2026-02-17\",\"total-amount\":\"61.29\",\"currency\":\"USD\",\"transaction-type\":\"Order\",\"order-id\":\"113-3003124-7003003\",\"merchant-order-id\":\"M-202602-003\",\"adjustment-id\":null,\"shipment-id\":\"SH-30003\",\"marketplace-name\":\"Amazon.com\",\"amount-type\":\"Promotion\",\"amount-description\":\"Principal Promo\",\"amount\":\"0.00\"}"], ["transaction_id", nil], ["expense_id", nil], ["created_at", "2026-05-19 02:49:29.348400"], ["updated_at", "2026-05-19 02:49:29.348400"]]
  [1m[36mTRANSACTION (1.7ms)[0m  [1m[36mcommit transaction[0m
  [1m[36mTRANSACTION (0.0ms)[0m  [1m[36mbegin transaction[0m
  [1m[36mAmazonImportRow Create (0.1ms)[0m  [1m[32mINSERT INTO "amazon_import_rows" ("amazon_import_batch_id", "source_row_number", "posted_on", "settlement_id", "order_id", "transaction_type", "amount_type", "amount_description", "description", "marketplace", "amount_cents", "tax_category", "status", "raw_data", "transaction_id", "expense_id", "created_at", "updated_at") VALUES (?, ?, ?, ?, ?, ?, ?, ?, ?, ?, ?, ?, ?, ?, ?, ?, ?, ?)[0m  [["amazon_import_batch_id", 4], ["source_row_number", 22], ["posted_on", "2026-02-17"], ["settlement_id", "100000000103"], ["order_id", "113-3003124-7003003"], ["transaction_type", "Order"], ["amount_type", "ItemFees"], ["amount_description", "Commission"], ["description", "Order - ItemFees - Commission"], ["marketplace", "Amazon.com"], ["amount_cents", -735], ["tax_category", "amazon_fees"], ["status", 0], ["raw_data", "{\"settlement-id\":\"100000000103\",\"settlement-start-date\":\"2026-02-01\",\"settlement-end-date\":\"2026-02-14\",\"deposit-date\":\"2026-02-17\",\"total-amount\":\"61.29\",\"currency\":\"USD\",\"transaction-type\":\"Order\",\"order-id\":\"113-3003124-7003003\",\"merchant-order-id\":\"M-202602-003\",\"adjustment-id\":null,\"shipment-id\":\"SH-30003\",\"marketplace-name\":\"Amazon.com\",\"amount-type\":\"ItemFees\",\"amount-description\":\"Commission\",\"amount\":\"-7.35\"}"], ["transaction_id", nil], ["expense_id", nil], ["created_at", "2026-05-19 02:49:29.351404"], ["updated_at", "2026-05-19 02:49:29.351404"]]
  [1m[36mTRANSACTION (1.2ms)[0m  [1m[36mcommit transaction[0m
  [1m[36mTRANSACTION (0.0ms)[0m  [1m[36mbegin transaction[0m
  [1m[36mAmazonImportRow Create (0.1ms)[0m  [1m[32mINSERT INTO "amazon_import_rows" ("amazon_import_batch_id", "source_row_number", "posted_on", "settlement_id", "order_id", "transaction_type", "amount_type", "amount_description", "description", "marketplace", "amount_cents", "tax_category", "status", "raw_data", "transaction_id", "expense_id", "created_at", "updated_at") VALUES (?, ?, ?, ?, ?, ?, ?, ?, ?, ?, ?, ?, ?, ?, ?, ?, ?, ?)[0m  [["amazon_import_batch_id", 4], ["source_row_number", 23], ["posted_on", "2026-02-17"], ["settlement_id", "100000000103"], ["order_id", "113-3003124-7003003"], ["transaction_type", "Order"], ["amount_type", "FBAFees"], ["amount_description", "FBA Pick & Pack Fee"], ["description", "Order - FBAFees - FBA Pick & Pack Fee"], ["marketplace", "Amazon.com"], ["amount_cents", -538], ["tax_category", "fba_fees"], ["status", 0], ["raw_data", "{\"settlement-id\":\"100000000103\",\"settlement-start-date\":\"2026-02-01\",\"settlement-end-date\":\"2026-02-14\",\"deposit-date\":\"2026-02-17\",\"total-amount\":\"61.29\",\"currency\":\"USD\",\"transaction-type\":\"Order\",\"order-id\":\"113-3003124-7003003\",\"merchant-order-id\":\"M-202602-003\",\"adjustment-id\":null,\"shipment-id\":\"SH-30003\",\"marketplace-name\":\"Amazon.com\",\"amount-type\":\"FBAFees\",\"amount-description\":\"FBA Pick \\u0026 Pack Fee\",\"amount\":\"-5.38\"}"], ["transaction_id", nil], ["expense_id", nil], ["created_at", "2026-05-19 02:49:29.353995"], ["updated_at", "2026-05-19 02:49:29.353995"]]
  [1m[36mTRANSACTION (1.8ms)[0m  [1m[36mcommit transaction[0m
  [1m[36mTRANSACTION (0.0ms)[0m  [1m[36mbegin transaction[0m
  [1m[36mAmazonImportRow Create (0.2ms)[0m  [1m[32mINSERT INTO "amazon_import_rows" ("amazon_import_batch_id", "source_row_number", "posted_on", "settlement_id", "order_id", "transaction_type", "amount_type", "amount_description", "description", "marketplace", "amount_cents", "tax_category", "status", "raw_data", "transaction_id", "expense_id", "created_at", "updated_at") VALUES (?, ?, ?, ?, ?, ?, ?, ?, ?, ?, ?, ?, ?, ?, ?, ?, ?, ?)[0m  [["amazon_import_batch_id", 4], ["source_row_number", 24], ["posted_on", "2026-02-17"], ["settlement_id", "100000000103"], ["order_id", "113-3003124-7003003"], ["transaction_type", "Order"], ["amount_type", "ItemFees"], ["amount_description", "Fixed Closing Fee"], ["description", "Order - ItemFees - Fixed Closing Fee"], ["marketplace", "Amazon.com"], ["amount_cents", -180], ["tax_category", "amazon_fees"], ["status", 0], ["raw_data", "{\"settlement-id\":\"100000000103\",\"settlement-start-date\":\"2026-02-01\",\"settlement-end-date\":\"2026-02-14\",\"deposit-date\":\"2026-02-17\",\"total-amount\":\"61.29\",\"currency\":\"USD\",\"transaction-type\":\"Order\",\"order-id\":\"113-3003124-7003003\",\"merchant-order-id\":\"M-202602-003\",\"adjustment-id\":null,\"shipment-id\":\"SH-30003\",\"marketplace-name\":\"Amazon.com\",\"amount-type\":\"ItemFees\",\"amount-description\":\"Fixed Closing Fee\",\"amount\":\"-1.80\"}"], ["transaction_id", nil], ["expense_id", nil], ["created_at", "2026-05-19 02:49:29.357707"], ["updated_at", "2026-05-19 02:49:29.357707"]]
  [1m[36mTRANSACTION (2.3ms)[0m  [1m[36mcommit transaction[0m
  [1m[36mTRANSACTION (0.0ms)[0m  [1m[36mbegin transaction[0m
  [1m[36mAmazonImportRow Create (0.1ms)[0m  [1m[32mINSERT INTO "amazon_import_rows" ("amazon_import_batch_id", "source_row_number", "posted_on", "settlement_id", "order_id", "transaction_type", "amount_type", "amount_description", "description", "marketplace", "amount_cents", "tax_category", "status", "raw_data", "transaction_id", "expense_id", "created_at", "updated_at") VALUES (?, ?, ?, ?, ?, ?, ?, ?, ?, ?, ?, ?, ?, ?, ?, ?, ?, ?)[0m  [["amazon_import_batch_id", 4], ["source_row_number", 25], ["posted_on", "2026-02-17"], ["settlement_id", "100000000103"], ["order_id", "113-3002123-7003002"], ["transaction_type", "Refund"], ["amount_type", "ItemPrice"], ["amount_description", "Principal"], ["description", "Refund - ItemPrice - Principal"], ["marketplace", "Amazon.com"], ["amount_cents", -6875], ["tax_category", "refunds_returns"], ["status", 0], ["raw_data", "{\"settlement-id\":\"100000000103\",\"settlement-start-date\":\"2026-02-01\",\"settlement-end-date\":\"2026-02-14\",\"deposit-date\":\"2026-02-17\",\"total-amount\":\"61.29\",\"currency\":\"USD\",\"transaction-type\":\"Refund\",\"order-id\":\"113-3002123-7003002\",\"merchant-order-id\":\"M-202602-002\",\"adjustment-id\":null,\"shipment-id\":\"SH-30002\",\"marketplace-name\":\"Amazon.com\",\"amount-type\":\"ItemPrice\",\"amount-description\":\"Principal\",\"amount\":\"-68.75\"}"], ["transaction_id", nil], ["expense_id", nil], ["created_at", "2026-05-19 02:49:29.361699"], ["updated_at", "2026-05-19 02:49:29.361699"]]
  [1m[36mTRANSACTION (1.2ms)[0m  [1m[36mcommit transaction[0m
  [1m[36mTRANSACTION (0.0ms)[0m  [1m[36mbegin transaction[0m
  [1m[36mAmazonImportRow Create (0.1ms)[0m  [1m[32mINSERT INTO "amazon_import_rows" ("amazon_import_batch_id", "source_row_number", "posted_on", "settlement_id", "order_id", "transaction_type", "amount_type", "amount_description", "description", "marketplace", "amount_cents", "tax_category", "status", "raw_data", "transaction_id", "expense_id", "created_at", "updated_at") VALUES (?, ?, ?, ?, ?, ?, ?, ?, ?, ?, ?, ?, ?, ?, ?, ?, ?, ?)[0m  [["amazon_import_batch_id", 4], ["source_row_number", 26], ["posted_on", "2026-02-17"], ["settlement_id", "100000000103"], ["order_id", "113-3002123-7003002"], ["transaction_type", "Refund"], ["amount_type", "ItemPrice"], ["amount_description", "Tax"], ["description", "Refund - ItemPrice - Tax"], ["marketplace", "Amazon.com"], ["amount_cents", -464], ["tax_category", "refunds_returns"], ["status", 0], ["raw_data", "{\"settlement-id\":\"100000000103\",\"settlement-start-date\":\"2026-02-01\",\"settlement-end-date\":\"2026-02-14\",\"deposit-date\":\"2026-02-17\",\"total-amount\":\"61.29\",\"currency\":\"USD\",\"transaction-type\":\"Refund\",\"order-id\":\"113-3002123-7003002\",\"merchant-order-id\":\"M-202602-002\",\"adjustment-id\":null,\"shipment-id\":\"SH-30002\",\"marketplace-name\":\"Amazon.com\",\"amount-type\":\"ItemPrice\",\"amount-description\":\"Tax\",\"amount\":\"-4.64\"}"], ["transaction_id", nil], ["expense_id", nil], ["created_at", "2026-05-19 02:49:29.364324"], ["updated_at", "2026-05-19 02:49:29.364324"]]
  [1m[36mTRANSACTION (1.5ms)[0m  [1m[36mcommit transaction[0m
  [1m[36mTRANSACTION (0.0ms)[0m  [1m[36mbegin transaction[0m
  [1m[36mAmazonImportRow Create (0.1ms)[0m  [1m[32mINSERT INTO "amazon_import_rows" ("amazon_import_batch_id", "source_row_number", "posted_on", "settlement_id", "order_id", "transaction_type", "amount_type", "amount_description", "description", "marketplace", "amount_cents", "tax_category", "status", "raw_data", "transaction_id", "expense_id", "created_at", "updated_at") VALUES (?, ?, ?, ?, ?, ?, ?, ?, ?, ?, ?, ?, ?, ?, ?, ?, ?, ?)[0m  [["amazon_import_batch_id", 4], ["source_row_number", 27], ["posted_on", "2026-02-17"], ["settlement_id", "100000000103"], ["order_id", "113-3002123-7003002"], ["transaction_type", "Refund"], ["amount_type", "ItemFees"], ["amount_description", "Commission Refund"], ["description", "Refund - ItemFees - Commission Refund"], ["marketplace", "Amazon.com"], ["amount_cents", 1031], ["tax_category", "refunds_returns"], ["status", 0], ["raw_data", "{\"settlement-id\":\"100000000103\",\"settlement-start-date\":\"2026-02-01\",\"settlement-end-date\":\"2026-02-14\",\"deposit-date\":\"2026-02-17\",\"total-amount\":\"61.29\",\"currency\":\"USD\",\"transaction-type\":\"Refund\",\"order-id\":\"113-3002123-7003002\",\"merchant-order-id\":\"M-202602-002\",\"adjustment-id\":null,\"shipment-id\":\"SH-30002\",\"marketplace-name\":\"Amazon.com\",\"amount-type\":\"ItemFees\",\"amount-description\":\"Commission Refund\",\"amount\":\"10.31\"}"], ["transaction_id", nil], ["expense_id", nil], ["created_at", "2026-05-19 02:49:29.367127"], ["updated_at", "2026-05-19 02:49:29.367127"]]
  [1m[36mTRANSACTION (1.5ms)[0m  [1m[36mcommit transaction[0m
  [1m[36mTRANSACTION (0.0ms)[0m  [1m[36mbegin transaction[0m
  [1m[36mAmazonImportRow Create (0.3ms)[0m  [1m[32mINSERT INTO "amazon_import_rows" ("amazon_import_batch_id", "source_row_number", "posted_on", "settlement_id", "order_id", "transaction_type", "amount_type", "amount_description", "description", "marketplace", "amount_cents", "tax_category", "status", "raw_data", "transaction_id", "expense_id", "created_at", "updated_at") VALUES (?, ?, ?, ?, ?, ?, ?, ?, ?, ?, ?, ?, ?, ?, ?, ?, ?, ?)[0m  [["amazon_import_batch_id", 4], ["source_row_number", 28], ["posted_on", "2026-02-17"], ["settlement_id", "100000000103"], ["order_id", "113-3002123-7003002"], ["transaction_type", "Refund"], ["amount_type", "FBAFees"], ["amount_description", "Refund Administration Fee"], ["description", "Refund - FBAFees - Refund Administration Fee"], ["marketplace", "Amazon.com"], ["amount_cents", -125], ["tax_category", "refunds_returns"], ["status", 0], ["raw_data", "{\"settlement-id\":\"100000000103\",\"settlement-start-date\":\"2026-02-01\",\"settlement-end-date\":\"2026-02-14\",\"deposit-date\":\"2026-02-17\",\"total-amount\":\"61.29\",\"currency\":\"USD\",\"transaction-type\":\"Refund\",\"order-id\":\"113-3002123-7003002\",\"merchant-order-id\":\"M-202602-002\",\"adjustment-id\":null,\"shipment-id\":\"SH-30002\",\"marketplace-name\":\"Amazon.com\",\"amount-type\":\"FBAFees\",\"amount-description\":\"Refund Administration Fee\",\"amount\":\"-1.25\"}"], ["transaction_id", nil], ["expense_id", nil], ["created_at", "2026-05-19 02:49:29.370006"], ["updated_at", "2026-05-19 02:49:29.370006"]]
  [1m[36mTRANSACTION (1.9ms)[0m  [1m[36mcommit transaction[0m
  [1m[36mTRANSACTION (0.0ms)[0m  [1m[36mbegin transaction[0m
  [1m[36mAmazonImportRow Create (0.1ms)[0m  [1m[32mINSERT INTO "amazon_import_rows" ("amazon_import_batch_id", "source_row_number", "posted_on", "settlement_id", "order_id", "transaction_type", "amount_type", "amount_description", "description", "marketplace", "amount_cents", "tax_category", "status", "raw_data", "transaction_id", "expense_id", "created_at", "updated_at") VALUES (?, ?, ?, ?, ?, ?, ?, ?, ?, ?, ?, ?, ?, ?, ?, ?, ?, ?)[0m  [["amazon_import_batch_id", 4], ["source_row_number", 29], ["posted_on", "2026-02-17"], ["settlement_id", "100000000103"], ["order_id", nil], ["transaction_type", "Adjustment"], ["amount_type", "Adjustment"], ["amount_description", "Inventory Reimbursement"], ["description", "Adjustment - Adjustment - Inventory Reimbursement"], ["marketplace", "Amazon.com"], ["amount_cents", 1250], ["tax_category", "reimbursements"], ["status", 0], ["raw_data", "{\"settlement-id\":\"100000000103\",\"settlement-start-date\":\"2026-02-01\",\"settlement-end-date\":\"2026-02-14\",\"deposit-date\":\"2026-02-17\",\"total-amount\":\"61.29\",\"currency\":\"USD\",\"transaction-type\":\"Adjustment\",\"order-id\":null,\"merchant-order-id\":null,\"adjustment-id\":\"ADJ-0103-01\",\"shipment-id\":null,\"marketplace-name\":\"Amazon.com\",\"amount-type\":\"Adjustment\",\"amount-description\":\"Inventory Reimbursement\",\"amount\":\"12.50\"}"], ["transaction_id", nil], ["expense_id", nil], ["created_at", "2026-05-19 02:49:29.373447"], ["updated_at", "2026-05-19 02:49:29.373447"]]
  [1m[36mTRANSACTION (1.4ms)[0m  [1m[36mcommit transaction[0m
  [1m[36mTRANSACTION (0.0ms)[0m  [1m[36mbegin transaction[0m
  [1m[36mAmazonImportRow Create (0.1ms)[0m  [1m[32mINSERT INTO "amazon_import_rows" ("amazon_import_batch_id", "source_row_number", "posted_on", "settlement_id", "order_id", "transaction_type", "amount_type", "amount_description", "description", "marketplace", "amount_cents", "tax_category", "status", "raw_data", "transaction_id", "expense_id", "created_at", "updated_at") VALUES (?, ?, ?, ?, ?, ?, ?, ?, ?, ?, ?, ?, ?, ?, ?, ?, ?, ?)[0m  [["amazon_import_batch_id", 4], ["source_row_number", 30], ["posted_on", "2026-02-17"], ["settlement_id", "100000000103"], ["order_id", nil], ["transaction_type", "Transfer"], ["amount_type", "AccountLevel"], ["amount_description", "Previous Reserve Amount Balance"], ["description", "Transfer - AccountLevel - Previous Reserve Amount Balance"], ["marketplace", "Amazon.com"], ["amount_cents", 2500], ["tax_category", "reserves_adjustments"], ["status", 0], ["raw_data", "{\"settlement-id\":\"100000000103\",\"settlement-start-date\":\"2026-02-01\",\"settlement-end-date\":\"2026-02-14\",\"deposit-date\":\"2026-02-17\",\"total-amount\":\"61.29\",\"currency\":\"USD\",\"transaction-type\":\"Transfer\",\"order-id\":null,\"merchant-order-id\":null,\"adjustment-id\":null,\"shipment-id\":null,\"marketplace-name\":\"Amazon.com\",\"amount-type\":\"AccountLevel\",\"amount-description\":\"Previous Reserve Amount Balance\",\"amount\":\"25.00\"}"], ["transaction_id", nil], ["expense_id", nil], ["created_at", "2026-05-19 02:49:29.376152"], ["updated_at", "2026-05-19 02:49:29.376152"]]
  [1m[36mTRANSACTION (2.4ms)[0m  [1m[36mcommit transaction[0m
  [1m[36mTRANSACTION (0.0ms)[0m  [1m[36mbegin transaction[0m
  [1m[36mAmazonImportRow Create (0.2ms)[0m  [1m[32mINSERT INTO "amazon_import_rows" ("amazon_import_batch_id", "source_row_number", "posted_on", "settlement_id", "order_id", "transaction_type", "amount_type", "amount_description", "description", "marketplace", "amount_cents", "tax_category", "status", "raw_data", "transaction_id", "expense_id", "created_at", "updated_at") VALUES (?, ?, ?, ?, ?, ?, ?, ?, ?, ?, ?, ?, ?, ?, ?, ?, ?, ?)[0m  [["amazon_import_batch_id", 4], ["source_row_number", 31], ["posted_on", "2026-02-17"], ["settlement_id", "100000000103"], ["order_id", nil], ["transaction_type", "Transfer"], ["amount_type", "AccountLevel"], ["amount_description", "Current Reserve Amount"], ["description", "Transfer - AccountLevel - Current Reserve Amount"], ["marketplace", "Amazon.com"], ["amount_cents", -3500], ["tax_category", "reserves_adjustments"], ["status", 0], ["raw_data", "{\"settlement-id\":\"100000000103\",\"settlement-start-date\":\"2026-02-01\",\"settlement-end-date\":\"2026-02-14\",\"deposit-date\":\"2026-02-17\",\"total-amount\":\"61.29\",\"currency\":\"USD\",\"transaction-type\":\"Transfer\",\"order-id\":null,\"merchant-order-id\":null,\"adjustment-id\":null,\"shipment-id\":null,\"marketplace-name\":\"Amazon.com\",\"amount-type\":\"AccountLevel\",\"amount-description\":\"Current Reserve Amount\",\"amount\":\"-35.00\"}"], ["transaction_id", nil], ["expense_id", nil], ["created_at", "2026-05-19 02:49:29.379913"], ["updated_at", "2026-05-19 02:49:29.379913"]]
  [1m[36mTRANSACTION (1.5ms)[0m  [1m[36mcommit transaction[0m
  [1m[36mTRANSACTION (0.0ms)[0m  [1m[36mbegin transaction[0m
  [1m[36mAmazonImportRow Create (0.1ms)[0m  [1m[32mINSERT INTO "amazon_import_rows" ("amazon_import_batch_id", "source_row_number", "posted_on", "settlement_id", "order_id", "transaction_type", "amount_type", "amount_description", "description", "marketplace", "amount_cents", "tax_category", "status", "raw_data", "transaction_id", "expense_id", "created_at", "updated_at") VALUES (?, ?, ?, ?, ?, ?, ?, ?, ?, ?, ?, ?, ?, ?, ?, ?, ?, ?)[0m  [["amazon_import_batch_id", 4], ["source_row_number", 32], ["posted_on", "2026-02-17"], ["settlement_id", "100000000103"], ["order_id", "113-3003124-7003003"], ["transaction_type", "Order"], ["amount_type", "Other"], ["amount_description", "Balance Adjustment"], ["description", "Order - Other - Balance Adjustment"], ["marketplace", "Amazon.com"], ["amount_cents", 0], ["tax_category", "reserves_adjustments"], ["status", 0], ["raw_data", "{\"settlement-id\":\"100000000103\",\"settlement-start-date\":\"2026-02-01\",\"settlement-end-date\":\"2026-02-14\",\"deposit-date\":\"2026-02-17\",\"total-amount\":\"61.29\",\"currency\":\"USD\",\"transaction-type\":\"Order\",\"order-id\":\"113-3003124-7003003\",\"merchant-order-id\":\"M-202602-003\",\"adjustment-id\":null,\"shipment-id\":\"SH-30003\",\"marketplace-name\":\"Amazon.com\",\"amount-type\":\"Other\",\"amount-description\":\"Balance Adjustment\",\"amount\":\"0.00\"}"], ["transaction_id", nil], ["expense_id", nil], ["created_at", "2026-05-19 02:49:29.382714"], ["updated_at", "2026-05-19 02:49:29.382714"]]
  [1m[36mTRANSACTION (1.7ms)[0m  [1m[36mcommit transaction[0m
  [1m[36mTRANSACTION (0.0ms)[0m  [1m[36mbegin transaction[0m
  [1m[36mAmazonImportRow Create (0.1ms)[0m  [1m[32mINSERT INTO "amazon_import_rows" ("amazon_import_batch_id", "source_row_number", "posted_on", "settlement_id", "order_id", "transaction_type", "amount_type", "amount_description", "description", "marketplace", "amount_cents", "tax_category", "status", "raw_data", "transaction_id", "expense_id", "created_at", "updated_at") VALUES (?, ?, ?, ?, ?, ?, ?, ?, ?, ?, ?, ?, ?, ?, ?, ?, ?, ?)[0m  [["amazon_import_batch_id", 4], ["source_row_number", 33], ["posted_on", "2026-02-17"], ["settlement_id", "100000000103"], ["order_id", "113-3003124-7003003"], ["transaction_type", "Order"], ["amount_type", "ItemFees"], ["amount_description", "Shipping Chargeback"], ["description", "Order - ItemFees - Shipping Chargeback"], ["marketplace", "Amazon.com"], ["amount_cents", -499], ["tax_category", "shipping"], ["status", 0], ["raw_data", "{\"settlement-id\":\"100000000103\",\"settlement-start-date\":\"2026-02-01\",\"settlement-end-date\":\"2026-02-14\",\"deposit-date\":\"2026-02-17\",\"total-amount\":\"61.29\",\"currency\":\"USD\",\"transaction-type\":\"Order\",\"order-id\":\"113-3003124-7003003\",\"merchant-order-id\":null,\"adjustment-id\":null,\"shipment-id\":\"SH-30003\",\"marketplace-name\":\"Amazon.com\",\"amount-type\":\"ItemFees\",\"amount-description\":\"Shipping Chargeback\",\"amount\":\"-4.99\"}"], ["transaction_id", nil], ["expense_id", nil], ["created_at", "2026-05-19 02:49:29.385768"], ["updated_at", "2026-05-19 02:49:29.385768"]]
  [1m[36mTRANSACTION (1.3ms)[0m  [1m[36mcommit transaction[0m
  [1m[36mAmazonImportRow Count (0.1ms)[0m  [1m[34mSELECT COUNT(*) FROM "amazon_import_rows" WHERE "amazon_import_rows"."amazon_import_batch_id" = ?[0m  [["amazon_import_batch_id", 4]]
  [1m[36mAmazonImportRow Exists? (0.1ms)[0m  [1m[34mSELECT 1 AS one FROM "amazon_import_rows" WHERE "amazon_import_rows"."amazon_import_batch_id" = ? AND "amazon_import_rows"."status" = ? LIMIT ?[0m  [["amazon_import_batch_id", 4], ["status", 0], ["LIMIT", 1]]
  [1m[36mTRANSACTION (0.0ms)[0m  [1m[36mbegin transaction[0m
  [1m[36mAmazonImportBatch Update (0.1ms)[0m  [1m[33mUPDATE "amazon_import_batches" SET "row_count" = ?, "updated_at" = ? WHERE "amazon_import_batches"."id" = ?[0m  [["row_count", 32], ["updated_at", "2026-05-19 02:49:29.388829"], ["id", 4]]
  [1m[36mTRANSACTION (1.3ms)[0m  [1m[36mcommit transaction[0m
Redirected to http://nas:3002/amazon-imports/4
Completed 302 Found in 122ms (ActiveRecord: 67.7ms | Allocations: 55613)


Started GET "/amazon-imports/4" for 100.108.203.87 at 2026-05-18 20:49:29 -0600
Processing by AmazonImportBatchesController#show as HTML
  Parameters: {"id"=>"4"}
  [1m[36mAmazonImportBatch Load (0.0ms)[0m  [1m[34mSELECT "amazon_import_batches".* FROM "amazon_import_batches" WHERE "amazon_import_batches"."id" = ? LIMIT ?[0m  [["id", 4], ["LIMIT", 1]]
  Rendering layout layouts/application.html.erb
  Rendering amazon_import_batches/show.html.erb within layouts/application
  [1m[36mAmazonImportRow Load (0.2ms)[0m  [1m[34mSELECT "amazon_import_rows".* FROM "amazon_import_rows" WHERE "amazon_import_rows"."amazon_import_batch_id" = ? ORDER BY "amazon_import_rows"."source_row_number" ASC[0m  [["amazon_import_batch_id", 4]]
  Rendered amazon_import_batches/show.html.erb within layouts/application (Duration: 17.9ms | Allocations: 27289)
  Rendered layout layouts/application.html.erb (Duration: 18.3ms | Allocations: 27557)
Completed 200 OK in 19ms (Views: 18.4ms | ActiveRecord: 0.2ms | Allocations: 28096)


Started GET "/amazon-imports/4" for 100.108.203.87 at 2026-05-18 20:51:32 -0600
Processing by AmazonImportBatchesController#show as HTML
  Parameters: {"id"=>"4"}
  [1m[36mAmazonImportBatch Load (0.1ms)[0m  [1m[34mSELECT "amazon_import_batches".* FROM "amazon_import_batches" WHERE "amazon_import_batches"."id" = ? LIMIT ?[0m  [["id", 4], ["LIMIT", 1]]
  Rendering layout layouts/application.html.erb
  Rendering amazon_import_batches/show.html.erb within layouts/application
  [1m[36mAmazonImportRow Load (0.3ms)[0m  [1m[34mSELECT "amazon_import_rows".* FROM "amazon_import_rows" WHERE "amazon_import_rows"."amazon_import_batch_id" = ? ORDER BY "amazon_import_rows"."source_row_number" ASC[0m  [["amazon_import_batch_id", 4]]
  Rendered amazon_import_batches/show.html.erb within layouts/application (Duration: 20.4ms | Allocations: 27243)
  Rendered layout layouts/application.html.erb (Duration: 20.6ms | Allocations: 27505)
Completed 200 OK in 22ms (Views: 20.7ms | ActiveRecord: 0.4ms | Allocations: 28044)


Started GET "/" for 100.108.203.87 at 2026-05-19 08:09:27 -0600
Processing by DashboardController#index as HTML
  [1m[36mAccount Sum (0.1ms)[0m  [1m[34mSELECT SUM("accounts"."balance_cents") FROM "accounts" WHERE "accounts"."kind" = ?[0m  [["kind", 0]]
  [1m[36mTransaction Sum (0.2ms)[0m  [1m[34mSELECT SUM("transactions"."amount_cents") FROM "transactions" INNER JOIN "accounts" ON "accounts"."id" = "transactions"."credit_account_id" WHERE "transactions"."transacted_on" BETWEEN ? AND ? AND "accounts"."kind" = ?[0m  [["transacted_on", "2026-05-01"], ["transacted_on", "2026-05-31"], ["kind", 3]]
  [1m[36mTransaction Sum (0.1ms)[0m  [1m[34mSELECT SUM("transactions"."amount_cents") FROM "transactions" INNER JOIN "accounts" ON "accounts"."id" = "transactions"."debit_account_id" WHERE "transactions"."transacted_on" BETWEEN ? AND ? AND "accounts"."kind" = ?[0m  [["transacted_on", "2026-05-01"], ["transacted_on", "2026-05-31"], ["kind", 4]]
  [1m[36mInvoice Sum (0.1ms)[0m  [1m[34mSELECT SUM("invoices"."total_cents") FROM "invoices" WHERE "invoices"."status" IN (?, ?)[0m  [["status", 1], ["status", 3]]
  [1m[36mExpense Sum (0.1ms)[0m  [1m[34mSELECT SUM("expenses"."amount_cents") AS "sum_amount_cents", "expenses"."category" AS "expenses_category" FROM "expenses" WHERE "expenses"."spent_on" BETWEEN ? AND ? GROUP BY "expenses"."category"[0m  [["spent_on", "2026-05-01"], ["spent_on", "2026-05-31"]]
  [1m[36mAmazonImportRow Load (0.6ms)[0m  [1m[34mSELECT "amazon_import_rows".* FROM "amazon_import_rows" WHERE "amazon_import_rows"."status" = ? AND "amazon_import_rows"."posted_on" BETWEEN ? AND ?[0m  [["status", 1], ["posted_on", "2026-01-01"], ["posted_on", "2026-12-31"]]
  [1m[36mAmazonImportRow Count (0.3ms)[0m  [1m[34mSELECT COUNT(*) FROM "amazon_import_rows" WHERE "amazon_import_rows"."status" = ? AND "amazon_import_rows"."tax_category" = ?[0m  [["status", 0], ["tax_category", "uncategorized"]]
  [1m[36mAmazonImportRow Count (0.1ms)[0m  [1m[34mSELECT COUNT(*) FROM "amazon_import_rows" WHERE "amazon_import_rows"."status" = ?[0m  [["status", 0]]
  Rendering layout layouts/application.html.erb
  Rendering dashboard/index.html.erb within layouts/application
  [1m[36mTransaction Load (0.2ms)[0m  [1m[34mSELECT "transactions".* FROM "transactions" ORDER BY "transactions"."transacted_on" DESC LIMIT ?[0m  [["LIMIT", 8]]
  [1m[36mAccount Load (0.1ms)[0m  [1m[34mSELECT "accounts".* FROM "accounts" WHERE "accounts"."id" = ?[0m  [["id", 1]]
  [1m[36mAccount Load (0.1ms)[0m  [1m[34mSELECT "accounts".* FROM "accounts" WHERE "accounts"."id" = ?[0m  [["id", 2]]
  Rendered dashboard/index.html.erb within layouts/application (Duration: 28.6ms | Allocations: 39551)
  Rendered layout layouts/application.html.erb (Duration: 33.0ms | Allocations: 40667)
Completed 200 OK in 119ms (Views: 35.1ms | ActiveRecord: 4.5ms | Allocations: 136393)


Started GET "/favicon.ico" for 100.108.203.87 at 2026-05-19 08:09:27 -0600
  
ActionController::RoutingError (No route matches [GET] "/favicon.ico"):
  
Started GET "/amazon-imports" for 100.108.203.87 at 2026-05-19 08:09:30 -0600
Processing by AmazonImportBatchesController#index as HTML
  Rendering layout layouts/application.html.erb
  Rendering amazon_import_batches/index.html.erb within layouts/application
  [1m[36mAmazonImportBatch Load (0.2ms)[0m  [1m[34mSELECT "amazon_import_batches".* FROM "amazon_import_batches" ORDER BY "amazon_import_batches"."imported_at" DESC[0m
  Rendered amazon_import_batches/index.html.erb within layouts/application (Duration: 6.3ms | Allocations: 15335)
  Rendered layout layouts/application.html.erb (Duration: 7.2ms | Allocations: 15861)
Completed 200 OK in 12ms (Views: 7.6ms | ActiveRecord: 0.6ms | Allocations: 20462)


Started GET "/tax-packet" for 100.108.203.87 at 2026-05-19 08:09:30 -0600
Processing by TaxPacketsController#show as HTML
  [1m[36mAmazonImportRow Load (0.2ms)[0m  [1m[34mSELECT "amazon_import_rows".* FROM "amazon_import_rows" WHERE "amazon_import_rows"."status" = ? AND "amazon_import_rows"."posted_on" BETWEEN ? AND ?[0m  [["status", 1], ["posted_on", "2026-01-01"], ["posted_on", "2026-12-31"]]
  [1m[36mAmazonImportRow Count (0.1ms)[0m  [1m[34mSELECT COUNT(*) FROM "amazon_import_rows" WHERE "amazon_import_rows"."status" = ? AND "amazon_import_rows"."tax_category" = ?[0m  [["status", 0], ["tax_category", "uncategorized"]]
  Rendering layout layouts/application.html.erb
  Rendering tax_packets/show.html.erb within layouts/application
  [1m[36mAmazonImportRow Load (0.2ms)[0m  [1m[34mSELECT "amazon_import_rows".* FROM "amazon_import_rows" WHERE "amazon_import_rows"."status" = ? AND "amazon_import_rows"."posted_on" BETWEEN ? AND ? ORDER BY "amazon_import_rows"."posted_on" ASC, "amazon_import_rows"."source_row_number" ASC[0m  [["status", 1], ["posted_on", "2026-01-01"], ["posted_on", "2026-12-31"]]
  Rendered tax_packets/show.html.erb within layouts/application (Duration: 6.4ms | Allocations: 6922)
  Rendered layout layouts/application.html.erb (Duration: 7.0ms | Allocations: 7451)
Completed 200 OK in 10ms (Views: 7.6ms | ActiveRecord: 0.5ms | Allocations: 10065)


Started GET "/tax-packet?year=2024&commit=Update" for 100.108.203.87 at 2026-05-19 08:09:34 -0600
Processing by TaxPacketsController#show as HTML
  Parameters: {"year"=>"2024", "commit"=>"Update"}
  [1m[36mAmazonImportRow Load (0.1ms)[0m  [1m[34mSELECT "amazon_import_rows".* FROM "amazon_import_rows" WHERE "amazon_import_rows"."status" = ? AND "amazon_import_rows"."posted_on" BETWEEN ? AND ?[0m  [["status", 1], ["posted_on", "2024-01-01"], ["posted_on", "2024-12-31"]]
  [1m[36mAmazonImportRow Count (0.1ms)[0m  [1m[34mSELECT COUNT(*) FROM "amazon_import_rows" WHERE "amazon_import_rows"."status" = ? AND "amazon_import_rows"."tax_category" = ?[0m  [["status", 0], ["tax_category", "uncategorized"]]
  Rendering layout layouts/application.html.erb
  Rendering tax_packets/show.html.erb within layouts/application
  [1m[36mAmazonImportRow Load (0.1ms)[0m  [1m[34mSELECT "amazon_import_rows".* FROM "amazon_import_rows" WHERE "amazon_import_rows"."status" = ? AND "amazon_import_rows"."posted_on" BETWEEN ? AND ? ORDER BY "amazon_import_rows"."posted_on" ASC, "amazon_import_rows"."source_row_number" ASC[0m  [["status", 1], ["posted_on", "2024-01-01"], ["posted_on", "2024-12-31"]]
  Rendered tax_packets/show.html.erb within layouts/application (Duration: 1.3ms | Allocations: 1359)
  Rendered layout layouts/application.html.erb (Duration: 2.1ms | Allocations: 1797)
Completed 200 OK in 4ms (Views: 2.5ms | ActiveRecord: 0.2ms | Allocations: 3046)


Started GET "/tax-packet?year=2027&commit=Update" for 100.108.203.87 at 2026-05-19 08:09:38 -0600
Processing by TaxPacketsController#show as HTML
  Parameters: {"year"=>"2027", "commit"=>"Update"}
  [1m[36mAmazonImportRow Load (0.1ms)[0m  [1m[34mSELECT "amazon_import_rows".* FROM "amazon_import_rows" WHERE "amazon_import_rows"."status" = ? AND "amazon_import_rows"."posted_on" BETWEEN ? AND ?[0m  [["status", 1], ["posted_on", "2027-01-01"], ["posted_on", "2027-12-31"]]
  [1m[36mAmazonImportRow Count (0.1ms)[0m  [1m[34mSELECT COUNT(*) FROM "amazon_import_rows" WHERE "amazon_import_rows"."status" = ? AND "amazon_import_rows"."tax_category" = ?[0m  [["status", 0], ["tax_category", "uncategorized"]]
  Rendering layout layouts/application.html.erb
  Rendering tax_packets/show.html.erb within layouts/application
  [1m[36mAmazonImportRow Load (0.1ms)[0m  [1m[34mSELECT "amazon_import_rows".* FROM "amazon_import_rows" WHERE "amazon_import_rows"."status" = ? AND "amazon_import_rows"."posted_on" BETWEEN ? AND ? ORDER BY "amazon_import_rows"."posted_on" ASC, "amazon_import_rows"."source_row_number" ASC[0m  [["status", 1], ["posted_on", "2027-01-01"], ["posted_on", "2027-12-31"]]
  Rendered tax_packets/show.html.erb within layouts/application (Duration: 1.9ms | Allocations: 1351)
  Rendered layout layouts/application.html.erb (Duration: 2.6ms | Allocations: 1779)
Completed 200 OK in 5ms (Views: 2.9ms | ActiveRecord: 0.3ms | Allocations: 2898)


Started GET "/tax-packet?year=2027&commit=Update" for 100.108.203.87 at 2026-05-19 08:09:39 -0600
Processing by TaxPacketsController#show as HTML
  Parameters: {"year"=>"2027", "commit"=>"Update"}
  [1m[36mAmazonImportRow Load (0.1ms)[0m  [1m[34mSELECT "amazon_import_rows".* FROM "amazon_import_rows" WHERE "amazon_import_rows"."status" = ? AND "amazon_import_rows"."posted_on" BETWEEN ? AND ?[0m  [["status", 1], ["posted_on", "2027-01-01"], ["posted_on", "2027-12-31"]]
  [1m[36mAmazonImportRow Count (0.1ms)[0m  [1m[34mSELECT COUNT(*) FROM "amazon_import_rows" WHERE "amazon_import_rows"."status" = ? AND "amazon_import_rows"."tax_category" = ?[0m  [["status", 0], ["tax_category", "uncategorized"]]
  Rendering layout layouts/application.html.erb
  Rendering tax_packets/show.html.erb within layouts/application
  [1m[36mAmazonImportRow Load (0.1ms)[0m  [1m[34mSELECT "amazon_import_rows".* FROM "amazon_import_rows" WHERE "amazon_import_rows"."status" = ? AND "amazon_import_rows"."posted_on" BETWEEN ? AND ? ORDER BY "amazon_import_rows"."posted_on" ASC, "amazon_import_rows"."source_row_number" ASC[0m  [["status", 1], ["posted_on", "2027-01-01"], ["posted_on", "2027-12-31"]]
  Rendered tax_packets/show.html.erb within layouts/application (Duration: 1.4ms | Allocations: 1351)
  Rendered layout layouts/application.html.erb (Duration: 2.0ms | Allocations: 1777)
Completed 200 OK in 4ms (Views: 2.3ms | ActiveRecord: 0.2ms | Allocations: 2907)


Started GET "/amazon-imports" for 100.108.203.87 at 2026-05-19 08:09:42 -0600
Processing by AmazonImportBatchesController#index as HTML
  Rendering layout layouts/application.html.erb
  Rendering amazon_import_batches/index.html.erb within layouts/application
  [1m[36mAmazonImportBatch Load (0.1ms)[0m  [1m[34mSELECT "amazon_import_batches".* FROM "amazon_import_batches" ORDER BY "amazon_import_batches"."imported_at" DESC[0m
  Rendered amazon_import_batches/index.html.erb within layouts/application (Duration: 0.7ms | Allocations: 422)
  Rendered layout layouts/application.html.erb (Duration: 1.2ms | Allocations: 864)
Completed 200 OK in 2ms (Views: 1.5ms | ActiveRecord: 0.1ms | Allocations: 1189)


Started GET "/amazon-imports/4" for 100.108.203.87 at 2026-05-19 08:09:44 -0600
Processing by AmazonImportBatchesController#show as HTML
  Parameters: {"id"=>"4"}
  [1m[36mAmazonImportBatch Load (0.1ms)[0m  [1m[34mSELECT "amazon_import_batches".* FROM "amazon_import_batches" WHERE "amazon_import_batches"."id" = ? LIMIT ?[0m  [["id", 4], ["LIMIT", 1]]
  Rendering layout layouts/application.html.erb
  Rendering amazon_import_batches/show.html.erb within layouts/application
  [1m[36mAmazonImportRow Load (0.6ms)[0m  [1m[34mSELECT "amazon_import_rows".* FROM "amazon_import_rows" WHERE "amazon_import_rows"."amazon_import_batch_id" = ? ORDER BY "amazon_import_rows"."source_row_number" ASC[0m  [["amazon_import_batch_id", 4]]
  Rendered amazon_import_batches/show.html.erb within layouts/application (Duration: 39.9ms | Allocations: 28925)
  Rendered layout layouts/application.html.erb (Duration: 40.5ms | Allocations: 29213)
Completed 200 OK in 63ms (Views: 40.6ms | ActiveRecord: 0.7ms | Allocations: 33295)


Started GET "/amazon-imports/3" for 100.108.203.87 at 2026-05-19 08:09:46 -0600
Processing by AmazonImportBatchesController#show as HTML
  Parameters: {"id"=>"3"}
  [1m[36mAmazonImportBatch Load (0.1ms)[0m  [1m[34mSELECT "amazon_import_batches".* FROM "amazon_import_batches" WHERE "amazon_import_batches"."id" = ? LIMIT ?[0m  [["id", 3], ["LIMIT", 1]]
  Rendering layout layouts/application.html.erb
  Rendering amazon_import_batches/show.html.erb within layouts/application
  [1m[36mAmazonImportRow Load (0.3ms)[0m  [1m[34mSELECT "amazon_import_rows".* FROM "amazon_import_rows" WHERE "amazon_import_rows"."amazon_import_batch_id" = ? ORDER BY "amazon_import_rows"."source_row_number" ASC[0m  [["amazon_import_batch_id", 3]]
  Rendered amazon_import_batches/show.html.erb within layouts/application (Duration: 7.4ms | Allocations: 5414)
  Rendered layout layouts/application.html.erb (Duration: 8.2ms | Allocations: 5839)
Completed 200 OK in 10ms (Views: 8.3ms | ActiveRecord: 0.4ms | Allocations: 6531)


Started GET "/" for 100.68.15.58 at 2026-05-23 18:48:42 -0600
Processing by DashboardController#index as HTML
  [1m[36mAccount Sum (0.2ms)[0m  [1m[34mSELECT SUM("accounts"."balance_cents") FROM "accounts" WHERE "accounts"."kind" = ?[0m  [["kind", 0]]
  [1m[36mTransaction Sum (0.2ms)[0m  [1m[34mSELECT SUM("transactions"."amount_cents") FROM "transactions" INNER JOIN "accounts" ON "accounts"."id" = "transactions"."credit_account_id" WHERE "transactions"."transacted_on" BETWEEN ? AND ? AND "accounts"."kind" = ?[0m  [["transacted_on", "2026-05-01"], ["transacted_on", "2026-05-31"], ["kind", 3]]
  [1m[36mTransaction Sum (0.2ms)[0m  [1m[34mSELECT SUM("transactions"."amount_cents") FROM "transactions" INNER JOIN "accounts" ON "accounts"."id" = "transactions"."debit_account_id" WHERE "transactions"."transacted_on" BETWEEN ? AND ? AND "accounts"."kind" = ?[0m  [["transacted_on", "2026-05-01"], ["transacted_on", "2026-05-31"], ["kind", 4]]
  [1m[36mInvoice Sum (0.3ms)[0m  [1m[34mSELECT SUM("invoices"."total_cents") FROM "invoices" WHERE "invoices"."status" IN (?, ?)[0m  [["status", 1], ["status", 3]]
  [1m[36mExpense Sum (0.1ms)[0m  [1m[34mSELECT SUM("expenses"."amount_cents") AS "sum_amount_cents", "expenses"."category" AS "expenses_category" FROM "expenses" WHERE "expenses"."spent_on" BETWEEN ? AND ? GROUP BY "expenses"."category"[0m  [["spent_on", "2026-05-01"], ["spent_on", "2026-05-31"]]
  [1m[36mAmazonImportRow Load (0.4ms)[0m  [1m[34mSELECT "amazon_import_rows".* FROM "amazon_import_rows" WHERE "amazon_import_rows"."status" = ? AND "amazon_import_rows"."posted_on" BETWEEN ? AND ?[0m  [["status", 1], ["posted_on", "2026-01-01"], ["posted_on", "2026-12-31"]]
  [1m[36mAmazonImportRow Count (0.2ms)[0m  [1m[34mSELECT COUNT(*) FROM "amazon_import_rows" WHERE "amazon_import_rows"."status" = ? AND "amazon_import_rows"."tax_category" = ?[0m  [["status", 0], ["tax_category", "uncategorized"]]
  [1m[36mAmazonImportRow Count (0.1ms)[0m  [1m[34mSELECT COUNT(*) FROM "amazon_import_rows" WHERE "amazon_import_rows"."status" = ?[0m  [["status", 0]]
  Rendering layout layouts/application.html.erb
  Rendering dashboard/index.html.erb within layouts/application
  [1m[36mTransaction Load (0.1ms)[0m  [1m[34mSELECT "transactions".* FROM "transactions" ORDER BY "transactions"."transacted_on" DESC LIMIT ?[0m  [["LIMIT", 8]]
  [1m[36mAccount Load (0.1ms)[0m  [1m[34mSELECT "accounts".* FROM "accounts" WHERE "accounts"."id" = ?[0m  [["id", 1]]
  [1m[36mAccount Load (0.0ms)[0m  [1m[34mSELECT "accounts".* FROM "accounts" WHERE "accounts"."id" = ?[0m  [["id", 2]]
  Rendered dashboard/index.html.erb within layouts/application (Duration: 24.9ms | Allocations: 39552)
  Rendered layout layouts/application.html.erb (Duration: 28.5ms | Allocations: 40668)
Completed 200 OK in 112ms (Views: 30.6ms | ActiveRecord: 4.8ms | Allocations: 136392)


Started GET "/favicon.ico" for 100.68.15.58 at 2026-05-23 18:48:43 -0600
  
ActionController::RoutingError (No route matches [GET] "/favicon.ico"):
  
Started GET "/" for 100.68.15.58 at 2026-05-23 18:56:17 -0600
Processing by DashboardController#index as HTML
  [1m[36mAccount Sum (0.1ms)[0m  [1m[34mSELECT SUM("accounts"."balance_cents") FROM "accounts" WHERE "accounts"."kind" = ?[0m  [["kind", 0]]
  [1m[36mTransaction Sum (0.1ms)[0m  [1m[34mSELECT SUM("transactions"."amount_cents") FROM "transactions" INNER JOIN "accounts" ON "accounts"."id" = "transactions"."credit_account_id" WHERE "transactions"."transacted_on" BETWEEN ? AND ? AND "accounts"."kind" = ?[0m  [["transacted_on", "2026-05-01"], ["transacted_on", "2026-05-31"], ["kind", 3]]
  [1m[36mTransaction Sum (0.1ms)[0m  [1m[34mSELECT SUM("transactions"."amount_cents") FROM "transactions" INNER JOIN "accounts" ON "accounts"."id" = "transactions"."debit_account_id" WHERE "transactions"."transacted_on" BETWEEN ? AND ? AND "accounts"."kind" = ?[0m  [["transacted_on", "2026-05-01"], ["transacted_on", "2026-05-31"], ["kind", 4]]
  [1m[36mInvoice Sum (0.1ms)[0m  [1m[34mSELECT SUM("invoices"."total_cents") FROM "invoices" WHERE "invoices"."status" IN (?, ?)[0m  [["status", 1], ["status", 3]]
  [1m[36mExpense Sum (0.1ms)[0m  [1m[34mSELECT SUM("expenses"."amount_cents") AS "sum_amount_cents", "expenses"."category" AS "expenses_category" FROM "expenses" WHERE "expenses"."spent_on" BETWEEN ? AND ? GROUP BY "expenses"."category"[0m  [["spent_on", "2026-05-01"], ["spent_on", "2026-05-31"]]
  [1m[36mAmazonImportRow Load (0.2ms)[0m  [1m[34mSELECT "amazon_import_rows".* FROM "amazon_import_rows" WHERE "amazon_import_rows"."status" = ? AND "amazon_import_rows"."posted_on" BETWEEN ? AND ?[0m  [["status", 1], ["posted_on", "2026-01-01"], ["posted_on", "2026-12-31"]]
  [1m[36mAmazonImportRow Count (0.1ms)[0m  [1m[34mSELECT COUNT(*) FROM "amazon_import_rows" WHERE "amazon_import_rows"."status" = ? AND "amazon_import_rows"."tax_category" = ?[0m  [["status", 0], ["tax_category", "uncategorized"]]
  [1m[36mAmazonImportRow Count (0.1ms)[0m  [1m[34mSELECT COUNT(*) FROM "amazon_import_rows" WHERE "amazon_import_rows"."status" = ?[0m  [["status", 0]]
  Rendering layout layouts/application.html.erb
  Rendering dashboard/index.html.erb within layouts/application
  [1m[36mTransaction Load (0.2ms)[0m  [1m[34mSELECT "transactions".* FROM "transactions" ORDER BY "transactions"."transacted_on" DESC LIMIT ?[0m  [["LIMIT", 8]]
  [1m[36mAccount Load (0.1ms)[0m  [1m[34mSELECT "accounts".* FROM "accounts" WHERE "accounts"."id" = ?[0m  [["id", 1]]
  [1m[36mAccount Load (0.0ms)[0m  [1m[34mSELECT "accounts".* FROM "accounts" WHERE "accounts"."id" = ?[0m  [["id", 2]]
  Rendered dashboard/index.html.erb within layouts/application (Duration: 3.3ms | Allocations: 3646)
  Rendered layout layouts/application.html.erb (Duration: 4.3ms | Allocations: 4722)
Completed 200 OK in 11ms (Views: 5.0ms | ActiveRecord: 1.1ms | Allocations: 10012)


Started GET "/amazon-imports/new" for 100.68.15.58 at 2026-05-23 18:56:41 -0600
Processing by AmazonImportBatchesController#new as HTML
  Rendering layout layouts/application.html.erb
  Rendering amazon_import_batches/new.html.erb within layouts/application
  Rendered amazon_import_batches/new.html.erb within layouts/application (Duration: 7.4ms | Allocations: 1686)
  Rendered layout layouts/application.html.erb (Duration: 8.1ms | Allocations: 2002)
Completed 200 OK in 12ms (Views: 11.2ms | ActiveRecord: 0.0ms | Allocations: 2941)


Started GET "/tax-packet" for 100.68.15.58 at 2026-05-23 18:57:29 -0600
Processing by TaxPacketsController#show as HTML
  [1m[36mAmazonImportRow Load (0.2ms)[0m  [1m[34mSELECT "amazon_import_rows".* FROM "amazon_import_rows" WHERE "amazon_import_rows"."status" = ? AND "amazon_import_rows"."posted_on" BETWEEN ? AND ?[0m  [["status", 1], ["posted_on", "2026-01-01"], ["posted_on", "2026-12-31"]]
  [1m[36mAmazonImportRow Count (0.1ms)[0m  [1m[34mSELECT COUNT(*) FROM "amazon_import_rows" WHERE "amazon_import_rows"."status" = ? AND "amazon_import_rows"."tax_category" = ?[0m  [["status", 0], ["tax_category", "uncategorized"]]
  Rendering layout layouts/application.html.erb
  Rendering tax_packets/show.html.erb within layouts/application
  [1m[36mAmazonImportRow Load (0.2ms)[0m  [1m[34mSELECT "amazon_import_rows".* FROM "amazon_import_rows" WHERE "amazon_import_rows"."status" = ? AND "amazon_import_rows"."posted_on" BETWEEN ? AND ? ORDER BY "amazon_import_rows"."posted_on" ASC, "amazon_import_rows"."source_row_number" ASC[0m  [["status", 1], ["posted_on", "2026-01-01"], ["posted_on", "2026-12-31"]]
  Rendered tax_packets/show.html.erb within layouts/application (Duration: 5.3ms | Allocations: 6515)
  Rendered layout layouts/application.html.erb (Duration: 5.8ms | Allocations: 7037)
Completed 200 OK in 8ms (Views: 6.2ms | ActiveRecord: 0.5ms | Allocations: 9646)


Started GET "/amazon-imports" for 100.68.15.58 at 2026-05-23 18:57:32 -0600
Processing by AmazonImportBatchesController#index as HTML
  Rendering layout layouts/application.html.erb
  Rendering amazon_import_batches/index.html.erb within layouts/application
  [1m[36mAmazonImportBatch Load (0.1ms)[0m  [1m[34mSELECT "amazon_import_batches".* FROM "amazon_import_batches" ORDER BY "amazon_import_batches"."imported_at" DESC[0m
  Rendered amazon_import_batches/index.html.erb within layouts/application (Duration: 6.7ms | Allocations: 15254)
  Rendered layout layouts/application.html.erb (Duration: 7.3ms | Allocations: 15759)
Completed 200 OK in 16ms (Views: 7.4ms | ActiveRecord: 0.5ms | Allocations: 19842)


Started GET "/tax-packet" for 100.68.15.58 at 2026-05-23 18:57:37 -0600
Processing by TaxPacketsController#show as HTML
  [1m[36mAmazonImportRow Load (0.8ms)[0m  [1m[34mSELECT "amazon_import_rows".* FROM "amazon_import_rows" WHERE "amazon_import_rows"."status" = ? AND "amazon_import_rows"."posted_on" BETWEEN ? AND ?[0m  [["status", 1], ["posted_on", "2026-01-01"], ["posted_on", "2026-12-31"]]
  [1m[36mAmazonImportRow Count (0.4ms)[0m  [1m[34mSELECT COUNT(*) FROM "amazon_import_rows" WHERE "amazon_import_rows"."status" = ? AND "amazon_import_rows"."tax_category" = ?[0m  [["status", 0], ["tax_category", "uncategorized"]]
  Rendering layout layouts/application.html.erb
  Rendering tax_packets/show.html.erb within layouts/application
  [1m[36mAmazonImportRow Load (1.0ms)[0m  [1m[34mSELECT "amazon_import_rows".* FROM "amazon_import_rows" WHERE "amazon_import_rows"."status" = ? AND "amazon_import_rows"."posted_on" BETWEEN ? AND ? ORDER BY "amazon_import_rows"."posted_on" ASC, "amazon_import_rows"."source_row_number" ASC[0m  [["status", 1], ["posted_on", "2026-01-01"], ["posted_on", "2026-12-31"]]
  Rendered tax_packets/show.html.erb within layouts/application (Duration: 20.6ms | Allocations: 5380)
  Rendered layout layouts/application.html.erb (Duration: 21.8ms | Allocations: 5810)
Completed 200 OK in 30ms (Views: 21.8ms | ActiveRecord: 2.2ms | Allocations: 7645)


Started GET "/amazon-imports" for 100.68.15.58 at 2026-05-23 18:58:26 -0600
Processing by AmazonImportBatchesController#index as HTML
  Rendering layout layouts/application.html.erb
  Rendering amazon_import_batches/index.html.erb within layouts/application
  [1m[36mAmazonImportBatch Load (0.1ms)[0m  [1m[34mSELECT "amazon_import_batches".* FROM "amazon_import_batches" ORDER BY "amazon_import_batches"."imported_at" DESC[0m
  Rendered amazon_import_batches/index.html.erb within layouts/application (Duration: 1.0ms | Allocations: 400)
  Rendered layout layouts/application.html.erb (Duration: 1.6ms | Allocations: 830)
Completed 200 OK in 2ms (Views: 1.9ms | ActiveRecord: 0.1ms | Allocations: 1148)


Started GET "/amazon-imports/4" for 100.68.15.58 at 2026-05-23 18:58:29 -0600
Processing by AmazonImportBatchesController#show as HTML
  Parameters: {"id"=>"4"}
  [1m[36mAmazonImportBatch Load (0.1ms)[0m  [1m[34mSELECT "amazon_import_batches".* FROM "amazon_import_batches" WHERE "amazon_import_batches"."id" = ? LIMIT ?[0m  [["id", 4], ["LIMIT", 1]]
  Rendering layout layouts/application.html.erb
  Rendering amazon_import_batches/show.html.erb within layouts/application
  [1m[36mAmazonImportRow Load (0.2ms)[0m  [1m[34mSELECT "amazon_import_rows".* FROM "amazon_import_rows" WHERE "amazon_import_rows"."amazon_import_batch_id" = ? ORDER BY "amazon_import_rows"."source_row_number" ASC[0m  [["amazon_import_batch_id", 4]]
  Rendered amazon_import_batches/show.html.erb within layouts/application (Duration: 17.6ms | Allocations: 28894)
  Rendered layout layouts/application.html.erb (Duration: 18.3ms | Allocations: 29182)
Completed 200 OK in 27ms (Views: 18.4ms | ActiveRecord: 0.3ms | Allocations: 33248)


Started GET "/" for 100.76.45.106 at 2026-05-24 22:29:08 -0600
Processing by DashboardController#index as HTML
  [1m[36mAccount Sum (0.1ms)[0m  [1m[34mSELECT SUM("accounts"."balance_cents") FROM "accounts" WHERE "accounts"."kind" = ?[0m  [["kind", 0]]
  [1m[36mTransaction Sum (0.1ms)[0m  [1m[34mSELECT SUM("transactions"."amount_cents") FROM "transactions" INNER JOIN "accounts" ON "accounts"."id" = "transactions"."credit_account_id" WHERE "transactions"."transacted_on" BETWEEN ? AND ? AND "accounts"."kind" = ?[0m  [["transacted_on", "2026-05-01"], ["transacted_on", "2026-05-31"], ["kind", 3]]
  [1m[36mTransaction Sum (0.1ms)[0m  [1m[34mSELECT SUM("transactions"."amount_cents") FROM "transactions" INNER JOIN "accounts" ON "accounts"."id" = "transactions"."debit_account_id" WHERE "transactions"."transacted_on" BETWEEN ? AND ? AND "accounts"."kind" = ?[0m  [["transacted_on", "2026-05-01"], ["transacted_on", "2026-05-31"], ["kind", 4]]
  [1m[36mInvoice Sum (0.1ms)[0m  [1m[34mSELECT SUM("invoices"."total_cents") FROM "invoices" WHERE "invoices"."status" IN (?, ?)[0m  [["status", 1], ["status", 3]]
  [1m[36mExpense Sum (0.1ms)[0m  [1m[34mSELECT SUM("expenses"."amount_cents") AS "sum_amount_cents", "expenses"."category" AS "expenses_category" FROM "expenses" WHERE "expenses"."spent_on" BETWEEN ? AND ? GROUP BY "expenses"."category"[0m  [["spent_on", "2026-05-01"], ["spent_on", "2026-05-31"]]
  [1m[36mAmazonImportRow Load (0.2ms)[0m  [1m[34mSELECT "amazon_import_rows".* FROM "amazon_import_rows" WHERE "amazon_import_rows"."status" = ? AND "amazon_import_rows"."posted_on" BETWEEN ? AND ?[0m  [["status", 1], ["posted_on", "2026-01-01"], ["posted_on", "2026-12-31"]]
  [1m[36mAmazonImportRow Count (0.3ms)[0m  [1m[34mSELECT COUNT(*) FROM "amazon_import_rows" WHERE "amazon_import_rows"."status" = ? AND "amazon_import_rows"."tax_category" = ?[0m  [["status", 0], ["tax_category", "uncategorized"]]
  [1m[36mAmazonImportRow Count (0.1ms)[0m  [1m[34mSELECT COUNT(*) FROM "amazon_import_rows" WHERE "amazon_import_rows"."status" = ?[0m  [["status", 0]]
  Rendering layout layouts/application.html.erb
  Rendering dashboard/index.html.erb within layouts/application
  [1m[36mTransaction Load (0.2ms)[0m  [1m[34mSELECT "transactions".* FROM "transactions" ORDER BY "transactions"."transacted_on" DESC LIMIT ?[0m  [["LIMIT", 8]]
  [1m[36mAccount Load (0.1ms)[0m  [1m[34mSELECT "accounts".* FROM "accounts" WHERE "accounts"."id" = ?[0m  [["id", 1]]
  [1m[36mAccount Load (0.0ms)[0m  [1m[34mSELECT "accounts".* FROM "accounts" WHERE "accounts"."id" = ?[0m  [["id", 2]]
  Rendered dashboard/index.html.erb within layouts/application (Duration: 24.6ms | Allocations: 39552)
  Rendered layout layouts/application.html.erb (Duration: 28.4ms | Allocations: 40768)
Completed 200 OK in 115ms (Views: 30.8ms | ActiveRecord: 3.7ms | Allocations: 136494)


Started GET "/favicon.ico" for 100.76.45.106 at 2026-05-24 22:29:09 -0600
  
ActionController::RoutingError (No route matches [GET] "/favicon.ico"):
  
Started GET "/tax-packet" for 100.76.45.106 at 2026-05-24 22:29:59 -0600
Processing by TaxPacketsController#show as HTML
  [1m[36mAmazonImportRow Load (0.3ms)[0m  [1m[34mSELECT "amazon_import_rows".* FROM "amazon_import_rows" WHERE "amazon_import_rows"."status" = ? AND "amazon_import_rows"."posted_on" BETWEEN ? AND ?[0m  [["status", 1], ["posted_on", "2026-01-01"], ["posted_on", "2026-12-31"]]
  [1m[36mAmazonImportRow Count (0.2ms)[0m  [1m[34mSELECT COUNT(*) FROM "amazon_import_rows" WHERE "amazon_import_rows"."status" = ? AND "amazon_import_rows"."tax_category" = ?[0m  [["status", 0], ["tax_category", "uncategorized"]]
  Rendering layout layouts/application.html.erb
  Rendering tax_packets/show.html.erb within layouts/application
  [1m[36mAmazonImportRow Load (0.7ms)[0m  [1m[34mSELECT "amazon_import_rows".* FROM "amazon_import_rows" WHERE "amazon_import_rows"."status" = ? AND "amazon_import_rows"."posted_on" BETWEEN ? AND ? ORDER BY "amazon_import_rows"."posted_on" ASC, "amazon_import_rows"."source_row_number" ASC[0m  [["status", 1], ["posted_on", "2026-01-01"], ["posted_on", "2026-12-31"]]
  Rendered tax_packets/show.html.erb within layouts/application (Duration: 12.7ms | Allocations: 6923)
  Rendered layout layouts/application.html.erb (Duration: 13.8ms | Allocations: 7476)
Completed 200 OK in 19ms (Views: 14.5ms | ActiveRecord: 1.2ms | Allocations: 10093)


Started HEAD "/" for 127.0.0.1 at 2026-05-24 22:31:15 -0600
Processing by DashboardController#index as */*
  [1m[36mAccount Sum (0.1ms)[0m  [1m[34mSELECT SUM("accounts"."balance_cents") FROM "accounts" WHERE "accounts"."kind" = ?[0m  [["kind", 0]]
  [1m[36mTransaction Sum (0.1ms)[0m  [1m[34mSELECT SUM("transactions"."amount_cents") FROM "transactions" INNER JOIN "accounts" ON "accounts"."id" = "transactions"."credit_account_id" WHERE "transactions"."transacted_on" BETWEEN ? AND ? AND "accounts"."kind" = ?[0m  [["transacted_on", "2026-05-01"], ["transacted_on", "2026-05-31"], ["kind", 3]]
  [1m[36mTransaction Sum (0.1ms)[0m  [1m[34mSELECT SUM("transactions"."amount_cents") FROM "transactions" INNER JOIN "accounts" ON "accounts"."id" = "transactions"."debit_account_id" WHERE "transactions"."transacted_on" BETWEEN ? AND ? AND "accounts"."kind" = ?[0m  [["transacted_on", "2026-05-01"], ["transacted_on", "2026-05-31"], ["kind", 4]]
  [1m[36mInvoice Sum (0.1ms)[0m  [1m[34mSELECT SUM("invoices"."total_cents") FROM "invoices" WHERE "invoices"."status" IN (?, ?)[0m  [["status", 1], ["status", 3]]
  [1m[36mExpense Sum (0.1ms)[0m  [1m[34mSELECT SUM("expenses"."amount_cents") AS "sum_amount_cents", "expenses"."category" AS "expenses_category" FROM "expenses" WHERE "expenses"."spent_on" BETWEEN ? AND ? GROUP BY "expenses"."category"[0m  [["spent_on", "2026-05-01"], ["spent_on", "2026-05-31"]]
  [1m[36mAmazonImportRow Load (0.3ms)[0m  [1m[34mSELECT "amazon_import_rows".* FROM "amazon_import_rows" WHERE "amazon_import_rows"."status" = ? AND "amazon_import_rows"."posted_on" BETWEEN ? AND ?[0m  [["status", 1], ["posted_on", "2026-01-01"], ["posted_on", "2026-12-31"]]
  [1m[36mAmazonImportRow Count (0.1ms)[0m  [1m[34mSELECT COUNT(*) FROM "amazon_import_rows" WHERE "amazon_import_rows"."status" = ? AND "amazon_import_rows"."tax_category" = ?[0m  [["status", 0], ["tax_category", "uncategorized"]]
  [1m[36mAmazonImportRow Count (0.1ms)[0m  [1m[34mSELECT COUNT(*) FROM "amazon_import_rows" WHERE "amazon_import_rows"."status" = ?[0m  [["status", 0]]
  Rendering layout layouts/application.html.erb
  Rendering dashboard/index.html.erb within layouts/application
  [1m[36mTransaction Load (0.2ms)[0m  [1m[34mSELECT "transactions".* FROM "transactions" ORDER BY "transactions"."transacted_on" DESC LIMIT ?[0m  [["LIMIT", 8]]
  [1m[36mAccount Load (0.1ms)[0m  [1m[34mSELECT "accounts".* FROM "accounts" WHERE "accounts"."id" = ?[0m  [["id", 1]]
  [1m[36mAccount Load (0.1ms)[0m  [1m[34mSELECT "accounts".* FROM "accounts" WHERE "accounts"."id" = ?[0m  [["id", 2]]
  Rendered dashboard/index.html.erb within layouts/application (Duration: 25.3ms | Allocations: 39552)
  Rendered layout layouts/application.html.erb (Duration: 29.3ms | Allocations: 40746)
Completed 200 OK in 116ms (Views: 31.2ms | ActiveRecord: 3.3ms | Allocations: 136545)


Started HEAD "/" for 127.0.0.1 at 2026-05-24 22:31:16 -0600
Processing by DashboardController#index as */*
  [1m[36mAccount Sum (0.1ms)[0m  [1m[34mSELECT SUM("accounts"."balance_cents") FROM "accounts" WHERE "accounts"."kind" = ?[0m  [["kind", 0]]
  [1m[36mTransaction Sum (0.1ms)[0m  [1m[34mSELECT SUM("transactions"."amount_cents") FROM "transactions" INNER JOIN "accounts" ON "accounts"."id" = "transactions"."credit_account_id" WHERE "transactions"."transacted_on" BETWEEN ? AND ? AND "accounts"."kind" = ?[0m  [["transacted_on", "2026-05-01"], ["transacted_on", "2026-05-31"], ["kind", 3]]
  [1m[36mTransaction Sum (0.1ms)[0m  [1m[34mSELECT SUM("transactions"."amount_cents") FROM "transactions" INNER JOIN "accounts" ON "accounts"."id" = "transactions"."debit_account_id" WHERE "transactions"."transacted_on" BETWEEN ? AND ? AND "accounts"."kind" = ?[0m  [["transacted_on", "2026-05-01"], ["transacted_on", "2026-05-31"], ["kind", 4]]
  [1m[36mInvoice Sum (0.1ms)[0m  [1m[34mSELECT SUM("invoices"."total_cents") FROM "invoices" WHERE "invoices"."status" IN (?, ?)[0m  [["status", 1], ["status", 3]]
  [1m[36mExpense Sum (0.1ms)[0m  [1m[34mSELECT SUM("expenses"."amount_cents") AS "sum_amount_cents", "expenses"."category" AS "expenses_category" FROM "expenses" WHERE "expenses"."spent_on" BETWEEN ? AND ? GROUP BY "expenses"."category"[0m  [["spent_on", "2026-05-01"], ["spent_on", "2026-05-31"]]
  [1m[36mAmazonImportRow Load (0.2ms)[0m  [1m[34mSELECT "amazon_import_rows".* FROM "amazon_import_rows" WHERE "amazon_import_rows"."status" = ? AND "amazon_import_rows"."posted_on" BETWEEN ? AND ?[0m  [["status", 1], ["posted_on", "2026-01-01"], ["posted_on", "2026-12-31"]]
  [1m[36mAmazonImportRow Count (0.1ms)[0m  [1m[34mSELECT COUNT(*) FROM "amazon_import_rows" WHERE "amazon_import_rows"."status" = ? AND "amazon_import_rows"."tax_category" = ?[0m  [["status", 0], ["tax_category", "uncategorized"]]
  [1m[36mAmazonImportRow Count (0.1ms)[0m  [1m[34mSELECT COUNT(*) FROM "amazon_import_rows" WHERE "amazon_import_rows"."status" = ?[0m  [["status", 0]]
  Rendering layout layouts/application.html.erb
  Rendering dashboard/index.html.erb within layouts/application
  [1m[36mTransaction Load (0.1ms)[0m  [1m[34mSELECT "transactions".* FROM "transactions" ORDER BY "transactions"."transacted_on" DESC LIMIT ?[0m  [["LIMIT", 8]]
  [1m[36mAccount Load (0.1ms)[0m  [1m[34mSELECT "accounts".* FROM "accounts" WHERE "accounts"."id" = ?[0m  [["id", 1]]
  [1m[36mAccount Load (0.1ms)[0m  [1m[34mSELECT "accounts".* FROM "accounts" WHERE "accounts"."id" = ?[0m  [["id", 2]]
  Rendered dashboard/index.html.erb within layouts/application (Duration: 4.5ms | Allocations: 2687)
  Rendered layout layouts/application.html.erb (Duration: 5.2ms | Allocations: 3041)
Completed 200 OK in 12ms (Views: 5.4ms | ActiveRecord: 1.1ms | Allocations: 7169)


Started GET "/" for 100.76.45.106 at 2026-05-24 22:32:33 -0600
Processing by DashboardController#index as HTML
  [1m[36mAccount Sum (0.1ms)[0m  [1m[34mSELECT SUM("accounts"."balance_cents") FROM "accounts" WHERE "accounts"."kind" = ?[0m  [["kind", 0]]
  [1m[36mTransaction Sum (0.1ms)[0m  [1m[34mSELECT SUM("transactions"."amount_cents") FROM "transactions" INNER JOIN "accounts" ON "accounts"."id" = "transactions"."credit_account_id" WHERE "transactions"."transacted_on" BETWEEN ? AND ? AND "accounts"."kind" = ?[0m  [["transacted_on", "2026-05-01"], ["transacted_on", "2026-05-31"], ["kind", 3]]
  [1m[36mTransaction Sum (0.0ms)[0m  [1m[34mSELECT SUM("transactions"."amount_cents") FROM "transactions" INNER JOIN "accounts" ON "accounts"."id" = "transactions"."debit_account_id" WHERE "transactions"."transacted_on" BETWEEN ? AND ? AND "accounts"."kind" = ?[0m  [["transacted_on", "2026-05-01"], ["transacted_on", "2026-05-31"], ["kind", 4]]
  [1m[36mInvoice Sum (0.1ms)[0m  [1m[34mSELECT SUM("invoices"."total_cents") FROM "invoices" WHERE "invoices"."status" IN (?, ?)[0m  [["status", 1], ["status", 3]]
  [1m[36mExpense Sum (0.1ms)[0m  [1m[34mSELECT SUM("expenses"."amount_cents") AS "sum_amount_cents", "expenses"."category" AS "expenses_category" FROM "expenses" WHERE "expenses"."spent_on" BETWEEN ? AND ? GROUP BY "expenses"."category"[0m  [["spent_on", "2026-05-01"], ["spent_on", "2026-05-31"]]
  [1m[36mAmazonImportRow Load (0.1ms)[0m  [1m[34mSELECT "amazon_import_rows".* FROM "amazon_import_rows" WHERE "amazon_import_rows"."status" = ? AND "amazon_import_rows"."posted_on" BETWEEN ? AND ?[0m  [["status", 1], ["posted_on", "2026-01-01"], ["posted_on", "2026-12-31"]]
  [1m[36mAmazonImportRow Count (0.1ms)[0m  [1m[34mSELECT COUNT(*) FROM "amazon_import_rows" WHERE "amazon_import_rows"."status" = ? AND "amazon_import_rows"."tax_category" = ?[0m  [["status", 0], ["tax_category", "uncategorized"]]
  [1m[36mAmazonImportRow Count (0.1ms)[0m  [1m[34mSELECT COUNT(*) FROM "amazon_import_rows" WHERE "amazon_import_rows"."status" = ?[0m  [["status", 0]]
  Rendering layout layouts/application.html.erb
  Rendering dashboard/index.html.erb within layouts/application
  [1m[36mTransaction Load (0.2ms)[0m  [1m[34mSELECT "transactions".* FROM "transactions" ORDER BY "transactions"."transacted_on" DESC LIMIT ?[0m  [["LIMIT", 8]]
  [1m[36mAccount Load (0.1ms)[0m  [1m[34mSELECT "accounts".* FROM "accounts" WHERE "accounts"."id" = ?[0m  [["id", 1]]
  [1m[36mAccount Load (0.0ms)[0m  [1m[34mSELECT "accounts".* FROM "accounts" WHERE "accounts"."id" = ?[0m  [["id", 2]]
  Rendered dashboard/index.html.erb within layouts/application (Duration: 4.4ms | Allocations: 2673)
  Rendered layout layouts/application.html.erb (Duration: 5.0ms | Allocations: 3020)
Completed 200 OK in 10ms (Views: 5.1ms | ActiveRecord: 0.9ms | Allocations: 6957)


Started GET "/favicon.ico" for 100.76.45.106 at 2026-05-24 22:32:33 -0600
  
ActionController::RoutingError (No route matches [GET] "/favicon.ico"):
  
Started GET "/" for 100.76.45.106 at 2026-05-24 22:34:40 -0600
Processing by DashboardController#index as HTML
  [1m[36mAccount Sum (0.1ms)[0m  [1m[34mSELECT SUM("accounts"."balance_cents") FROM "accounts" WHERE "accounts"."kind" = ?[0m  [["kind", 0]]
  [1m[36mTransaction Sum (0.1ms)[0m  [1m[34mSELECT SUM("transactions"."amount_cents") FROM "transactions" INNER JOIN "accounts" ON "accounts"."id" = "transactions"."credit_account_id" WHERE "transactions"."transacted_on" BETWEEN ? AND ? AND "accounts"."kind" = ?[0m  [["transacted_on", "2026-05-01"], ["transacted_on", "2026-05-31"], ["kind", 3]]
  [1m[36mTransaction Sum (0.1ms)[0m  [1m[34mSELECT SUM("transactions"."amount_cents") FROM "transactions" INNER JOIN "accounts" ON "accounts"."id" = "transactions"."debit_account_id" WHERE "transactions"."transacted_on" BETWEEN ? AND ? AND "accounts"."kind" = ?[0m  [["transacted_on", "2026-05-01"], ["transacted_on", "2026-05-31"], ["kind", 4]]
  [1m[36mInvoice Sum (0.1ms)[0m  [1m[34mSELECT SUM("invoices"."total_cents") FROM "invoices" WHERE "invoices"."status" IN (?, ?)[0m  [["status", 1], ["status", 3]]
  [1m[36mExpense Sum (0.1ms)[0m  [1m[34mSELECT SUM("expenses"."amount_cents") AS "sum_amount_cents", "expenses"."category" AS "expenses_category" FROM "expenses" WHERE "expenses"."spent_on" BETWEEN ? AND ? GROUP BY "expenses"."category"[0m  [["spent_on", "2026-05-01"], ["spent_on", "2026-05-31"]]
  [1m[36mAmazonImportRow Load (0.2ms)[0m  [1m[34mSELECT "amazon_import_rows".* FROM "amazon_import_rows" WHERE "amazon_import_rows"."status" = ? AND "amazon_import_rows"."posted_on" BETWEEN ? AND ?[0m  [["status", 1], ["posted_on", "2026-01-01"], ["posted_on", "2026-12-31"]]
  [1m[36mAmazonImportRow Count (0.1ms)[0m  [1m[34mSELECT COUNT(*) FROM "amazon_import_rows" WHERE "amazon_import_rows"."status" = ? AND "amazon_import_rows"."tax_category" = ?[0m  [["status", 0], ["tax_category", "uncategorized"]]
  [1m[36mAmazonImportRow Count (0.1ms)[0m  [1m[34mSELECT COUNT(*) FROM "amazon_import_rows" WHERE "amazon_import_rows"."status" = ?[0m  [["status", 0]]
  Rendering layout layouts/application.html.erb
  Rendering dashboard/index.html.erb within layouts/application
  [1m[36mTransaction Load (0.2ms)[0m  [1m[34mSELECT "transactions".* FROM "transactions" ORDER BY "transactions"."transacted_on" DESC LIMIT ?[0m  [["LIMIT", 8]]
  [1m[36mAccount Load (0.1ms)[0m  [1m[34mSELECT "accounts".* FROM "accounts" WHERE "accounts"."id" = ?[0m  [["id", 1]]
  [1m[36mAccount Load (0.1ms)[0m  [1m[34mSELECT "accounts".* FROM "accounts" WHERE "accounts"."id" = ?[0m  [["id", 2]]
  Rendered dashboard/index.html.erb within layouts/application (Duration: 26.3ms | Allocations: 39554)
  Rendered layout layouts/application.html.erb (Duration: 34.5ms | Allocations: 40880)
Completed 200 OK in 117ms (Views: 36.3ms | ActiveRecord: 3.3ms | Allocations: 136606)


Started GET "/" for 100.76.45.106 at 2026-05-24 23:47:22 -0600
Processing by DashboardController#index as HTML
  [1m[36mAccount Sum (0.1ms)[0m  [1m[34mSELECT SUM("accounts"."balance_cents") FROM "accounts" WHERE "accounts"."kind" = ?[0m  [["kind", 0]]
  [1m[36mTransaction Sum (0.1ms)[0m  [1m[34mSELECT SUM("transactions"."amount_cents") FROM "transactions" INNER JOIN "accounts" ON "accounts"."id" = "transactions"."credit_account_id" WHERE "transactions"."transacted_on" BETWEEN ? AND ? AND "accounts"."kind" = ?[0m  [["transacted_on", "2026-05-01"], ["transacted_on", "2026-05-31"], ["kind", 3]]
  [1m[36mTransaction Sum (0.1ms)[0m  [1m[34mSELECT SUM("transactions"."amount_cents") FROM "transactions" INNER JOIN "accounts" ON "accounts"."id" = "transactions"."debit_account_id" WHERE "transactions"."transacted_on" BETWEEN ? AND ? AND "accounts"."kind" = ?[0m  [["transacted_on", "2026-05-01"], ["transacted_on", "2026-05-31"], ["kind", 4]]
  [1m[36mInvoice Sum (0.1ms)[0m  [1m[34mSELECT SUM("invoices"."total_cents") FROM "invoices" WHERE "invoices"."status" IN (?, ?)[0m  [["status", 1], ["status", 3]]
  [1m[36mExpense Sum (0.1ms)[0m  [1m[34mSELECT SUM("expenses"."amount_cents") AS "sum_amount_cents", "expenses"."category" AS "expenses_category" FROM "expenses" WHERE "expenses"."spent_on" BETWEEN ? AND ? GROUP BY "expenses"."category"[0m  [["spent_on", "2026-05-01"], ["spent_on", "2026-05-31"]]
  [1m[36mAmazonImportRow Load (0.2ms)[0m  [1m[34mSELECT "amazon_import_rows".* FROM "amazon_import_rows" WHERE "amazon_import_rows"."status" = ? AND "amazon_import_rows"."posted_on" BETWEEN ? AND ?[0m  [["status", 1], ["posted_on", "2026-01-01"], ["posted_on", "2026-12-31"]]
  [1m[36mAmazonImportRow Count (0.1ms)[0m  [1m[34mSELECT COUNT(*) FROM "amazon_import_rows" WHERE "amazon_import_rows"."status" = ? AND "amazon_import_rows"."tax_category" = ?[0m  [["status", 0], ["tax_category", "uncategorized"]]
  [1m[36mAmazonImportRow Count (0.1ms)[0m  [1m[34mSELECT COUNT(*) FROM "amazon_import_rows" WHERE "amazon_import_rows"."status" = ?[0m  [["status", 0]]
  Rendering layout layouts/application.html.erb
  Rendering dashboard/index.html.erb within layouts/application
  [1m[36mTransaction Load (0.1ms)[0m  [1m[34mSELECT "transactions".* FROM "transactions" ORDER BY "transactions"."transacted_on" DESC LIMIT ?[0m  [["LIMIT", 8]]
  [1m[36mAccount Load (0.1ms)[0m  [1m[34mSELECT "accounts".* FROM "accounts" WHERE "accounts"."id" = ?[0m  [["id", 1]]
  [1m[36mAccount Load (0.0ms)[0m  [1m[34mSELECT "accounts".* FROM "accounts" WHERE "accounts"."id" = ?[0m  [["id", 2]]
  Rendered dashboard/index.html.erb within layouts/application (Duration: 2.6ms | Allocations: 2745)
  Rendered layout layouts/application.html.erb (Duration: 3.1ms | Allocations: 3175)
Completed 200 OK in 8ms (Views: 3.2ms | ActiveRecord: 1.1ms | Allocations: 7533)


Started GET "/" for 100.76.45.106 at 2026-05-25 00:00:28 -0600
Processing by DashboardController#index as HTML
  [1m[36mAccount Sum (0.1ms)[0m  [1m[34mSELECT SUM("accounts"."balance_cents") FROM "accounts" WHERE "accounts"."kind" = ?[0m  [["kind", 0]]
  [1m[36mTransaction Sum (0.1ms)[0m  [1m[34mSELECT SUM("transactions"."amount_cents") FROM "transactions" INNER JOIN "accounts" ON "accounts"."id" = "transactions"."credit_account_id" WHERE "transactions"."transacted_on" BETWEEN ? AND ? AND "accounts"."kind" = ?[0m  [["transacted_on", "2026-05-01"], ["transacted_on", "2026-05-31"], ["kind", 3]]
  [1m[36mTransaction Sum (0.1ms)[0m  [1m[34mSELECT SUM("transactions"."amount_cents") FROM "transactions" INNER JOIN "accounts" ON "accounts"."id" = "transactions"."debit_account_id" WHERE "transactions"."transacted_on" BETWEEN ? AND ? AND "accounts"."kind" = ?[0m  [["transacted_on", "2026-05-01"], ["transacted_on", "2026-05-31"], ["kind", 4]]
  [1m[36mInvoice Sum (0.1ms)[0m  [1m[34mSELECT SUM("invoices"."total_cents") FROM "invoices" WHERE "invoices"."status" IN (?, ?)[0m  [["status", 1], ["status", 3]]
  [1m[36mExpense Sum (0.1ms)[0m  [1m[34mSELECT SUM("expenses"."amount_cents") AS "sum_amount_cents", "expenses"."category" AS "expenses_category" FROM "expenses" WHERE "expenses"."spent_on" BETWEEN ? AND ? GROUP BY "expenses"."category"[0m  [["spent_on", "2026-05-01"], ["spent_on", "2026-05-31"]]
  [1m[36mAmazonImportRow Load (0.2ms)[0m  [1m[34mSELECT "amazon_import_rows".* FROM "amazon_import_rows" WHERE "amazon_import_rows"."status" = ? AND "amazon_import_rows"."posted_on" BETWEEN ? AND ?[0m  [["status", 1], ["posted_on", "2026-01-01"], ["posted_on", "2026-12-31"]]
  [1m[36mAmazonImportRow Count (0.1ms)[0m  [1m[34mSELECT COUNT(*) FROM "amazon_import_rows" WHERE "amazon_import_rows"."status" = ? AND "amazon_import_rows"."tax_category" = ?[0m  [["status", 0], ["tax_category", "uncategorized"]]
  [1m[36mAmazonImportRow Count (0.1ms)[0m  [1m[34mSELECT COUNT(*) FROM "amazon_import_rows" WHERE "amazon_import_rows"."status" = ?[0m  [["status", 0]]
  Rendering layout layouts/application.html.erb
  Rendering dashboard/index.html.erb within layouts/application
  [1m[36mTransaction Load (0.1ms)[0m  [1m[34mSELECT "transactions".* FROM "transactions" ORDER BY "transactions"."transacted_on" DESC LIMIT ?[0m  [["LIMIT", 8]]
  [1m[36mAccount Load (0.1ms)[0m  [1m[34mSELECT "accounts".* FROM "accounts" WHERE "accounts"."id" = ?[0m  [["id", 1]]
  [1m[36mAccount Load (0.0ms)[0m  [1m[34mSELECT "accounts".* FROM "accounts" WHERE "accounts"."id" = ?[0m  [["id", 2]]
  Rendered dashboard/index.html.erb within layouts/application (Duration: 2.6ms | Allocations: 2739)
  Rendered layout layouts/application.html.erb (Duration: 3.1ms | Allocations: 3162)
Completed 200 OK in 9ms (Views: 3.2ms | ActiveRecord: 1.5ms | Allocations: 7307)


Started GET "/favicon.ico" for 100.68.15.58 at 2026-05-25 08:22:44 -0600
  
ActionController::RoutingError (No route matches [GET] "/favicon.ico"):
  
  [1m[36mActiveRecord::SchemaMigration Pluck (0.1ms)[0m  [1m[34mSELECT "schema_migrations"."version" FROM "schema_migrations" ORDER BY "schema_migrations"."version" ASC[0m
Migrating to CreateTurboTaxExportInputs (20260525000100)
  [1m[36mTRANSACTION (0.0ms)[0m  [1m[36mbegin transaction[0m
  [1m[35m (0.2ms)[0m  [1m[35mCREATE TABLE "turbo_tax_export_inputs" ("id" integer PRIMARY KEY AUTOINCREMENT NOT NULL, "tax_year" integer NOT NULL, "business_name" varchar DEFAULT 'Amazon Seller Business' NOT NULL, "beginning_inventory_cents" integer DEFAULT 0 NOT NULL, "purchases_cents" integer DEFAULT 0 NOT NULL, "materials_cents" integer DEFAULT 0 NOT NULL, "labor_cents" integer DEFAULT 0 NOT NULL, "other_costs_cents" integer DEFAULT 0 NOT NULL, "ending_inventory_cents" integer DEFAULT 0 NOT NULL, "created_at" datetime(6) NOT NULL, "updated_at" datetime(6) NOT NULL)[0m
  [1m[35m (0.1ms)[0m  [1m[35mCREATE UNIQUE INDEX "index_turbo_tax_export_inputs_on_tax_year" ON "turbo_tax_export_inputs" ("tax_year")[0m
  [1m[36mActiveRecord::SchemaMigration Create (0.1ms)[0m  [1m[32mINSERT INTO "schema_migrations" ("version") VALUES (?)[0m  [["version", "20260525000100"]]
  [1m[36mTRANSACTION (1.6ms)[0m  [1m[36mcommit transaction[0m
  [1m[36mActiveRecord::InternalMetadata Load (0.1ms)[0m  [1m[34mSELECT "ar_internal_metadata".* FROM "ar_internal_metadata" WHERE "ar_internal_metadata"."key" = ? LIMIT ?[0m  [["key", "environment"], ["LIMIT", 1]]
  [1m[36mActiveRecord::SchemaMigration Pluck (0.1ms)[0m  [1m[34mSELECT "schema_migrations"."version" FROM "schema_migrations" ORDER BY "schema_migrations"."version" ASC[0m
  [1m[36mTurboTaxExportInput Load (0.1ms)[0m  [1m[34mSELECT "turbo_tax_export_inputs".* FROM "turbo_tax_export_inputs" WHERE "turbo_tax_export_inputs"."tax_year" = ? LIMIT ?[0m  [["tax_year", 2025], ["LIMIT", 1]]
Started HEAD "/turbotax-export" for 127.0.0.1 at 2026-05-25 09:06:25 -0600
Processing by TurboTaxExportsController#show as */*
  [1m[36mAmazonImportRow Maximum (0.2ms)[0m  [1m[34mSELECT MAX(strftime('%Y', posted_on)) FROM "amazon_import_rows" WHERE "amazon_import_rows"."posted_on" IS NOT NULL[0m
  [1m[36mTurboTaxExportInput Load (0.1ms)[0m  [1m[34mSELECT "turbo_tax_export_inputs".* FROM "turbo_tax_export_inputs" WHERE "turbo_tax_export_inputs"."tax_year" = ? LIMIT ?[0m  [["tax_year", 2026], ["LIMIT", 1]]
  Rendering layout layouts/application.html.erb
  Rendering turbo_tax_exports/show.html.erb within layouts/application
  [1m[36mAmazonImportRow Load (0.3ms)[0m  [1m[34mSELECT "amazon_import_rows".* FROM "amazon_import_rows" WHERE "amazon_import_rows"."posted_on" BETWEEN ? AND ? AND "amazon_import_rows"."status" != ?[0m  [["posted_on", "2026-01-01"], ["posted_on", "2026-12-31"], ["status", 2]]
  Rendered turbo_tax_exports/show.html.erb within layouts/application (Duration: 10.2ms | Allocations: 12247)
  Rendered layout layouts/application.html.erb (Duration: 11.0ms | Allocations: 13151)
Completed 200 OK in 39ms (Views: 11.6ms | ActiveRecord: 1.2ms | Allocations: 57843)


Started HEAD "/amazon-imports/new" for 127.0.0.1 at 2026-05-25 09:06:26 -0600
Processing by AmazonImportBatchesController#new as */*
  Rendering layout layouts/application.html.erb
  Rendering amazon_import_batches/new.html.erb within layouts/application
  Rendered amazon_import_batches/new.html.erb within layouts/application (Duration: 1.7ms | Allocations: 1176)
  Rendered layout layouts/application.html.erb (Duration: 2.0ms | Allocations: 1521)
Completed 200 OK in 3ms (Views: 2.8ms | ActiveRecord: 0.0ms | Allocations: 2455)


Started GET "/" for 100.76.45.106 at 2026-05-25 09:06:33 -0600
Processing by DashboardController#index as HTML
  [1m[36mAccount Sum (0.1ms)[0m  [1m[34mSELECT SUM("accounts"."balance_cents") FROM "accounts" WHERE "accounts"."kind" = ?[0m  [["kind", 0]]
  [1m[36mTransaction Sum (0.1ms)[0m  [1m[34mSELECT SUM("transactions"."amount_cents") FROM "transactions" INNER JOIN "accounts" ON "accounts"."id" = "transactions"."credit_account_id" WHERE "transactions"."transacted_on" BETWEEN ? AND ? AND "accounts"."kind" = ?[0m  [["transacted_on", "2026-05-01"], ["transacted_on", "2026-05-31"], ["kind", 3]]
  [1m[36mTransaction Sum (0.1ms)[0m  [1m[34mSELECT SUM("transactions"."amount_cents") FROM "transactions" INNER JOIN "accounts" ON "accounts"."id" = "transactions"."debit_account_id" WHERE "transactions"."transacted_on" BETWEEN ? AND ? AND "accounts"."kind" = ?[0m  [["transacted_on", "2026-05-01"], ["transacted_on", "2026-05-31"], ["kind", 4]]
  [1m[36mInvoice Sum (0.1ms)[0m  [1m[34mSELECT SUM("invoices"."total_cents") FROM "invoices" WHERE "invoices"."status" IN (?, ?)[0m  [["status", 1], ["status", 3]]
  [1m[36mExpense Sum (0.1ms)[0m  [1m[34mSELECT SUM("expenses"."amount_cents") AS "sum_amount_cents", "expenses"."category" AS "expenses_category" FROM "expenses" WHERE "expenses"."spent_on" BETWEEN ? AND ? GROUP BY "expenses"."category"[0m  [["spent_on", "2026-05-01"], ["spent_on", "2026-05-31"]]
  [1m[36mAmazonImportRow Load (0.2ms)[0m  [1m[34mSELECT "amazon_import_rows".* FROM "amazon_import_rows" WHERE "amazon_import_rows"."status" = ? AND "amazon_import_rows"."posted_on" BETWEEN ? AND ?[0m  [["status", 1], ["posted_on", "2026-01-01"], ["posted_on", "2026-12-31"]]
  [1m[36mAmazonImportRow Count (0.1ms)[0m  [1m[34mSELECT COUNT(*) FROM "amazon_import_rows" WHERE "amazon_import_rows"."status" = ? AND "amazon_import_rows"."tax_category" = ?[0m  [["status", 0], ["tax_category", "uncategorized"]]
  [1m[36mAmazonImportRow Count (0.1ms)[0m  [1m[34mSELECT COUNT(*) FROM "amazon_import_rows" WHERE "amazon_import_rows"."status" = ?[0m  [["status", 0]]
  Rendering layout layouts/application.html.erb
  Rendering dashboard/index.html.erb within layouts/application
  [1m[36mTransaction Load (0.2ms)[0m  [1m[34mSELECT "transactions".* FROM "transactions" ORDER BY "transactions"."transacted_on" DESC LIMIT ?[0m  [["LIMIT", 8]]
  [1m[36mAccount Load (0.1ms)[0m  [1m[34mSELECT "accounts".* FROM "accounts" WHERE "accounts"."id" = ?[0m  [["id", 1]]
  [1m[36mAccount Load (0.0ms)[0m  [1m[34mSELECT "accounts".* FROM "accounts" WHERE "accounts"."id" = ?[0m  [["id", 2]]
  Rendered dashboard/index.html.erb within layouts/application (Duration: 6.7ms | Allocations: 7105)
  Rendered layout layouts/application.html.erb (Duration: 7.5ms | Allocations: 7655)
Completed 200 OK in 21ms (Views: 8.1ms | ActiveRecord: 1.1ms | Allocations: 22716)


Started GET "/amazon-imports/new" for 100.76.45.106 at 2026-05-25 09:06:39 -0600
Processing by AmazonImportBatchesController#new as HTML
  Rendering layout layouts/application.html.erb
  Rendering amazon_import_batches/new.html.erb within layouts/application
  Rendered amazon_import_batches/new.html.erb within layouts/application (Duration: 0.6ms | Allocations: 620)
  Rendered layout layouts/application.html.erb (Duration: 1.1ms | Allocations: 909)
Completed 200 OK in 2ms (Views: 1.4ms | ActiveRecord: 0.0ms | Allocations: 1203)


Started GET "/amazon-imports" for 100.76.45.106 at 2026-05-25 09:06:42 -0600
Processing by AmazonImportBatchesController#index as HTML
  Rendering layout layouts/application.html.erb
  Rendering amazon_import_batches/index.html.erb within layouts/application
  [1m[36mAmazonImportBatch Load (0.1ms)[0m  [1m[34mSELECT "amazon_import_batches".* FROM "amazon_import_batches" ORDER BY "amazon_import_batches"."imported_at" DESC[0m
  Rendered amazon_import_batches/index.html.erb within layouts/application (Duration: 5.6ms | Allocations: 15322)
  Rendered layout layouts/application.html.erb (Duration: 6.1ms | Allocations: 15858)
Completed 200 OK in 10ms (Views: 6.2ms | ActiveRecord: 0.4ms | Allocations: 19922)


Started GET "/amazon-imports/new" for 100.76.45.106 at 2026-05-25 09:06:44 -0600
Processing by AmazonImportBatchesController#new as HTML
  Rendering layout layouts/application.html.erb
  Rendering amazon_import_batches/new.html.erb within layouts/application
  Rendered amazon_import_batches/new.html.erb within layouts/application (Duration: 1.0ms | Allocations: 624)
  Rendered layout layouts/application.html.erb (Duration: 1.6ms | Allocations: 913)
Completed 200 OK in 2ms (Views: 2.2ms | ActiveRecord: 0.0ms | Allocations: 1193)


Started GET "/" for 100.76.45.106 at 2026-05-25 09:06:46 -0600
Processing by DashboardController#index as HTML
  [1m[36mAccount Sum (0.3ms)[0m  [1m[34mSELECT SUM("accounts"."balance_cents") FROM "accounts" WHERE "accounts"."kind" = ?[0m  [["kind", 0]]
  [1m[36mTransaction Sum (0.3ms)[0m  [1m[34mSELECT SUM("transactions"."amount_cents") FROM "transactions" INNER JOIN "accounts" ON "accounts"."id" = "transactions"."credit_account_id" WHERE "transactions"."transacted_on" BETWEEN ? AND ? AND "accounts"."kind" = ?[0m  [["transacted_on", "2026-05-01"], ["transacted_on", "2026-05-31"], ["kind", 3]]
  [1m[36mTransaction Sum (0.2ms)[0m  [1m[34mSELECT SUM("transactions"."amount_cents") FROM "transactions" INNER JOIN "accounts" ON "accounts"."id" = "transactions"."debit_account_id" WHERE "transactions"."transacted_on" BETWEEN ? AND ? AND "accounts"."kind" = ?[0m  [["transacted_on", "2026-05-01"], ["transacted_on", "2026-05-31"], ["kind", 4]]
  [1m[36mInvoice Sum (0.4ms)[0m  [1m[34mSELECT SUM("invoices"."total_cents") FROM "invoices" WHERE "invoices"."status" IN (?, ?)[0m  [["status", 1], ["status", 3]]
  [1m[36mExpense Sum (0.5ms)[0m  [1m[34mSELECT SUM("expenses"."amount_cents") AS "sum_amount_cents", "expenses"."category" AS "expenses_category" FROM "expenses" WHERE "expenses"."spent_on" BETWEEN ? AND ? GROUP BY "expenses"."category"[0m  [["spent_on", "2026-05-01"], ["spent_on", "2026-05-31"]]
  [1m[36mAmazonImportRow Load (0.8ms)[0m  [1m[34mSELECT "amazon_import_rows".* FROM "amazon_import_rows" WHERE "amazon_import_rows"."status" = ? AND "amazon_import_rows"."posted_on" BETWEEN ? AND ?[0m  [["status", 1], ["posted_on", "2026-01-01"], ["posted_on", "2026-12-31"]]
  [1m[36mAmazonImportRow Count (0.4ms)[0m  [1m[34mSELECT COUNT(*) FROM "amazon_import_rows" WHERE "amazon_import_rows"."status" = ? AND "amazon_import_rows"."tax_category" = ?[0m  [["status", 0], ["tax_category", "uncategorized"]]
  [1m[36mAmazonImportRow Count (0.3ms)[0m  [1m[34mSELECT COUNT(*) FROM "amazon_import_rows" WHERE "amazon_import_rows"."status" = ?[0m  [["status", 0]]
  Rendering layout layouts/application.html.erb
  Rendering dashboard/index.html.erb within layouts/application
  [1m[36mTransaction Load (0.4ms)[0m  [1m[34mSELECT "transactions".* FROM "transactions" ORDER BY "transactions"."transacted_on" DESC LIMIT ?[0m  [["LIMIT", 8]]
  [1m[36mAccount Load (0.1ms)[0m  [1m[34mSELECT "accounts".* FROM "accounts" WHERE "accounts"."id" = ?[0m  [["id", 1]]
  [1m[36mAccount Load (0.1ms)[0m  [1m[34mSELECT "accounts".* FROM "accounts" WHERE "accounts"."id" = ?[0m  [["id", 2]]
  Rendered dashboard/index.html.erb within layouts/application (Duration: 8.2ms | Allocations: 2746)
  Rendered layout layouts/application.html.erb (Duration: 9.4ms | Allocations: 3197)
Completed 200 OK in 31ms (Views: 9.7ms | ActiveRecord: 3.7ms | Allocations: 7281)


Started GET "/turbotax-export" for 100.76.45.106 at 2026-05-25 09:06:55 -0600
Processing by TurboTaxExportsController#show as HTML
  [1m[36mAmazonImportRow Maximum (0.5ms)[0m  [1m[34mSELECT MAX(strftime('%Y', posted_on)) FROM "amazon_import_rows" WHERE "amazon_import_rows"."posted_on" IS NOT NULL[0m
  [1m[36mTurboTaxExportInput Load (0.2ms)[0m  [1m[34mSELECT "turbo_tax_export_inputs".* FROM "turbo_tax_export_inputs" WHERE "turbo_tax_export_inputs"."tax_year" = ? LIMIT ?[0m  [["tax_year", 2026], ["LIMIT", 1]]
  Rendering layout layouts/application.html.erb
  Rendering turbo_tax_exports/show.html.erb within layouts/application
  [1m[36mAmazonImportRow Load (1.2ms)[0m  [1m[34mSELECT "amazon_import_rows".* FROM "amazon_import_rows" WHERE "amazon_import_rows"."posted_on" BETWEEN ? AND ? AND "amazon_import_rows"."status" != ?[0m  [["posted_on", "2026-01-01"], ["posted_on", "2026-12-31"], ["status", 2]]
  Rendered turbo_tax_exports/show.html.erb within layouts/application (Duration: 19.2ms | Allocations: 5483)
  Rendered layout layouts/application.html.erb (Duration: 20.4ms | Allocations: 5772)
Completed 200 OK in 26ms (Views: 20.3ms | ActiveRecord: 1.9ms | Allocations: 6452)


Started GET "/turbotax-export/download?year=2026" for 100.76.45.106 at 2026-05-25 09:06:59 -0600
Processing by TurboTaxExportsController#download as HTML
  Parameters: {"year"=>"2026"}
  [1m[36mTurboTaxExportInput Load (0.1ms)[0m  [1m[34mSELECT "turbo_tax_export_inputs".* FROM "turbo_tax_export_inputs" WHERE "turbo_tax_export_inputs"."tax_year" = ? LIMIT ?[0m  [["tax_year", 2026], ["LIMIT", 1]]
  [1m[36mTRANSACTION (0.1ms)[0m  [1m[36mbegin transaction[0m
  [1m[36mTurboTaxExportInput Create (0.3ms)[0m  [1m[32mINSERT INTO "turbo_tax_export_inputs" ("tax_year", "business_name", "beginning_inventory_cents", "purchases_cents", "materials_cents", "labor_cents", "other_costs_cents", "ending_inventory_cents", "created_at", "updated_at") VALUES (?, ?, ?, ?, ?, ?, ?, ?, ?, ?)[0m  [["tax_year", 2026], ["business_name", "Amazon Seller Business"], ["beginning_inventory_cents", 0], ["purchases_cents", 0], ["materials_cents", 0], ["labor_cents", 0], ["other_costs_cents", 0], ["ending_inventory_cents", 0], ["created_at", "2026-05-25 15:06:59.768393"], ["updated_at", "2026-05-25 15:06:59.768393"]]
  [1m[36mTRANSACTION (2.5ms)[0m  [1m[36mcommit transaction[0m
  [1m[36mAmazonImportRow Load (0.2ms)[0m  [1m[34mSELECT "amazon_import_rows".* FROM "amazon_import_rows" WHERE "amazon_import_rows"."posted_on" BETWEEN ? AND ? AND "amazon_import_rows"."status" != ?[0m  [["posted_on", "2026-01-01"], ["posted_on", "2026-12-31"], ["status", 2]]
  Rendering text template
  Rendered text template (Duration: 0.0ms | Allocations: 4)
Sent data amazon_seller_2026_schedule_c.txf (1.5ms)
Completed 200 OK in 9ms (Views: 1.3ms | ActiveRecord: 3.2ms | Allocations: 3582)


Started GET "/turbotax-export/download?format_type=instructions&year=2026" for 100.76.45.106 at 2026-05-25 09:07:04 -0600
Processing by TurboTaxExportsController#download as HTML
  Parameters: {"format_type"=>"instructions", "year"=>"2026"}
  [1m[36mTurboTaxExportInput Load (0.1ms)[0m  [1m[34mSELECT "turbo_tax_export_inputs".* FROM "turbo_tax_export_inputs" WHERE "turbo_tax_export_inputs"."tax_year" = ? LIMIT ?[0m  [["tax_year", 2026], ["LIMIT", 1]]
  [1m[36mAmazonImportRow Load (0.2ms)[0m  [1m[34mSELECT "amazon_import_rows".* FROM "amazon_import_rows" WHERE "amazon_import_rows"."posted_on" BETWEEN ? AND ? AND "amazon_import_rows"."status" != ?[0m  [["posted_on", "2026-01-01"], ["posted_on", "2026-12-31"], ["status", 2]]
  Rendering text template
  Rendered text template (Duration: 0.0ms | Allocations: 1)
Sent data amazon_seller_2026_turbotax_instructions.html (0.4ms)
Completed 200 OK in 2ms (Views: 0.3ms | ActiveRecord: 0.3ms | Allocations: 2272)


Started PATCH "/turbotax-export?year=2026" for 100.76.45.106 at 2026-05-25 09:07:14 -0600
Processing by TurboTaxExportsController#update as HTML
  Parameters: {"authenticity_token"=>"U2wHuqi53y_fYMgFdhDNY5dtsjiqyZc6yHAh3gdxk3QruJzmio3k7a4ER4XTbpy3hzabqQrum18k5oNHsd-gXQ", "turbo_tax_export_input"=>{"tax_year"=>"2026", "business_name"=>"Amazon Seller Business", "beginning_inventory_dollars"=>"0.00", "purchases_dollars"=>"0.00", "materials_dollars"=>"0.00", "labor_dollars"=>"0.00", "other_costs_dollars"=>"0.00", "ending_inventory_dollars"=>"0.00"}, "commit"=>"Save COGS inputs", "year"=>"2026"}
  [1m[36mTurboTaxExportInput Load (0.1ms)[0m  [1m[34mSELECT "turbo_tax_export_inputs".* FROM "turbo_tax_export_inputs" WHERE "turbo_tax_export_inputs"."tax_year" = ? LIMIT ?[0m  [["tax_year", 2026], ["LIMIT", 1]]
Redirected to https://nas.tail33d83c.ts.net/turbotax-export?year=2026
Completed 302 Found in 3ms (ActiveRecord: 0.1ms | Allocations: 1533)


Started GET "/turbotax-export?year=2026" for 100.76.45.106 at 2026-05-25 09:07:14 -0600
Processing by TurboTaxExportsController#show as HTML
  Parameters: {"year"=>"2026"}
  [1m[36mTurboTaxExportInput Load (0.1ms)[0m  [1m[34mSELECT "turbo_tax_export_inputs".* FROM "turbo_tax_export_inputs" WHERE "turbo_tax_export_inputs"."tax_year" = ? LIMIT ?[0m  [["tax_year", 2026], ["LIMIT", 1]]
  Rendering layout layouts/application.html.erb
  Rendering turbo_tax_exports/show.html.erb within layouts/application
  [1m[36mAmazonImportRow Load (0.2ms)[0m  [1m[34mSELECT "amazon_import_rows".* FROM "amazon_import_rows" WHERE "amazon_import_rows"."posted_on" BETWEEN ? AND ? AND "amazon_import_rows"."status" != ?[0m  [["posted_on", "2026-01-01"], ["posted_on", "2026-12-31"], ["status", 2]]
  Rendered turbo_tax_exports/show.html.erb within layouts/application (Duration: 4.7ms | Allocations: 5615)
  Rendered layout layouts/application.html.erb (Duration: 5.2ms | Allocations: 5913)
Completed 200 OK in 6ms (Views: 5.3ms | ActiveRecord: 0.3ms | Allocations: 6430)


Started GET "/turbotax-export/download?year=2025" for 127.0.0.1 at 2026-05-25 09:07:18 -0600
Processing by TurboTaxExportsController#download as */*
  Parameters: {"year"=>"2025"}
  [1m[36mTurboTaxExportInput Load (0.1ms)[0m  [1m[34mSELECT "turbo_tax_export_inputs".* FROM "turbo_tax_export_inputs" WHERE "turbo_tax_export_inputs"."tax_year" = ? LIMIT ?[0m  [["tax_year", 2025], ["LIMIT", 1]]
  [1m[36mTRANSACTION (0.0ms)[0m  [1m[36mbegin transaction[0m
  [1m[36mTurboTaxExportInput Create (0.2ms)[0m  [1m[32mINSERT INTO "turbo_tax_export_inputs" ("tax_year", "business_name", "beginning_inventory_cents", "purchases_cents", "materials_cents", "labor_cents", "other_costs_cents", "ending_inventory_cents", "created_at", "updated_at") VALUES (?, ?, ?, ?, ?, ?, ?, ?, ?, ?)[0m  [["tax_year", 2025], ["business_name", "Amazon Seller Business"], ["beginning_inventory_cents", 0], ["purchases_cents", 0], ["materials_cents", 0], ["labor_cents", 0], ["other_costs_cents", 0], ["ending_inventory_cents", 0], ["created_at", "2026-05-25 15:07:18.209430"], ["updated_at", "2026-05-25 15:07:18.209430"]]
  [1m[36mTRANSACTION (1.7ms)[0m  [1m[36mcommit transaction[0m
  [1m[36mAmazonImportRow Load (0.1ms)[0m  [1m[34mSELECT "amazon_import_rows".* FROM "amazon_import_rows" WHERE "amazon_import_rows"."posted_on" BETWEEN ? AND ? AND "amazon_import_rows"."status" != ?[0m  [["posted_on", "2025-01-01"], ["posted_on", "2025-12-31"], ["status", 2]]
  Rendering text template
  Rendered text template (Duration: 0.0ms | Allocations: 1)
Sent data amazon_seller_2025_schedule_c.txf (0.5ms)
Completed 200 OK in 5ms (Views: 0.3ms | ActiveRecord: 2.1ms | Allocations: 1416)


Started GET "/turbotax-export/download?format_type=audit&year=2026" for 100.76.45.106 at 2026-05-25 09:07:27 -0600
Processing by TurboTaxExportsController#download as HTML
  Parameters: {"format_type"=>"audit", "year"=>"2026"}
  [1m[36mTurboTaxExportInput Load (0.1ms)[0m  [1m[34mSELECT "turbo_tax_export_inputs".* FROM "turbo_tax_export_inputs" WHERE "turbo_tax_export_inputs"."tax_year" = ? LIMIT ?[0m  [["tax_year", 2026], ["LIMIT", 1]]
  [1m[36mAmazonImportRow Load (0.3ms)[0m  [1m[34mSELECT "amazon_import_rows".* FROM "amazon_import_rows" WHERE "amazon_import_rows"."posted_on" BETWEEN ? AND ? AND "amazon_import_rows"."status" != ? ORDER BY "amazon_import_rows"."posted_on" ASC, "amazon_import_rows"."source_row_number" ASC[0m  [["posted_on", "2026-01-01"], ["posted_on", "2026-12-31"], ["status", 2]]
  Rendering text template
  Rendered text template (Duration: 0.0ms | Allocations: 1)
Sent data amazon_seller_2026_audit.csv (0.4ms)
Completed 200 OK in 4ms (Views: 0.3ms | ActiveRecord: 0.5ms | Allocations: 3822)


  [1m[36mTurboTaxExportInput Load (0.1ms)[0m  [1m[34mSELECT "turbo_tax_export_inputs".* FROM "turbo_tax_export_inputs" WHERE "turbo_tax_export_inputs"."tax_year" = ? LIMIT ?[0m  [["tax_year", 2025], ["LIMIT", 1]]
  [1m[36mAmazonImportRow Load (0.1ms)[0m  [1m[34mSELECT "amazon_import_rows".* FROM "amazon_import_rows" WHERE "amazon_import_rows"."posted_on" BETWEEN ? AND ? AND "amazon_import_rows"."status" != ?[0m  [["posted_on", "2025-01-01"], ["posted_on", "2025-12-31"], ["status", 2]]
Started GET "/turbotax-export" for 100.76.45.106 at 2026-05-26 13:05:48 -0600
Processing by TurboTaxExportsController#show as HTML
  [1m[36mAmazonImportRow Maximum (0.4ms)[0m  [1m[34mSELECT MAX(strftime('%Y', posted_on)) FROM "amazon_import_rows" WHERE "amazon_import_rows"."posted_on" IS NOT NULL[0m
  [1m[36mTurboTaxExportInput Load (0.1ms)[0m  [1m[34mSELECT "turbo_tax_export_inputs".* FROM "turbo_tax_export_inputs" WHERE "turbo_tax_export_inputs"."tax_year" = ? LIMIT ?[0m  [["tax_year", 2026], ["LIMIT", 1]]
  Rendering layout layouts/application.html.erb
  Rendering turbo_tax_exports/show.html.erb within layouts/application
  [1m[36mAmazonImportRow Load (0.3ms)[0m  [1m[34mSELECT "amazon_import_rows".* FROM "amazon_import_rows" WHERE "amazon_import_rows"."posted_on" BETWEEN ? AND ? AND "amazon_import_rows"."status" != ?[0m  [["posted_on", "2026-01-01"], ["posted_on", "2026-12-31"], ["status", 2]]
  Rendered turbo_tax_exports/show.html.erb within layouts/application (Duration: 8.8ms | Allocations: 10095)
  Rendered layout layouts/application.html.erb (Duration: 9.3ms | Allocations: 10416)
Completed 200 OK in 23ms (Views: 9.8ms | ActiveRecord: 1.7ms | Allocations: 22918)


Started GET "/tax-packet" for 100.76.45.106 at 2026-05-26 13:05:48 -0600
Processing by TaxPacketsController#show as HTML
  [1m[36mAmazonImportRow Load (0.2ms)[0m  [1m[34mSELECT "amazon_import_rows".* FROM "amazon_import_rows" WHERE "amazon_import_rows"."status" = ? AND "amazon_import_rows"."posted_on" BETWEEN ? AND ?[0m  [["status", 1], ["posted_on", "2026-01-01"], ["posted_on", "2026-12-31"]]
  [1m[36mAmazonImportRow Count (0.1ms)[0m  [1m[34mSELECT COUNT(*) FROM "amazon_import_rows" WHERE "amazon_import_rows"."status" = ? AND "amazon_import_rows"."tax_category" = ?[0m  [["status", 0], ["tax_category", "uncategorized"]]
  Rendering layout layouts/application.html.erb
  Rendering tax_packets/show.html.erb within layouts/application
  [1m[36mAmazonImportRow Load (0.2ms)[0m  [1m[34mSELECT "amazon_import_rows".* FROM "amazon_import_rows" WHERE "amazon_import_rows"."status" = ? AND "amazon_import_rows"."posted_on" BETWEEN ? AND ? ORDER BY "amazon_import_rows"."posted_on" ASC, "amazon_import_rows"."source_row_number" ASC[0m  [["status", 1], ["posted_on", "2026-01-01"], ["posted_on", "2026-12-31"]]
  Rendered tax_packets/show.html.erb within layouts/application (Duration: 5.4ms | Allocations: 6736)
  Rendered layout layouts/application.html.erb (Duration: 5.9ms | Allocations: 7288)
Completed 200 OK in 9ms (Views: 6.5ms | ActiveRecord: 0.5ms | Allocations: 9951)


Started GET "/amazon-imports" for 100.76.45.106 at 2026-05-26 13:05:50 -0600
Processing by AmazonImportBatchesController#index as HTML
  Rendering layout layouts/application.html.erb
  Rendering amazon_import_batches/index.html.erb within layouts/application
  [1m[36mAmazonImportBatch Load (0.3ms)[0m  [1m[34mSELECT "amazon_import_batches".* FROM "amazon_import_batches" ORDER BY "amazon_import_batches"."imported_at" DESC[0m
  Rendered amazon_import_batches/index.html.erb within layouts/application (Duration: 2.1ms | Allocations: 2282)
  Rendered layout layouts/application.html.erb (Duration: 2.6ms | Allocations: 2836)
Completed 200 OK in 6ms (Views: 2.9ms | ActiveRecord: 0.3ms | Allocations: 6474)


Started GET "/" for 100.76.45.106 at 2026-05-26 13:05:51 -0600
Processing by DashboardController#index as HTML
  [1m[36mAccount Sum (0.7ms)[0m  [1m[34mSELECT SUM("accounts"."balance_cents") FROM "accounts" WHERE "accounts"."kind" = ?[0m  [["kind", 0]]
  [1m[36mTransaction Sum (0.8ms)[0m  [1m[34mSELECT SUM("transactions"."amount_cents") FROM "transactions" INNER JOIN "accounts" ON "accounts"."id" = "transactions"."credit_account_id" WHERE "transactions"."transacted_on" BETWEEN ? AND ? AND "accounts"."kind" = ?[0m  [["transacted_on", "2026-05-01"], ["transacted_on", "2026-05-31"], ["kind", 3]]
  [1m[36mTransaction Sum (0.3ms)[0m  [1m[34mSELECT SUM("transactions"."amount_cents") FROM "transactions" INNER JOIN "accounts" ON "accounts"."id" = "transactions"."debit_account_id" WHERE "transactions"."transacted_on" BETWEEN ? AND ? AND "accounts"."kind" = ?[0m  [["transacted_on", "2026-05-01"], ["transacted_on", "2026-05-31"], ["kind", 4]]
  [1m[36mInvoice Sum (0.2ms)[0m  [1m[34mSELECT SUM("invoices"."total_cents") FROM "invoices" WHERE "invoices"."status" IN (?, ?)[0m  [["status", 1], ["status", 3]]
  [1m[36mExpense Sum (0.1ms)[0m  [1m[34mSELECT SUM("expenses"."amount_cents") AS "sum_amount_cents", "expenses"."category" AS "expenses_category" FROM "expenses" WHERE "expenses"."spent_on" BETWEEN ? AND ? GROUP BY "expenses"."category"[0m  [["spent_on", "2026-05-01"], ["spent_on", "2026-05-31"]]
  [1m[36mAmazonImportRow Load (0.2ms)[0m  [1m[34mSELECT "amazon_import_rows".* FROM "amazon_import_rows" WHERE "amazon_import_rows"."status" = ? AND "amazon_import_rows"."posted_on" BETWEEN ? AND ?[0m  [["status", 1], ["posted_on", "2026-01-01"], ["posted_on", "2026-12-31"]]
  [1m[36mAmazonImportRow Count (0.1ms)[0m  [1m[34mSELECT COUNT(*) FROM "amazon_import_rows" WHERE "amazon_import_rows"."status" = ? AND "amazon_import_rows"."tax_category" = ?[0m  [["status", 0], ["tax_category", "uncategorized"]]
  [1m[36mAmazonImportRow Count (0.1ms)[0m  [1m[34mSELECT COUNT(*) FROM "amazon_import_rows" WHERE "amazon_import_rows"."status" = ?[0m  [["status", 0]]
  Rendering layout layouts/application.html.erb
  Rendering dashboard/index.html.erb within layouts/application
  [1m[36mTransaction Load (0.1ms)[0m  [1m[34mSELECT "transactions".* FROM "transactions" ORDER BY "transactions"."transacted_on" DESC LIMIT ?[0m  [["LIMIT", 8]]
  [1m[36mAccount Load (0.1ms)[0m  [1m[34mSELECT "accounts".* FROM "accounts" WHERE "accounts"."id" = ?[0m  [["id", 1]]
  [1m[36mAccount Load (0.0ms)[0m  [1m[34mSELECT "accounts".* FROM "accounts" WHERE "accounts"."id" = ?[0m  [["id", 2]]
  Rendered dashboard/index.html.erb within layouts/application (Duration: 5.7ms | Allocations: 6422)
  Rendered layout layouts/application.html.erb (Duration: 6.3ms | Allocations: 6976)
Completed 200 OK in 44ms (Views: 6.9ms | ActiveRecord: 2.5ms | Allocations: 21805)


Started GET "/" for 100.108.203.87 at 2026-05-28 19:08:40 -0600
Processing by DashboardController#index as HTML
  [1m[36mAccount Sum (0.3ms)[0m  [1m[34mSELECT SUM("accounts"."balance_cents") FROM "accounts" WHERE "accounts"."kind" = ?[0m  [["kind", 0]]
  [1m[36mTransaction Sum (0.6ms)[0m  [1m[34mSELECT SUM("transactions"."amount_cents") FROM "transactions" INNER JOIN "accounts" ON "accounts"."id" = "transactions"."credit_account_id" WHERE "transactions"."transacted_on" BETWEEN ? AND ? AND "accounts"."kind" = ?[0m  [["transacted_on", "2026-05-01"], ["transacted_on", "2026-05-31"], ["kind", 3]]
  [1m[36mTransaction Sum (0.2ms)[0m  [1m[34mSELECT SUM("transactions"."amount_cents") FROM "transactions" INNER JOIN "accounts" ON "accounts"."id" = "transactions"."debit_account_id" WHERE "transactions"."transacted_on" BETWEEN ? AND ? AND "accounts"."kind" = ?[0m  [["transacted_on", "2026-05-01"], ["transacted_on", "2026-05-31"], ["kind", 4]]
  [1m[36mInvoice Sum (0.3ms)[0m  [1m[34mSELECT SUM("invoices"."total_cents") FROM "invoices" WHERE "invoices"."status" IN (?, ?)[0m  [["status", 1], ["status", 3]]
  [1m[36mExpense Sum (0.1ms)[0m  [1m[34mSELECT SUM("expenses"."amount_cents") AS "sum_amount_cents", "expenses"."category" AS "expenses_category" FROM "expenses" WHERE "expenses"."spent_on" BETWEEN ? AND ? GROUP BY "expenses"."category"[0m  [["spent_on", "2026-05-01"], ["spent_on", "2026-05-31"]]
  [1m[36mAmazonImportRow Load (0.5ms)[0m  [1m[34mSELECT "amazon_import_rows".* FROM "amazon_import_rows" WHERE "amazon_import_rows"."status" = ? AND "amazon_import_rows"."posted_on" BETWEEN ? AND ?[0m  [["status", 1], ["posted_on", "2026-01-01"], ["posted_on", "2026-12-31"]]
  [1m[36mAmazonImportRow Count (0.1ms)[0m  [1m[34mSELECT COUNT(*) FROM "amazon_import_rows" WHERE "amazon_import_rows"."status" = ? AND "amazon_import_rows"."tax_category" = ?[0m  [["status", 0], ["tax_category", "uncategorized"]]
  [1m[36mAmazonImportRow Count (0.1ms)[0m  [1m[34mSELECT COUNT(*) FROM "amazon_import_rows" WHERE "amazon_import_rows"."status" = ?[0m  [["status", 0]]
  Rendering layout layouts/application.html.erb
  Rendering dashboard/index.html.erb within layouts/application
  [1m[36mTransaction Load (0.1ms)[0m  [1m[34mSELECT "transactions".* FROM "transactions" ORDER BY "transactions"."transacted_on" DESC LIMIT ?[0m  [["LIMIT", 8]]
  [1m[36mAccount Load (0.1ms)[0m  [1m[34mSELECT "accounts".* FROM "accounts" WHERE "accounts"."id" = ?[0m  [["id", 1]]
  [1m[36mAccount Load (0.0ms)[0m  [1m[34mSELECT "accounts".* FROM "accounts" WHERE "accounts"."id" = ?[0m  [["id", 2]]
  Rendered dashboard/index.html.erb within layouts/application (Duration: 17.9ms | Allocations: 10898)
  Rendered layout layouts/application.html.erb (Duration: 22.1ms | Allocations: 11825)
Completed 200 OK in 88ms (Views: 23.8ms | ActiveRecord: 4.6ms | Allocations: 48999)


Started GET "/favicon.ico" for 100.108.203.87 at 2026-05-28 19:08:40 -0600
  
ActionController::RoutingError (No route matches [GET] "/favicon.ico"):
  
Started GET "/turbotax-export" for 100.108.203.87 at 2026-05-28 19:08:41 -0600
Processing by TurboTaxExportsController#show as HTML
  [1m[36mAmazonImportRow Maximum (0.1ms)[0m  [1m[34mSELECT MAX(strftime('%Y', posted_on)) FROM "amazon_import_rows" WHERE "amazon_import_rows"."posted_on" IS NOT NULL[0m
  [1m[36mTurboTaxExportInput Load (0.1ms)[0m  [1m[34mSELECT "turbo_tax_export_inputs".* FROM "turbo_tax_export_inputs" WHERE "turbo_tax_export_inputs"."tax_year" = ? LIMIT ?[0m  [["tax_year", 2026], ["LIMIT", 1]]
Completed 500 Internal Server Error in 10ms (ActiveRecord: 0.5ms | Allocations: 6528)


  
LoadError (cannot load such file -- csv):
  
app/models/turbo_tax_export.rb:1:in '<top (required)>'
app/controllers/turbo_tax_exports_controller.rb:6:in 'TurboTaxExportsController#show'
  [1m[36mTurboTaxExportInput Load (0.1ms)[0m  [1m[34mSELECT "turbo_tax_export_inputs".* FROM "turbo_tax_export_inputs" WHERE "turbo_tax_export_inputs"."tax_year" = ? LIMIT ?[0m  [["tax_year", 2026], ["LIMIT", 1]]
  [1m[36mAmazonImportRow Load (0.3ms)[0m  [1m[34mSELECT "amazon_import_rows".* FROM "amazon_import_rows" WHERE "amazon_import_rows"."posted_on" BETWEEN ? AND ? AND "amazon_import_rows"."status" != ?[0m  [["posted_on", "2026-01-01"], ["posted_on", "2026-12-31"], ["status", 2]]
Started GET "/" for 127.0.0.1 at 2026-05-28 19:59:24 -0600
Started GET "/turbotax-export" for 127.0.0.1 at 2026-05-28 19:59:24 -0600
Started GET "/amazon-imports" for 127.0.0.1 at 2026-05-28 19:59:24 -0600
Processing by AmazonImportBatchesController#index as HTML
Processing by DashboardController#index as HTML
Processing by TurboTaxExportsController#show as HTML
  [1m[36mAccount Sum (0.1ms)[0m  [1m[34mSELECT SUM("accounts"."balance_cents") FROM "accounts" WHERE "accounts"."kind" = ?[0m  [["kind", 0]]
  Rendering layout layouts/application.html.erb
  Rendering amazon_import_batches/index.html.erb within layouts/application
  [1m[36mAmazonImportBatch Load (0.2ms)[0m  [1m[34mSELECT "amazon_import_batches".* FROM "amazon_import_batches" ORDER BY "amazon_import_batches"."imported_at" DESC[0m
  [1m[36mAmazonImportRow Maximum (0.1ms)[0m  [1m[34mSELECT MAX(strftime('%Y', posted_on)) FROM "amazon_import_rows" WHERE "amazon_import_rows"."posted_on" IS NOT NULL[0m
  [1m[36mTurboTaxExportInput Load (0.1ms)[0m  [1m[34mSELECT "turbo_tax_export_inputs".* FROM "turbo_tax_export_inputs" WHERE "turbo_tax_export_inputs"."tax_year" = ? LIMIT ?[0m  [["tax_year", 2026], ["LIMIT", 1]]
  [1m[36mTransaction Sum (0.1ms)[0m  [1m[34mSELECT SUM("transactions"."amount_cents") FROM "transactions" INNER JOIN "accounts" ON "accounts"."id" = "transactions"."credit_account_id" WHERE "transactions"."transacted_on" BETWEEN ? AND ? AND "accounts"."kind" = ?[0m  [["transacted_on", "2026-05-01"], ["transacted_on", "2026-05-31"], ["kind", 3]]
  Rendered amazon_import_batches/index.html.erb within layouts/application (Duration: 8.2ms | Allocations: 5216)
  [1m[36mTransaction Sum (0.1ms)[0m  [1m[34mSELECT SUM("transactions"."amount_cents") FROM "transactions" INNER JOIN "accounts" ON "accounts"."id" = "transactions"."debit_account_id" WHERE "transactions"."transacted_on" BETWEEN ? AND ? AND "accounts"."kind" = ?[0m  [["transacted_on", "2026-05-01"], ["transacted_on", "2026-05-31"], ["kind", 4]]
  [1m[36mInvoice Sum (0.1ms)[0m  [1m[34mSELECT SUM("invoices"."total_cents") FROM "invoices" WHERE "invoices"."status" IN (?, ?)[0m  [["status", 1], ["status", 3]]
  Rendered layout layouts/application.html.erb (Duration: 12.8ms | Allocations: 6303)
Completed 200 OK in 56ms (Views: 15.3ms | ActiveRecord: 1.7ms | Allocations: 23853)


  [1m[36mExpense Sum (0.1ms)[0m  [1m[34mSELECT SUM("expenses"."amount_cents") AS "sum_amount_cents", "expenses"."category" AS "expenses_category" FROM "expenses" WHERE "expenses"."spent_on" BETWEEN ? AND ? GROUP BY "expenses"."category"[0m  [["spent_on", "2026-05-01"], ["spent_on", "2026-05-31"]]
  [1m[36mAmazonImportRow Load (0.2ms)[0m  [1m[34mSELECT "amazon_import_rows".* FROM "amazon_import_rows" WHERE "amazon_import_rows"."status" = ? AND "amazon_import_rows"."posted_on" BETWEEN ? AND ?[0m  [["status", 1], ["posted_on", "2026-01-01"], ["posted_on", "2026-12-31"]]
  Rendering layout layouts/application.html.erb
  Rendering turbo_tax_exports/show.html.erb within layouts/application
  [1m[36mAmazonImportRow Load (0.3ms)[0m  [1m[34mSELECT "amazon_import_rows".* FROM "amazon_import_rows" WHERE "amazon_import_rows"."posted_on" BETWEEN ? AND ? AND "amazon_import_rows"."status" != ?[0m  [["posted_on", "2026-01-01"], ["posted_on", "2026-12-31"], ["status", 2]]
  [1m[36mAmazonImportRow Count (0.1ms)[0m  [1m[34mSELECT COUNT(*) FROM "amazon_import_rows" WHERE "amazon_import_rows"."status" = ? AND "amazon_import_rows"."tax_category" = ?[0m  [["status", 0], ["tax_category", "uncategorized"]]
  [1m[36mAmazonImportRow Count (0.1ms)[0m  [1m[34mSELECT COUNT(*) FROM "amazon_import_rows" WHERE "amazon_import_rows"."status" = ?[0m  [["status", 0]]
  Rendering layout layouts/application.html.erb
  Rendering dashboard/index.html.erb within layouts/application
  [1m[36mTransaction Load (0.2ms)[0m  [1m[34mSELECT "transactions".* FROM "transactions" ORDER BY "transactions"."transacted_on" DESC LIMIT ?[0m  [["LIMIT", 8]]
  Rendered turbo_tax_exports/show.html.erb within layouts/application (Duration: 22.0ms | Allocations: 15741)
  Rendered layout layouts/application.html.erb (Duration: 22.8ms | Allocations: 16557)
Completed 200 OK in 80ms (Views: 24.5ms | ActiveRecord: 2.3ms | Allocations: 44023)


  [1m[36mAccount Load (0.1ms)[0m  [1m[34mSELECT "accounts".* FROM "accounts" WHERE "accounts"."id" = ?[0m  [["id", 1]]
  [1m[36mAccount Load (0.1ms)[0m  [1m[34mSELECT "accounts".* FROM "accounts" WHERE "accounts"."id" = ?[0m  [["id", 2]]
  Rendered dashboard/index.html.erb within layouts/application (Duration: 20.6ms | Allocations: 10886)
  Rendered layout layouts/application.html.erb (Duration: 24.2ms | Allocations: 11971)
Completed 200 OK in 99ms (Views: 26.3ms | ActiveRecord: 3.4ms | Allocations: 49076)


Started GET "/turbotax-export" for 100.108.203.87 at 2026-05-28 20:02:41 -0600
Processing by TurboTaxExportsController#show as HTML
  [1m[36mAmazonImportRow Maximum (0.1ms)[0m  [1m[34mSELECT MAX(strftime('%Y', posted_on)) FROM "amazon_import_rows" WHERE "amazon_import_rows"."posted_on" IS NOT NULL[0m
  [1m[36mTurboTaxExportInput Load (0.1ms)[0m  [1m[34mSELECT "turbo_tax_export_inputs".* FROM "turbo_tax_export_inputs" WHERE "turbo_tax_export_inputs"."tax_year" = ? LIMIT ?[0m  [["tax_year", 2026], ["LIMIT", 1]]
  Rendering layout layouts/application.html.erb
  Rendering turbo_tax_exports/show.html.erb within layouts/application
  [1m[36mAmazonImportRow Load (0.3ms)[0m  [1m[34mSELECT "amazon_import_rows".* FROM "amazon_import_rows" WHERE "amazon_import_rows"."posted_on" BETWEEN ? AND ? AND "amazon_import_rows"."status" != ?[0m  [["posted_on", "2026-01-01"], ["posted_on", "2026-12-31"], ["status", 2]]
  Rendered turbo_tax_exports/show.html.erb within layouts/application (Duration: 19.0ms | Allocations: 15872)
  Rendered layout layouts/application.html.erb (Duration: 20.0ms | Allocations: 16727)
Completed 200 OK in 70ms (Views: 21.8ms | ActiveRecord: 2.0ms | Allocations: 44237)


Started GET "/" for 100.108.203.87 at 2026-05-28 20:02:46 -0600
Processing by DashboardController#index as HTML
  [1m[36mAccount Sum (0.1ms)[0m  [1m[34mSELECT SUM("accounts"."balance_cents") FROM "accounts" WHERE "accounts"."kind" = ?[0m  [["kind", 0]]
  [1m[36mTransaction Sum (0.1ms)[0m  [1m[34mSELECT SUM("transactions"."amount_cents") FROM "transactions" INNER JOIN "accounts" ON "accounts"."id" = "transactions"."credit_account_id" WHERE "transactions"."transacted_on" BETWEEN ? AND ? AND "accounts"."kind" = ?[0m  [["transacted_on", "2026-05-01"], ["transacted_on", "2026-05-31"], ["kind", 3]]
  [1m[36mTransaction Sum (0.1ms)[0m  [1m[34mSELECT SUM("transactions"."amount_cents") FROM "transactions" INNER JOIN "accounts" ON "accounts"."id" = "transactions"."debit_account_id" WHERE "transactions"."transacted_on" BETWEEN ? AND ? AND "accounts"."kind" = ?[0m  [["transacted_on", "2026-05-01"], ["transacted_on", "2026-05-31"], ["kind", 4]]
  [1m[36mInvoice Sum (0.1ms)[0m  [1m[34mSELECT SUM("invoices"."total_cents") FROM "invoices" WHERE "invoices"."status" IN (?, ?)[0m  [["status", 1], ["status", 3]]
  [1m[36mExpense Sum (0.1ms)[0m  [1m[34mSELECT SUM("expenses"."amount_cents") AS "sum_amount_cents", "expenses"."category" AS "expenses_category" FROM "expenses" WHERE "expenses"."spent_on" BETWEEN ? AND ? GROUP BY "expenses"."category"[0m  [["spent_on", "2026-05-01"], ["spent_on", "2026-05-31"]]
  [1m[36mAmazonImportRow Load (0.2ms)[0m  [1m[34mSELECT "amazon_import_rows".* FROM "amazon_import_rows" WHERE "amazon_import_rows"."status" = ? AND "amazon_import_rows"."posted_on" BETWEEN ? AND ?[0m  [["status", 1], ["posted_on", "2026-01-01"], ["posted_on", "2026-12-31"]]
  [1m[36mAmazonImportRow Count (0.1ms)[0m  [1m[34mSELECT COUNT(*) FROM "amazon_import_rows" WHERE "amazon_import_rows"."status" = ? AND "amazon_import_rows"."tax_category" = ?[0m  [["status", 0], ["tax_category", "uncategorized"]]
  [1m[36mAmazonImportRow Count (0.1ms)[0m  [1m[34mSELECT COUNT(*) FROM "amazon_import_rows" WHERE "amazon_import_rows"."status" = ?[0m  [["status", 0]]
  Rendering layout layouts/application.html.erb
  Rendering dashboard/index.html.erb within layouts/application
  [1m[36mTransaction Load (0.1ms)[0m  [1m[34mSELECT "transactions".* FROM "transactions" ORDER BY "transactions"."transacted_on" DESC LIMIT ?[0m  [["LIMIT", 8]]
  [1m[36mAccount Load (0.1ms)[0m  [1m[34mSELECT "accounts".* FROM "accounts" WHERE "accounts"."id" = ?[0m  [["id", 1]]
  [1m[36mAccount Load (0.0ms)[0m  [1m[34mSELECT "accounts".* FROM "accounts" WHERE "accounts"."id" = ?[0m  [["id", 2]]
  Rendered dashboard/index.html.erb within layouts/application (Duration: 14.9ms | Allocations: 9541)
  Rendered layout layouts/application.html.erb (Duration: 15.5ms | Allocations: 10009)
Completed 200 OK in 30ms (Views: 15.9ms | ActiveRecord: 1.8ms | Allocations: 19016)


Started GET "/amazon-imports" for 100.108.203.87 at 2026-05-28 20:02:47 -0600
Processing by AmazonImportBatchesController#index as HTML
  Rendering layout layouts/application.html.erb
  Rendering amazon_import_batches/index.html.erb within layouts/application
  [1m[36mAmazonImportBatch Load (0.1ms)[0m  [1m[34mSELECT "amazon_import_batches".* FROM "amazon_import_batches" ORDER BY "amazon_import_batches"."imported_at" DESC[0m
  Rendered amazon_import_batches/index.html.erb within layouts/application (Duration: 4.1ms | Allocations: 3465)
  Rendered layout layouts/application.html.erb (Duration: 4.8ms | Allocations: 3925)
Completed 200 OK in 9ms (Views: 5.3ms | ActiveRecord: 0.4ms | Allocations: 6192)


Started GET "/tax-packet" for 100.108.203.87 at 2026-05-28 20:02:48 -0600
Processing by TaxPacketsController#show as HTML
  [1m[36mAmazonImportRow Load (0.2ms)[0m  [1m[34mSELECT "amazon_import_rows".* FROM "amazon_import_rows" WHERE "amazon_import_rows"."status" = ? AND "amazon_import_rows"."posted_on" BETWEEN ? AND ?[0m  [["status", 1], ["posted_on", "2026-01-01"], ["posted_on", "2026-12-31"]]
  [1m[36mAmazonImportRow Count (0.1ms)[0m  [1m[34mSELECT COUNT(*) FROM "amazon_import_rows" WHERE "amazon_import_rows"."status" = ? AND "amazon_import_rows"."tax_category" = ?[0m  [["status", 0], ["tax_category", "uncategorized"]]
  Rendering layout layouts/application.html.erb
  Rendering tax_packets/show.html.erb within layouts/application
  [1m[36mAmazonImportRow Load (0.2ms)[0m  [1m[34mSELECT "amazon_import_rows".* FROM "amazon_import_rows" WHERE "amazon_import_rows"."status" = ? AND "amazon_import_rows"."posted_on" BETWEEN ? AND ? ORDER BY "amazon_import_rows"."posted_on" ASC, "amazon_import_rows"."source_row_number" ASC[0m  [["status", 1], ["posted_on", "2026-01-01"], ["posted_on", "2026-12-31"]]
  Rendered tax_packets/show.html.erb within layouts/application (Duration: 5.0ms | Allocations: 5502)
  Rendered layout layouts/application.html.erb (Duration: 5.5ms | Allocations: 5964)
Completed 200 OK in 8ms (Views: 6.0ms | ActiveRecord: 0.5ms | Allocations: 7676)


Started GET "/amazon-imports" for 100.108.203.87 at 2026-05-28 20:02:59 -0600
Processing by AmazonImportBatchesController#index as HTML
  Rendering layout layouts/application.html.erb
  Rendering amazon_import_batches/index.html.erb within layouts/application
  [1m[36mAmazonImportBatch Load (0.1ms)[0m  [1m[34mSELECT "amazon_import_batches".* FROM "amazon_import_batches" ORDER BY "amazon_import_batches"."imported_at" DESC[0m
  Rendered amazon_import_batches/index.html.erb within layouts/application (Duration: 1.1ms | Allocations: 409)
  Rendered layout layouts/application.html.erb (Duration: 1.8ms | Allocations: 822)
Completed 200 OK in 3ms (Views: 2.2ms | ActiveRecord: 0.1ms | Allocations: 1068)


Started GET "/" for 100.108.203.87 at 2026-05-28 20:28:11 -0600
Processing by DashboardController#index as HTML
  [1m[36mAccount Sum (0.1ms)[0m  [1m[34mSELECT SUM("accounts"."balance_cents") FROM "accounts" WHERE "accounts"."kind" = ?[0m  [["kind", 0]]
  [1m[36mTransaction Sum (0.1ms)[0m  [1m[34mSELECT SUM("transactions"."amount_cents") FROM "transactions" INNER JOIN "accounts" ON "accounts"."id" = "transactions"."credit_account_id" WHERE "transactions"."transacted_on" BETWEEN ? AND ? AND "accounts"."kind" = ?[0m  [["transacted_on", "2026-05-01"], ["transacted_on", "2026-05-31"], ["kind", 3]]
  [1m[36mTransaction Sum (0.1ms)[0m  [1m[34mSELECT SUM("transactions"."amount_cents") FROM "transactions" INNER JOIN "accounts" ON "accounts"."id" = "transactions"."debit_account_id" WHERE "transactions"."transacted_on" BETWEEN ? AND ? AND "accounts"."kind" = ?[0m  [["transacted_on", "2026-05-01"], ["transacted_on", "2026-05-31"], ["kind", 4]]
  [1m[36mInvoice Sum (0.1ms)[0m  [1m[34mSELECT SUM("invoices"."total_cents") FROM "invoices" WHERE "invoices"."status" IN (?, ?)[0m  [["status", 1], ["status", 3]]
  [1m[36mExpense Sum (0.1ms)[0m  [1m[34mSELECT SUM("expenses"."amount_cents") AS "sum_amount_cents", "expenses"."category" AS "expenses_category" FROM "expenses" WHERE "expenses"."spent_on" BETWEEN ? AND ? GROUP BY "expenses"."category"[0m  [["spent_on", "2026-05-01"], ["spent_on", "2026-05-31"]]
  [1m[36mAmazonImportRow Load (0.2ms)[0m  [1m[34mSELECT "amazon_import_rows".* FROM "amazon_import_rows" WHERE "amazon_import_rows"."status" = ? AND "amazon_import_rows"."posted_on" BETWEEN ? AND ?[0m  [["status", 1], ["posted_on", "2026-01-01"], ["posted_on", "2026-12-31"]]
  [1m[36mAmazonImportRow Count (0.1ms)[0m  [1m[34mSELECT COUNT(*) FROM "amazon_import_rows" WHERE "amazon_import_rows"."status" = ? AND "amazon_import_rows"."tax_category" = ?[0m  [["status", 0], ["tax_category", "uncategorized"]]
  [1m[36mAmazonImportRow Count (0.1ms)[0m  [1m[34mSELECT COUNT(*) FROM "amazon_import_rows" WHERE "amazon_import_rows"."status" = ?[0m  [["status", 0]]
  Rendering layout layouts/application.html.erb
  Rendering dashboard/index.html.erb within layouts/application
  [1m[36mTransaction Load (0.2ms)[0m  [1m[34mSELECT "transactions".* FROM "transactions" ORDER BY "transactions"."transacted_on" DESC LIMIT ?[0m  [["LIMIT", 8]]
  [1m[36mAccount Load (0.1ms)[0m  [1m[34mSELECT "accounts".* FROM "accounts" WHERE "accounts"."id" = ?[0m  [["id", 1]]
  [1m[36mAccount Load (0.0ms)[0m  [1m[34mSELECT "accounts".* FROM "accounts" WHERE "accounts"."id" = ?[0m  [["id", 2]]
  Rendered dashboard/index.html.erb within layouts/application (Duration: 2.5ms | Allocations: 2426)
  Rendered layout layouts/application.html.erb (Duration: 3.0ms | Allocations: 2850)
Completed 200 OK in 8ms (Views: 3.0ms | ActiveRecord: 1.1ms | Allocations: 5822)


Started GET "/" for 100.108.203.87 at 2026-05-28 20:41:51 -0600
Processing by DashboardController#index as HTML
  [1m[36mAccount Sum (0.1ms)[0m  [1m[34mSELECT SUM("accounts"."balance_cents") FROM "accounts" WHERE "accounts"."kind" = ?[0m  [["kind", 0]]
  [1m[36mTransaction Sum (0.1ms)[0m  [1m[34mSELECT SUM("transactions"."amount_cents") FROM "transactions" INNER JOIN "accounts" ON "accounts"."id" = "transactions"."credit_account_id" WHERE "transactions"."transacted_on" BETWEEN ? AND ? AND "accounts"."kind" = ?[0m  [["transacted_on", "2026-05-01"], ["transacted_on", "2026-05-31"], ["kind", 3]]
  [1m[36mTransaction Sum (0.1ms)[0m  [1m[34mSELECT SUM("transactions"."amount_cents") FROM "transactions" INNER JOIN "accounts" ON "accounts"."id" = "transactions"."debit_account_id" WHERE "transactions"."transacted_on" BETWEEN ? AND ? AND "accounts"."kind" = ?[0m  [["transacted_on", "2026-05-01"], ["transacted_on", "2026-05-31"], ["kind", 4]]
  [1m[36mInvoice Sum (0.1ms)[0m  [1m[34mSELECT SUM("invoices"."total_cents") FROM "invoices" WHERE "invoices"."status" IN (?, ?)[0m  [["status", 1], ["status", 3]]
  [1m[36mExpense Sum (0.1ms)[0m  [1m[34mSELECT SUM("expenses"."amount_cents") AS "sum_amount_cents", "expenses"."category" AS "expenses_category" FROM "expenses" WHERE "expenses"."spent_on" BETWEEN ? AND ? GROUP BY "expenses"."category"[0m  [["spent_on", "2026-05-01"], ["spent_on", "2026-05-31"]]
  [1m[36mAmazonImportRow Load (0.4ms)[0m  [1m[34mSELECT "amazon_import_rows".* FROM "amazon_import_rows" WHERE "amazon_import_rows"."status" = ? AND "amazon_import_rows"."posted_on" BETWEEN ? AND ?[0m  [["status", 1], ["posted_on", "2026-01-01"], ["posted_on", "2026-12-31"]]
  [1m[36mAmazonImportRow Count (0.1ms)[0m  [1m[34mSELECT COUNT(*) FROM "amazon_import_rows" WHERE "amazon_import_rows"."status" = ? AND "amazon_import_rows"."tax_category" = ?[0m  [["status", 0], ["tax_category", "uncategorized"]]
  [1m[36mAmazonImportRow Count (0.1ms)[0m  [1m[34mSELECT COUNT(*) FROM "amazon_import_rows" WHERE "amazon_import_rows"."status" = ?[0m  [["status", 0]]
  Rendering layout layouts/application.html.erb
  Rendering dashboard/index.html.erb within layouts/application
  [1m[36mTransaction Load (0.2ms)[0m  [1m[34mSELECT "transactions".* FROM "transactions" ORDER BY "transactions"."transacted_on" DESC LIMIT ?[0m  [["LIMIT", 8]]
  [1m[36mAccount Load (0.2ms)[0m  [1m[34mSELECT "accounts".* FROM "accounts" WHERE "accounts"."id" = ?[0m  [["id", 1]]
  [1m[36mAccount Load (0.1ms)[0m  [1m[34mSELECT "accounts".* FROM "accounts" WHERE "accounts"."id" = ?[0m  [["id", 2]]
  Rendered dashboard/index.html.erb within layouts/application (Duration: 4.8ms | Allocations: 2428)
  Rendered layout layouts/application.html.erb (Duration: 5.7ms | Allocations: 2864)
Completed 200 OK in 14ms (Views: 5.7ms | ActiveRecord: 1.6ms | Allocations: 5831)


Started GET "/turbotax-export" for 100.108.203.87 at 2026-05-28 20:42:19 -0600
Processing by TurboTaxExportsController#show as HTML
  [1m[36mAmazonImportRow Maximum (0.1ms)[0m  [1m[34mSELECT MAX(strftime('%Y', posted_on)) FROM "amazon_import_rows" WHERE "amazon_import_rows"."posted_on" IS NOT NULL[0m
  [1m[36mTurboTaxExportInput Load (0.1ms)[0m  [1m[34mSELECT "turbo_tax_export_inputs".* FROM "turbo_tax_export_inputs" WHERE "turbo_tax_export_inputs"."tax_year" = ? LIMIT ?[0m  [["tax_year", 2026], ["LIMIT", 1]]
  Rendering layout layouts/application.html.erb
  Rendering turbo_tax_exports/show.html.erb within layouts/application
  [1m[36mAmazonImportRow Load (0.8ms)[0m  [1m[34mSELECT "amazon_import_rows".* FROM "amazon_import_rows" WHERE "amazon_import_rows"."posted_on" BETWEEN ? AND ? AND "amazon_import_rows"."status" != ?[0m  [["posted_on", "2026-01-01"], ["posted_on", "2026-12-31"], ["status", 2]]
  Rendered turbo_tax_exports/show.html.erb within layouts/application (Duration: 5.1ms | Allocations: 5143)
  Rendered layout layouts/application.html.erb (Duration: 5.5ms | Allocations: 5432)
Completed 200 OK in 7ms (Views: 5.0ms | ActiveRecord: 1.1ms | Allocations: 6001)


Started GET "/turbotax-export" for 100.108.203.87 at 2026-05-28 20:42:48 -0600
Processing by TurboTaxExportsController#show as HTML
  [1m[36mAmazonImportRow Maximum (0.2ms)[0m  [1m[34mSELECT MAX(strftime('%Y', posted_on)) FROM "amazon_import_rows" WHERE "amazon_import_rows"."posted_on" IS NOT NULL[0m
  [1m[36mTurboTaxExportInput Load (0.1ms)[0m  [1m[34mSELECT "turbo_tax_export_inputs".* FROM "turbo_tax_export_inputs" WHERE "turbo_tax_export_inputs"."tax_year" = ? LIMIT ?[0m  [["tax_year", 2026], ["LIMIT", 1]]
  Rendering layout layouts/application.html.erb
  Rendering turbo_tax_exports/show.html.erb within layouts/application
  [1m[36mAmazonImportRow Load (0.2ms)[0m  [1m[34mSELECT "amazon_import_rows".* FROM "amazon_import_rows" WHERE "amazon_import_rows"."posted_on" BETWEEN ? AND ? AND "amazon_import_rows"."status" != ?[0m  [["posted_on", "2026-01-01"], ["posted_on", "2026-12-31"], ["status", 2]]
  Rendered turbo_tax_exports/show.html.erb within layouts/application (Duration: 6.2ms | Allocations: 5047)
  Rendered layout layouts/application.html.erb (Duration: 6.6ms | Allocations: 5336)
Completed 200 OK in 8ms (Views: 6.7ms | ActiveRecord: 0.5ms | Allocations: 5854)


